kernel_name,case,status,failure_reason
_gelu_fwd_kernel,mojo_opset/tests/perf/test_activation.py::test_gelu[x0],PASSED,
_gelu_fwd_kernel,mojo_opset/tests/perf/test_activation.py::test_gelu[x1],PASSED,
_silu_fwd_flatten_kernel,mojo_opset/tests/perf/test_activation.py::test_silu[x0],PASSED,
_silu_fwd_flatten_kernel,mojo_opset/tests/perf/test_activation.py::test_silu[x1],PASSED,
_silu_fwd_flatten_kernel,mojo_opset/tests/perf/test_activation.py::test_silu[x2],PASSED,
_silu_fwd_flatten_kernel,mojo_opset/tests/perf/test_activation.py::test_silu[x3],PASSED,
_silu_bwd_flatten_kernel,mojo_opset/tests/perf/test_activation.py::test_silu_forward_backward_diff[shape0],PASSED,
_silu_bwd_flatten_kernel,mojo_opset/tests/perf/test_activation.py::test_silu_forward_backward_diff[shape1],PASSED,
_silu_bwd_flatten_kernel,mojo_opset/tests/perf/test_activation.py::test_silu_forward_backward_diff[shape2],PASSED,
_swiglu_fwd_kernel,mojo_opset/tests/perf/test_activation.py::test_swiglu[shape0],PASSED,
_swiglu_fwd_kernel,mojo_opset/tests/perf/test_activation.py::test_swiglu[shape1],PASSED,
_swiglu_fwd_kernel,mojo_opset/tests/perf/test_activation.py::test_swiglu[shape2],PASSED,
paged_decode_kernel,mojo_opset/tests/perf/test_attention.py::test_paged_decode_gqa[AABB-M_BF16],PASSED,
paged_decode_kernel,mojo_opset/tests/perf/test_attention.py::test_paged_decode_gqa[AABB-M_BF16_PADDIM],PASSED,
paged_decode_fd_kernel,mojo_opset/tests/perf/test_attention.py::test_paged_decode_gqa[AABB-M_BF16_LONG],PASSED,
paged_decode_fd_reduce_kernel,mojo_opset/tests/perf/test_attention.py::test_paged_decode_gqa[AABB-M_BF16_LONG],PASSED,
paged_decode_kernel,mojo_opset/tests/perf/test_attention.py::test_paged_decode_gqa[AABB-M_BF16_BIGPAGE],PASSED,
paged_decode_kernel,mojo_opset/tests/perf/test_attention.py::test_paged_decode_gqa[AABB-M_BF16_PADSEQ],PASSED,
paged_decode_fd_kernel,mojo_opset/tests/perf/test_attention.py::test_paged_decode_gqa[AABB-M_BF16_LONG_16384],PASSED,
UNRESOLVED,mojo_opset/tests/perf/test_attention.py::test_paged_decode_gqa[AABB-M_BF16_LONG_32768],PASSED,
paged_prefill_page_aggregation_kernel,mojo_opset/tests/perf/test_attention.py::test_paged_prefill_gqa[AABB-M_BF16],PASSED,
paged_prefill_kernel,mojo_opset/tests/perf/test_attention.py::test_paged_prefill_gqa[AABB-M_BF16_PADDIM],PASSED,
paged_prefill_kernel,mojo_opset/tests/perf/test_attention.py::test_paged_prefill_gqa[AABB-M_BF16_WITH_CACHE],PASSED,
paged_prefill_kernel,mojo_opset/tests/perf/test_attention.py::test_paged_prefill_gqa[AABB-M_BF16_BIGPAGE],PASSED,
paged_prefill_kernel,mojo_opset/tests/perf/test_attention.py::test_paged_prefill_gqa[AABB-M_BF16_PADSEQ],PASSED,
UNRESOLVED,mojo_opset/tests/perf/test_attention.py::test_paged_prefill_gqa[AABB-M_BF16_WITH_CACHE_16384],PASSED,
UNRESOLVED,mojo_opset/tests/perf/test_attention.py::test_paged_prefill_gqa[AABB-M_BF16_WITH_CACHE_32768],PASSED,
paged_prefill_kernel,mojo_opset/tests/perf/test_attention.py::test_paged_prefill_gqa[AABB-M_BF16_128K_FULL],PASSED,
_sdpa_infer_kernel,mojo_opset/tests/perf/test_attention.py::test_sdpa[query0-key0-value0-blockwise_diffusion_attn_mask0-True],PASSED,
_swa_paged_prefill_aggregation_kernel,mojo_opset/tests/perf/test_attention.py::test_paged_prefill_swa[AABB-4-1023-M_BF16],PASSED,
_swa_paged_prefill_kernel,mojo_opset/tests/perf/test_attention.py::test_paged_prefill_swa[AABB-4-1023-M_BF16_PADDIM],PASSED,
_swa_paged_prefill_kernel,mojo_opset/tests/perf/test_attention.py::test_paged_prefill_swa[AABB-4-1023-M_BF16_WITH_CACHE],PASSED,
_swa_paged_prefill_kernel,mojo_opset/tests/perf/test_attention.py::test_paged_prefill_swa[AABB-4-1023-M_BF16_BIGPAGE],PASSED,
_swa_paged_prefill_kernel,mojo_opset/tests/perf/test_attention.py::test_paged_prefill_swa[AABB-4-1023-M_BF16_PADSEQ],PASSED,
_swa_paged_prefill_kernel,mojo_opset/tests/perf/test_attention.py::test_paged_prefill_swa[AABB-4-1023-M_BF16_GROUP1],PASSED,
_swa_paged_prefill_kernel,mojo_opset/tests/perf/test_attention.py::test_paged_prefill_swa[AABB-4-1023-M_BF16_GROUP2],PASSED,
UNRESOLVED,mojo_opset/tests/perf/test_attention.py::test_paged_prefill_swa[AABB-4-1023-M_BF16_WITH_CACHE_16348],PASSED,
UNRESOLVED,mojo_opset/tests/perf/test_attention.py::test_paged_prefill_swa[AABB-4-1023-M_BF16_WITH_CACHE_32768],PASSED,
_swa_paged_decode_kernel,mojo_opset/tests/perf/test_attention.py::test_paged_decode_swa[AABB-4-1023-M_BF16_0],PASSED,
_swa_paged_decode_kernel,mojo_opset/tests/perf/test_attention.py::test_paged_decode_swa[AABB-4-1023-M_BF16_PADDIM0],PASSED,
UNRESOLVED,mojo_opset/tests/perf/test_attention.py::test_paged_decode_swa[AABB-4-1023-M_BF16_LONG0],PASSED,
_swa_paged_decode_kernel,mojo_opset/tests/perf/test_attention.py::test_paged_decode_swa[AABB-4-1023-M_BF16_1],PASSED,
UNRESOLVED,mojo_opset/tests/perf/test_attention.py::test_paged_decode_swa[AABB-4-1023-M_BF16_PADDIM1],PASSED,
_swa_paged_decode_kernel,mojo_opset/tests/perf/test_attention.py::test_paged_decode_swa[AABB-4-1023-M_BF16_LONG1],PASSED,
_swa_paged_decode_kernel,mojo_opset/tests/perf/test_attention.py::test_paged_decode_swa[AABB-4-1023-M_BF16_BIGPAGE],PASSED,
_swa_paged_decode_kernel,mojo_opset/tests/perf/test_attention.py::test_paged_decode_swa[AABB-4-1023-M_BF16_PADSEQ],PASSED,
_swa_paged_decode_kernel,mojo_opset/tests/perf/test_attention.py::test_paged_decode_swa[AABB-4-1023-M_BF16_GROUP1],PASSED,
_swa_paged_decode_kernel,mojo_opset/tests/perf/test_attention.py::test_paged_decode_swa[AABB-4-1023-M_BF16_GROUP2],PASSED,
UNRESOLVED,mojo_opset/tests/perf/test_attention.py::test_paged_decode_swa[AABB-4-1023-M_BF16_LONG_16384],PASSED,
UNRESOLVED,mojo_opset/tests/perf/test_attention.py::test_paged_decode_swa[AABB-4-1023-M_BF16_LONG_32768],PASSED,
_sdpa_infer_kernel,mojo_opset/tests/perf/test_attention.py::test_swa_infer[AABB-4-1023-M_BF16],PASSED,
_sdpa_infer_kernel,mojo_opset/tests/perf/test_attention.py::test_swa_infer[AABB-4-1023-M_BF16_PADDIM],PASSED,
UNRESOLVED,mojo_opset/tests/perf/test_attention.py::test_swa_infer[AABB-4-1023-M_BF16_WITH_CACHE],PASSED,
_swa_bwd_dkdv_kernel,mojo_opset/tests/perf/test_attention_swa_mfu.py::test_swa_function_perf[False-4-1023-M_BF16_1024],PASSED,
_swa_bwd_dq_kernel,mojo_opset/tests/perf/test_attention_swa_mfu.py::test_swa_function_perf[False-4-1023-M_BF16_1024],PASSED,
_swa_bwd_preprocess,mojo_opset/tests/perf/test_attention_swa_mfu.py::test_swa_function_perf[False-4-1023-M_BF16_1024],PASSED,
_swa_fwd_kernel,mojo_opset/tests/perf/test_attention_swa_mfu.py::test_swa_function_perf[False-4-1023-M_BF16_1024],PASSED,
UNRESOLVED,mojo_opset/tests/perf/test_attention_swa_mfu.py::test_swa_function_perf[False-4-1023-M_BF16_2048],PASSED,
UNRESOLVED,mojo_opset/tests/perf/test_attention_swa_mfu.py::test_swa_function_perf[False-4-1023-M_BF16_4096],PASSED,
UNRESOLVED,mojo_opset/tests/perf/test_attention_swa_mfu.py::test_swa_function_perf[False-4-1023-M_BF16_8192],PASSED,
UNRESOLVED,mojo_opset/tests/perf/test_attention_swa_mfu.py::test_swa_function_perf[False-4-1023-M_BF16_16384],PASSED,
UNRESOLVED,mojo_opset/tests/perf/test_attention_swa_mfu.py::test_swa_function_perf[False-4-1023-M_BF16_32768],PASSED,
UNRESOLVED,mojo_opset/tests/perf/test_attention_swa_mfu.py::test_swa_function_perf[False-4-1023-M_BF16_65536],PASSED,
UNRESOLVED,mojo_opset/tests/perf/test_attention_swa_mfu.py::test_swa_function_perf[False-4-1023-M_BF16_131072],PASSED,
causal_conv1d_update_kernel_bdt_fwd,mojo_opset/tests/perf/test_convolution.py::test_causal_conv1d_update_state[hidden_states0-conv_state0-weight0-None-swish],PASSED,
causal_conv1d_update_kernel_bdt_fwd,mojo_opset/tests/perf/test_convolution.py::test_causal_conv1d_update_state[hidden_states1-conv_state1-weight1-None-swish],PASSED,
causal_conv1d_update_kernel_bdt_fwd,mojo_opset/tests/perf/test_convolution.py::test_causal_conv1d_update_state[hidden_states2-conv_state2-weight2-None-swish],PASSED,
causal_conv1d_update_kernel_bdt_fwd,mojo_opset/tests/perf/test_convolution.py::test_causal_conv1d_update_state[hidden_states3-conv_state3-weight3-None-swish],PASSED,
causal_conv1d_update_kernel_bdt_fwd,mojo_opset/tests/perf/test_convolution.py::test_causal_conv1d_update_state[hidden_states4-conv_state4-weight4-None-None],PASSED,
causal_conv1d_update_kernel_bdt_fwd,mojo_opset/tests/perf/test_convolution.py::test_causal_conv1d_update_state[hidden_states5-conv_state5-weight5-None-None],PASSED,
causal_conv1d_update_kernel_bdt_fwd,mojo_opset/tests/perf/test_convolution.py::test_causal_conv1d_update_state[hidden_states6-conv_state6-weight6-None-None],PASSED,
create_mask_kernel,mojo_opset/tests/perf/test_flex_attention_mfu.py::test_flex_attention_perf[sparse_2000_22000],PASSED,
flex_attention_backward_dkdv_kernel_tasklist,mojo_opset/tests/perf/test_flex_attention_mfu.py::test_flex_attention_perf[sparse_2000_22000],PASSED,
flex_attention_backward_dq_kernel,mojo_opset/tests/perf/test_flex_attention_mfu.py::test_flex_attention_perf[sparse_2000_22000],PASSED,
flex_attention_kernel,mojo_opset/tests/perf/test_flex_attention_mfu.py::test_flex_attention_perf[sparse_2000_22000],PASSED,
create_mask_kernel,mojo_opset/tests/perf/test_flex_attention_mfu.py::test_flex_attention_perf[full_2000_22000],PASSED,
flex_attention_backward_dkdv_kernel,mojo_opset/tests/perf/test_flex_attention_mfu.py::test_flex_attention_perf[full_2000_22000],PASSED,
create_mask_kernel,mojo_opset/tests/perf/test_flex_attention_mfu.py::test_flex_attention_perf[cross_2000_22000],PASSED,
create_mask_kernel,mojo_opset/tests/perf/test_flex_attention_mfu.py::test_flex_attention_perf[video_stair_6500],PASSED,
create_mask_kernel,mojo_opset/tests/perf/test_flex_attention_mfu.py::test_flex_attention_perf[stair_6500],PASSED,
_m_grouped_matmul_bNmajor_kernel,mojo_opset/tests/perf/test_gemm.py::test_group_gemm[input0-weight0-group_list0-False],PASSED,
_m_grouped_matmul_bNmajor_kernel,mojo_opset/tests/perf/test_gemm.py::test_group_gemm[input1-weight1-group_list1-False],PASSED,
_m_grouped_matmul_bNmajor_kernel,mojo_opset/tests/perf/test_gemm.py::test_group_gemm[input2-weight2-group_list2-False],PASSED,
_m_grouped_matmul_bNmajor_kernel,mojo_opset/tests/perf/test_gemm.py::test_group_gemm[input3-weight3-group_list3-False],PASSED,
_m_grouped_matmul_bKmajor_kernel,mojo_opset/tests/perf/test_gemm.py::test_group_gemm[input4-weight4-group_list4-True],PASSED,
_m_grouped_matmul_bKmajor_kernel,mojo_opset/tests/perf/test_gemm.py::test_group_gemm[input5-weight5-group_list5-True],PASSED,
_m_grouped_matmul_bNmajor_kernel,mojo_opset/tests/perf/test_gemm.py::test_group_gemm[single_group_fp=fp16],PASSED,
_m_grouped_matmul_bNmajor_kernel,mojo_opset/tests/perf/test_gemm.py::test_group_gemm[single_group_fp=bf16],PASSED,
_m_grouped_matmul_bNmajor_kernel,mojo_opset/tests/perf/test_gemm.py::test_group_gemm[uneven_groups_fp=fp16],PASSED,
_m_grouped_matmul_bNmajor_kernel,mojo_opset/tests/perf/test_gemm.py::test_group_gemm[uneven_groups_fp=bf16],PASSED,
_m_grouped_matmul_bKmajor_kernel,mojo_opset/tests/perf/test_gemm.py::test_group_gemm[trans_weight_uneven_fp=fp16],PASSED,
_m_grouped_matmul_bKmajor_kernel,mojo_opset/tests/perf/test_gemm.py::test_group_gemm[trans_weight_uneven_fp=bf16],PASSED,
_int8_gemm_dequant_kernel,mojo_opset/tests/perf/test_gemm_dequant.py::test_quant_gemm_perf[x_i80-w_i80-x_scale0-w_scale0-output_dtype0-False],PASSED,
UNRESOLVED,mojo_opset/tests/perf/test_gemm_dequant.py::test_quant_gemm_perf[x_i81-w_i81-x_scale1-w_scale1-output_dtype1-False],PASSED,
_int8_gemm_dequant_kernel,mojo_opset/tests/perf/test_gemm_dequant.py::test_quant_gemm_perf[x_i82-w_i82-x_scale2-w_scale2-output_dtype2-False],PASSED,
_int8_gemm_dequant_kernel,mojo_opset/tests/perf/test_gemm_dequant.py::test_quant_gemm_perf[x_i83-w_i83-x_scale3-w_scale3-output_dtype3-False],PASSED,
_int8_gemm_dequant_kernel,mojo_opset/tests/perf/test_gemm_dequant.py::test_quant_gemm_perf[x_i84-w_i84-x_scale4-w_scale4-output_dtype4-False],PASSED,
_int8_gemm_dequant_kernel,mojo_opset/tests/perf/test_gemm_dequant.py::test_quant_gemm_perf[x_i85-w_i85-x_scale5-w_scale5-output_dtype5-False],PASSED,
_int8_gemm_dequant_kernel,mojo_opset/tests/perf/test_gemm_dequant.py::test_quant_gemm_perf[x_i86-w_i86-x_scale6-w_scale6-output_dtype6-False],PASSED,
_int8_gemm_dequant_kernel,mojo_opset/tests/perf/test_gemm_dequant.py::test_quant_gemm_perf[x_i87-w_i87-x_scale7-w_scale7-output_dtype7-False],PASSED,
_int8_gemm_dequant_kernel,mojo_opset/tests/perf/test_gemm_dequant.py::test_quant_gemm_perf[x_i88-w_i88-x_scale8-w_scale8-output_dtype8-False],PASSED,
_int8_gemm_dequant_kernel,mojo_opset/tests/perf/test_gemm_dequant.py::test_quant_gemm_perf[x_i89-w_i89-x_scale9-w_scale9-output_dtype9-False],PASSED,
_int8_gemm_dequant_kernel,mojo_opset/tests/perf/test_gemm_dequant.py::test_quant_gemm_perf[x_i810-w_i810-x_scale10-w_scale10-output_dtype10-False],PASSED,
lightning_indexer_kernel,mojo_opset/tests/perf/test_indexer.py::test_lightning_index[query0-query_scale0-key0-key_scale0],PASSED,
lightning_indexer_kernel,mojo_opset/tests/perf/test_indexer.py::test_lightning_index[query1-query_scale1-key1-key_scale1],PASSED,
lightning_indexer_kernel,mojo_opset/tests/perf/test_indexer.py::test_lightning_index[query2-query_scale2-key2-key_scale2],PASSED,
lightning_indexer_kernel,mojo_opset/tests/perf/test_indexer.py::test_lightning_index[query3-query_scale3-key3-key_scale3],PASSED,
lightning_indexer_kernel,mojo_opset/tests/perf/test_indexer.py::test_lightning_index[query4-query_scale4-key4-key_scale4],PASSED,
lightning_indexer_kernel,mojo_opset/tests/perf/test_indexer.py::test_lightning_index[query5-query_scale5-key5-key_scale5],PASSED,
lightning_indexer_kernel,mojo_opset/tests/perf/test_indexer.py::test_lightning_index[query6-query_scale6-key6-key_scale6],PASSED,
lightning_indexer_kernel,mojo_opset/tests/perf/test_indexer.py::test_lightning_index[query7-query_scale7-key7-key_scale7],PASSED,
lightning_indexer_kernel,mojo_opset/tests/perf/test_indexer.py::test_lightning_index[query8-query_scale8-key8-key_scale8],PASSED,
_store_paged_kv_cache_chunk_kernel,mojo_opset/tests/perf/test_kv_cache.py::test_store_paged_kv[1-2-128-16-context_kv_lens_val0-q_lens_val0],PASSED,
_store_paged_kv_cache_chunk_kernel,mojo_opset/tests/perf/test_kv_cache.py::test_store_paged_kv[1-2-128-128-context_kv_lens_val1-q_lens_val1],PASSED,
_store_paged_kv_cache_chunk_kernel,mojo_opset/tests/perf/test_kv_cache.py::test_store_paged_kv[2-4-128-32-context_kv_lens_val2-q_lens_val2],PASSED,
_store_paged_kv_cache_chunk_kernel,mojo_opset/tests/perf/test_kv_cache.py::test_store_paged_kv[2-4-128-256-context_kv_lens_val3-q_lens_val3],PASSED,
_store_paged_kv_cache_chunk_kernel,mojo_opset/tests/perf/test_kv_cache.py::test_store_paged_kv[3-8-128-64-context_kv_lens_val4-q_lens_val4],PASSED,
UNRESOLVED,mojo_opset/tests/perf/test_kv_cache.py::test_store_paged_kv[3-8-128-128-context_kv_lens_val5-q_lens_val5],PASSED,
UNRESOLVED,mojo_opset/tests/perf/test_kv_cache.py::test_store_paged_kv[4-16-128-128-context_kv_lens_val6-q_lens_val6],PASSED,
_store_paged_kv_cache_chunk_kernel,mojo_opset/tests/perf/test_kv_cache.py::test_store_paged_kv[4-16-128-512-context_kv_lens_val7-q_lens_val7],PASSED,
UNRESOLVED,mojo_opset/tests/perf/test_kv_cache.py::test_store_paged_kv[5-24-128-64-context_kv_lens_val8-q_lens_val8],PASSED,
UNRESOLVED,mojo_opset/tests/perf/test_kv_cache.py::test_store_paged_kv[5-24-128-256-context_kv_lens_val9-q_lens_val9],PASSED,
_store_paged_kv_cache_chunk_kernel,mojo_opset/tests/perf/test_kv_cache.py::test_store_paged_kv[6-24-128-1024-context_kv_lens_val10-q_lens_val10],PASSED,
UNRESOLVED,mojo_opset/tests/perf/test_kv_cache.py::test_store_paged_kv[6-24-128-128-context_kv_lens_val11-q_lens_val11],PASSED,
UNRESOLVED,mojo_opset/tests/perf/test_kv_cache.py::test_store_paged_kv[2-2-128-128-context_kv_lens_val12-q_lens_val12],PASSED,
UNRESOLVED,mojo_opset/tests/perf/test_kv_cache.py::test_store_paged_kv[2-2-128-128-context_kv_lens_val13-q_lens_val13],PASSED,
UNRESOLVED,mojo_opset/tests/perf/test_kv_cache.py::test_store_paged_kv[2-2-128-128-context_kv_lens_val14-q_lens_val14],PASSED,
UNRESOLVED,mojo_opset/tests/perf/test_kv_cache.py::test_store_paged_kv[2-2-128-256-context_kv_lens_val15-q_lens_val15],PASSED,
UNRESOLVED,mojo_opset/tests/perf/test_kv_cache.py::test_store_paged_kv[2-2-128-512-context_kv_lens_val16-q_lens_val16],PASSED,
UNRESOLVED,mojo_opset/tests/perf/test_kv_cache.py::test_store_paged_kv[2-2-128-1024-context_kv_lens_val17-q_lens_val17],PASSED,
_store_paged_kv_cache_chunk_kernel,mojo_opset/tests/perf/test_kv_cache.py::test_store_paged_kv[2-2-128-2048-context_kv_lens_val18-q_lens_val18],PASSED,
_store_paged_kv_cache_chunk_kernel,mojo_opset/tests/perf/test_kv_cache.py::test_store_paged_kv[1-1-128-128-context_kv_lens_val19-q_lens_val19],PASSED,
UNRESOLVED,mojo_opset/tests/perf/test_kv_cache.py::test_store_paged_kv[1-1-128-128-context_kv_lens_val20-q_lens_val20],PASSED,
_store_paged_kv_cache_chunk_kernel,mojo_opset/tests/perf/test_kv_cache.py::test_store_paged_kv[1-1-128-512-context_kv_lens_val21-q_lens_val21],PASSED,
_store_paged_kv_cache_chunk_kernel,mojo_opset/tests/perf/test_kv_cache.py::test_store_paged_kv[1-1-128-1024-context_kv_lens_val22-q_lens_val22],PASSED,
_store_paged_kv_cache_chunk_kernel,mojo_opset/tests/perf/test_kv_cache.py::test_store_paged_kv[1-1-128-2048-context_kv_lens_val23-q_lens_val23],PASSED,
UNRESOLVED,mojo_opset/tests/perf/test_kv_cache.py::test_store_paged_kv[3-2-128-128-context_kv_lens_val24-q_lens_val24],PASSED,
UNRESOLVED,mojo_opset/tests/perf/test_kv_cache.py::test_store_paged_kv[3-2-128-128-context_kv_lens_val25-q_lens_val25],PASSED,
UNRESOLVED,mojo_opset/tests/perf/test_kv_cache.py::test_store_paged_kv[3-2-128-512-context_kv_lens_val26-q_lens_val26],PASSED,
UNRESOLVED,mojo_opset/tests/perf/test_kv_cache.py::test_store_paged_kv[3-2-128-1024-context_kv_lens_val27-q_lens_val27],PASSED,
UNRESOLVED,mojo_opset/tests/perf/test_kv_cache.py::test_store_paged_kv[3-2-128-2048-context_kv_lens_val28-q_lens_val28],PASSED,
UNRESOLVED,mojo_opset/tests/perf/test_kv_cache.py::test_store_paged_kv[8-2-128-128-context_kv_lens_val29-q_lens_val29],PASSED,
UNRESOLVED,mojo_opset/tests/perf/test_kv_cache.py::test_store_paged_kv[8-2-128-128-context_kv_lens_val30-q_lens_val30],PASSED,
UNRESOLVED,mojo_opset/tests/perf/test_kv_cache.py::test_store_paged_kv[8-2-128-512-context_kv_lens_val31-q_lens_val31],PASSED,
UNRESOLVED,mojo_opset/tests/perf/test_kv_cache.py::test_store_paged_kv[8-2-128-1024-context_kv_lens_val32-q_lens_val32],PASSED,
UNRESOLVED,mojo_opset/tests/perf/test_kv_cache.py::test_store_paged_kv[8-2-128-2048-context_kv_lens_val33-q_lens_val33],PASSED,
UNRESOLVED,mojo_opset/tests/perf/test_kv_cache.py::test_store_paged_kv[8-2-128-512-context_kv_lens_val34-q_lens_val34],PASSED,
UNRESOLVED,mojo_opset/tests/perf/test_kv_cache.py::test_store_paged_kv[8-2-128-1024-context_kv_lens_val35-q_lens_val35],PASSED,
UNRESOLVED,mojo_opset/tests/perf/test_kv_cache.py::test_store_paged_kv[8-2-128-2048-context_kv_lens_val36-q_lens_val36],PASSED,
_store_paged_kv_cache_chunk_kernel,mojo_opset/tests/perf/test_kv_cache.py::test_store_paged_kv_bucket_padded_varlen,PASSED,
_m_grouped_matmul_bNmajor_kernel,mojo_opset/tests/perf/test_linear.py::test_group_gemm[input0-weight0-group_list0],PASSED,
_m_grouped_matmul_bNmajor_kernel,mojo_opset/tests/perf/test_linear.py::test_group_gemm[input1-weight1-group_list1],PASSED,
UNRESOLVED,mojo_opset/tests/perf/test_linear.py::test_quant_batch_gemm_reduce_sum_perf[x10-weight0-x1_scale0-x2_scale0],FAILED,Reference aclnnQuantMatmulReduceSumWeightNz dynamic-shape JSON configuration file cannot be found (EZ1013); see test_linear.py.log
UNRESOLVED,mojo_opset/tests/perf/test_linear.py::test_quant_batch_gemm_reduce_sum_perf[x11-weight1-x1_scale1-x2_scale1],FAILED,Reference QuantMatmulReduceSum has no device binary (EZ9999); see test_linear.py.log
_fused_add_rmsnorm_fwd_single_pass_kernel,mojo_opset/tests/perf/test_normalization.py::test_residual_add_rmsnorm[pre-1e-05-dtype0-shape0],PASSED,
_fused_add_rmsnorm_fwd_single_pass_kernel,mojo_opset/tests/perf/test_normalization.py::test_residual_add_rmsnorm[pre-1e-05-dtype0-shape1],PASSED,
_fused_add_rmsnorm_fwd_single_pass_kernel,mojo_opset/tests/perf/test_normalization.py::test_residual_add_rmsnorm[pre-1e-05-dtype0-shape2],PASSED,
_fused_add_rmsnorm_fwd_kernel,mojo_opset/tests/perf/test_normalization.py::test_residual_add_rmsnorm[pre-1e-05-dtype0-shape3],PASSED,
_fused_add_rmsnorm_fwd_single_pass_kernel,mojo_opset/tests/perf/test_normalization.py::test_residual_add_rmsnorm[pre-1e-05-dtype0-shape4],PASSED,
_fused_add_rmsnorm_fwd_single_pass_kernel,mojo_opset/tests/perf/test_normalization.py::test_residual_add_rmsnorm[pre-1e-05-dtype1-shape0],PASSED,
_fused_add_rmsnorm_fwd_single_pass_kernel,mojo_opset/tests/perf/test_normalization.py::test_residual_add_rmsnorm[pre-1e-05-dtype1-shape1],PASSED,
_fused_add_rmsnorm_fwd_single_pass_kernel,mojo_opset/tests/perf/test_normalization.py::test_residual_add_rmsnorm[pre-1e-05-dtype1-shape2],PASSED,
_fused_add_rmsnorm_fwd_kernel,mojo_opset/tests/perf/test_normalization.py::test_residual_add_rmsnorm[pre-1e-05-dtype1-shape3],PASSED,
_fused_add_rmsnorm_fwd_single_pass_kernel,mojo_opset/tests/perf/test_normalization.py::test_residual_add_rmsnorm[pre-1e-05-dtype1-shape4],PASSED,
_fused_add_rmsnorm_fwd_single_pass_kernel,mojo_opset/tests/perf/test_normalization.py::test_residual_add_rmsnorm[pre-1e-05-dtype2-shape0],PASSED,
_fused_add_rmsnorm_fwd_single_pass_kernel,mojo_opset/tests/perf/test_normalization.py::test_residual_add_rmsnorm[pre-1e-05-dtype2-shape1],PASSED,
_fused_add_rmsnorm_fwd_single_pass_kernel,mojo_opset/tests/perf/test_normalization.py::test_residual_add_rmsnorm[pre-1e-05-dtype2-shape2],PASSED,
_fused_add_rmsnorm_fwd_kernel,mojo_opset/tests/perf/test_normalization.py::test_residual_add_rmsnorm[pre-1e-05-dtype2-shape3],PASSED,
_fused_add_rmsnorm_fwd_single_pass_kernel,mojo_opset/tests/perf/test_normalization.py::test_residual_add_rmsnorm[pre-1e-05-dtype2-shape4],PASSED,
_fused_add_rmsnorm_fwd_single_pass_kernel,mojo_opset/tests/perf/test_normalization.py::test_residual_add_rmsnorm[post-1e-05-dtype0-shape0],PASSED,
_fused_add_rmsnorm_fwd_single_pass_kernel,mojo_opset/tests/perf/test_normalization.py::test_residual_add_rmsnorm[post-1e-05-dtype0-shape1],PASSED,
_fused_add_rmsnorm_fwd_single_pass_kernel,mojo_opset/tests/perf/test_normalization.py::test_residual_add_rmsnorm[post-1e-05-dtype0-shape2],PASSED,
_fused_add_rmsnorm_fwd_kernel,mojo_opset/tests/perf/test_normalization.py::test_residual_add_rmsnorm[post-1e-05-dtype0-shape3],PASSED,
_fused_add_rmsnorm_fwd_single_pass_kernel,mojo_opset/tests/perf/test_normalization.py::test_residual_add_rmsnorm[post-1e-05-dtype0-shape4],PASSED,
_fused_add_rmsnorm_fwd_single_pass_kernel,mojo_opset/tests/perf/test_normalization.py::test_residual_add_rmsnorm[post-1e-05-dtype1-shape0],PASSED,
_fused_add_rmsnorm_fwd_single_pass_kernel,mojo_opset/tests/perf/test_normalization.py::test_residual_add_rmsnorm[post-1e-05-dtype1-shape1],PASSED,
_fused_add_rmsnorm_fwd_single_pass_kernel,mojo_opset/tests/perf/test_normalization.py::test_residual_add_rmsnorm[post-1e-05-dtype1-shape2],PASSED,
_fused_add_rmsnorm_fwd_kernel,mojo_opset/tests/perf/test_normalization.py::test_residual_add_rmsnorm[post-1e-05-dtype1-shape3],PASSED,
_fused_add_rmsnorm_fwd_single_pass_kernel,mojo_opset/tests/perf/test_normalization.py::test_residual_add_rmsnorm[post-1e-05-dtype1-shape4],PASSED,
_fused_add_rmsnorm_fwd_single_pass_kernel,mojo_opset/tests/perf/test_normalization.py::test_residual_add_rmsnorm[post-1e-05-dtype2-shape0],PASSED,
_fused_add_rmsnorm_fwd_single_pass_kernel,mojo_opset/tests/perf/test_normalization.py::test_residual_add_rmsnorm[post-1e-05-dtype2-shape1],PASSED,
_fused_add_rmsnorm_fwd_single_pass_kernel,mojo_opset/tests/perf/test_normalization.py::test_residual_add_rmsnorm[post-1e-05-dtype2-shape2],PASSED,
_fused_add_rmsnorm_fwd_kernel,mojo_opset/tests/perf/test_normalization.py::test_residual_add_rmsnorm[post-1e-05-dtype2-shape3],PASSED,
_fused_add_rmsnorm_fwd_single_pass_kernel,mojo_opset/tests/perf/test_normalization.py::test_residual_add_rmsnorm[post-1e-05-dtype2-shape4],PASSED,
_fused_add_layernorm_fwd_kernel,mojo_opset/tests/perf/test_normalization.py::test_residual_add_layernorm[pre-1e-05-x0-residual0-weight0-bias0],PASSED,
_fused_add_layernorm_fwd_kernel,mojo_opset/tests/perf/test_normalization.py::test_residual_add_layernorm[pre-1e-05-x1-residual1-weight1-bias1],PASSED,
_fused_add_layernorm_fwd_kernel,mojo_opset/tests/perf/test_normalization.py::test_residual_add_layernorm[pre-1e-05-x2-residual2-weight2-bias2],PASSED,
UNRESOLVED,mojo_opset/tests/perf/test_normalization.py::test_residual_add_layernorm[post-1e-05-x0-residual0-weight0-bias0],PASSED,
UNRESOLVED,mojo_opset/tests/perf/test_normalization.py::test_residual_add_layernorm[post-1e-05-x1-residual1-weight1-bias1],PASSED,
UNRESOLVED,mojo_opset/tests/perf/test_normalization.py::test_residual_add_layernorm[post-1e-05-x2-residual2-weight2-bias2],PASSED,
_rmsnorm_infer_kernel_single,mojo_opset/tests/perf/test_normalization.py::test_rmsnorm[1e-05-x0-weight0],PASSED,
_rmsnorm_infer_kernel_single,mojo_opset/tests/perf/test_normalization.py::test_rmsnorm[1e-05-x1-weight1],PASSED,
_rmsnorm_infer_kernel_single,mojo_opset/tests/perf/test_normalization.py::test_rmsnorm[1e-05-x2-weight2],PASSED,
_rmsnorm_infer_kernel_single,mojo_opset/tests/perf/test_normalization.py::test_rmsnorm[1e-05-x3-weight3],PASSED,
_rmsnorm_infer_kernel_single,mojo_opset/tests/perf/test_normalization.py::test_rmsnorm[1e-05-x4-weight4],PASSED,
_rmsnorm_infer_kernel_single,mojo_opset/tests/perf/test_normalization.py::test_rmsnorm[1e-05-x5-weight5],PASSED,
_rmsnorm_infer_kernel_single,mojo_opset/tests/perf/test_normalization.py::test_rmsnorm[1e-05-x6-weight6],PASSED,
_rmsnorm_infer_kernel_single,mojo_opset/tests/perf/test_normalization.py::test_rmsnorm[1e-05-x7-weight7],PASSED,
_rmsnorm_infer_kernel_single,mojo_opset/tests/perf/test_normalization.py::test_rmsnorm[1e-05-x8-weight8],PASSED,
_rmsnorm_infer_kernel_single,mojo_opset/tests/perf/test_normalization.py::test_rmsnorm[1e-05-x9-weight9],PASSED,
_rmsnorm_infer_kernel_single,mojo_opset/tests/perf/test_normalization.py::test_rmsnorm[1e-05-x10-weight10],PASSED,
_rmsnorm_infer_kernel_single,mojo_opset/tests/perf/test_normalization.py::test_rmsnorm[1e-05-x11-weight11],PASSED,
_rmsnorm_infer_kernel_single,mojo_opset/tests/perf/test_normalization.py::test_rmsnorm[1e-05-x12-weight12],PASSED,
_rmsnorm_infer_kernel_single,mojo_opset/tests/perf/test_normalization.py::test_rmsnorm[1e-05-x13-weight13],PASSED,
_rmsnorm_infer_kernel_single,mojo_opset/tests/perf/test_normalization.py::test_rmsnorm[1e-05-x14-weight14],PASSED,
_rmsnorm_infer_kernel_single,mojo_opset/tests/perf/test_normalization.py::test_rmsnorm[1e-05-x15-weight15],PASSED,
_rmsnorm_infer_kernel_single,mojo_opset/tests/perf/test_normalization.py::test_rmsnorm[1e-05-x16-weight16],PASSED,
_rmsnorm_infer_kernel_single,mojo_opset/tests/perf/test_normalization.py::test_rmsnorm[1e-05-x17-weight17],PASSED,
_rmsnorm_infer_kernel_single,mojo_opset/tests/perf/test_normalization.py::test_rmsnorm[1e-05-x18-weight18],PASSED,
_rmsnorm_infer_kernel_single,mojo_opset/tests/perf/test_normalization.py::test_rmsnorm[1e-05-x19-weight19],PASSED,
_rmsnorm_infer_kernel_single,mojo_opset/tests/perf/test_normalization.py::test_rmsnorm[1e-05-x20-weight20],PASSED,
_rmsnorm_infer_kernel_single,mojo_opset/tests/perf/test_normalization.py::test_rmsnorm[1e-05-x21-weight21],PASSED,
_rmsnorm_infer_kernel_single,mojo_opset/tests/perf/test_normalization.py::test_rmsnorm[1e-05-x22-weight22],PASSED,
_rmsnorm_infer_kernel_single,mojo_opset/tests/perf/test_normalization.py::test_rmsnorm[1e-05-x23-weight23],PASSED,
UNRESOLVED,mojo_opset/tests/perf/test_normalization.py::test_rmsnorm[1e-05-x24-weight24],PASSED,
UNRESOLVED,mojo_opset/tests/perf/test_normalization.py::test_rmsnorm[1e-05-x25-weight25],PASSED,
UNRESOLVED,mojo_opset/tests/perf/test_normalization.py::test_rmsnorm[1e-05-x26-weight26],PASSED,
UNRESOLVED,mojo_opset/tests/perf/test_normalization.py::test_rmsnorm[1e-05-x27-weight27],PASSED,
UNRESOLVED,mojo_opset/tests/perf/test_normalization.py::test_rmsnorm[1e-05-x28-weight28],PASSED,
UNRESOLVED,mojo_opset/tests/perf/test_normalization.py::test_rmsnorm[1e-05-x29-weight29],PASSED,
UNRESOLVED,mojo_opset/tests/perf/test_normalization.py::test_rmsnorm[1e-05-x30-weight30],PASSED,
UNRESOLVED,mojo_opset/tests/perf/test_normalization.py::test_rmsnorm[1e-05-x31-weight31],PASSED,
UNRESOLVED,mojo_opset/tests/perf/test_normalization.py::test_rmsnorm[1e-05-x32-weight32],PASSED,
UNRESOLVED,mojo_opset/tests/perf/test_normalization.py::test_rmsnorm[1e-05-x33-weight33],PASSED,
UNRESOLVED,mojo_opset/tests/perf/test_normalization.py::test_rmsnorm[1e-05-x34-weight34],PASSED,
UNRESOLVED,mojo_opset/tests/perf/test_normalization.py::test_rmsnorm[1e-05-x35-weight35],PASSED,
UNRESOLVED,mojo_opset/tests/perf/test_normalization.py::test_rmsnorm[1e-05-x36-weight36],PASSED,
UNRESOLVED,mojo_opset/tests/perf/test_normalization.py::test_rmsnorm[1e-05-x37-weight37],PASSED,
UNRESOLVED,mojo_opset/tests/perf/test_normalization.py::test_rmsnorm[1e-05-x38-weight38],PASSED,
_group_rmsnorm_interleaved_kernel,mojo_opset/tests/perf/test_normalization.py::test_grouprmsnorm[1e-05-x0-weight0-group_dims0],PASSED,
_group_rmsnorm_interleaved_kernel,mojo_opset/tests/perf/test_normalization.py::test_grouprmsnorm[1e-05-x1-weight1-group_dims1],PASSED,
_group_rmsnorm_interleaved_kernel,mojo_opset/tests/perf/test_normalization.py::test_grouprmsnorm[1e-05-x2-weight2-group_dims2],PASSED,
_group_rmsnorm_interleaved_kernel,mojo_opset/tests/perf/test_normalization.py::test_grouprmsnorm[1e-05-x3-weight3-group_dims3],PASSED,
_group_rmsnorm_interleaved_kernel,mojo_opset/tests/perf/test_normalization.py::test_grouprmsnorm[1e-05-x4-weight4-group_dims4],PASSED,
_group_rmsnorm_interleaved_kernel,mojo_opset/tests/perf/test_normalization.py::test_grouprmsnorm[1e-05-x5-weight5-group_dims5],PASSED,
_group_rmsnorm_interleaved_kernel,mojo_opset/tests/perf/test_normalization.py::test_grouprmsnorm[1e-05-x6-weight6-group_dims6],PASSED,
_group_rmsnorm_interleaved_kernel,mojo_opset/tests/perf/test_normalization.py::test_grouprmsnorm[1e-05-x7-weight7-group_dims7],PASSED,
_group_rmsnorm_interleaved_kernel,mojo_opset/tests/perf/test_normalization.py::test_grouprmsnorm[1e-05-x8-weight8-group_dims8],PASSED,
_group_rmsnorm_interleaved_kernel,mojo_opset/tests/perf/test_normalization.py::test_grouprmsnorm[1e-05-x9-weight9-group_dims9],PASSED,
_group_rmsnorm_interleaved_kernel,mojo_opset/tests/perf/test_normalization.py::test_grouprmsnorm[1e-05-x10-weight10-group_dims10],PASSED,
_group_rmsnorm_interleaved_kernel,mojo_opset/tests/perf/test_normalization.py::test_grouprmsnorm[1e-05-x11-weight11-group_dims11],PASSED,
_group_rmsnorm_interleaved_kernel,mojo_opset/tests/perf/test_normalization.py::test_grouprmsnorm[1e-05-x12-weight12-group_dims12],PASSED,
_group_rmsnorm_interleaved_kernel,mojo_opset/tests/perf/test_normalization.py::test_grouprmsnorm[1e-05-x13-weight13-group_dims13],PASSED,
_group_rmsnorm_interleaved_kernel,mojo_opset/tests/perf/test_normalization.py::test_grouprmsnorm[1e-05-x14-weight14-group_dims14],PASSED,
_group_rmsnorm_interleaved_kernel,mojo_opset/tests/perf/test_normalization.py::test_grouprmsnorm[1e-05-x15-weight15-group_dims15],PASSED,
_group_rmsnorm_interleaved_kernel,mojo_opset/tests/perf/test_normalization.py::test_grouprmsnorm[1e-05-x16-weight16-group_dims16],PASSED,
_group_rmsnorm_interleaved_kernel,mojo_opset/tests/perf/test_normalization.py::test_grouprmsnorm[1e-05-x17-weight17-group_dims17],PASSED,
UNRESOLVED,mojo_opset/tests/perf/test_normalization.py::test_grouprmsnorm[1e-05-x18-weight18-group_dims18],PASSED,
UNRESOLVED,mojo_opset/tests/perf/test_normalization.py::test_grouprmsnorm[1e-05-x19-weight19-group_dims19],PASSED,
UNRESOLVED,mojo_opset/tests/perf/test_normalization.py::test_grouprmsnorm[1e-05-x20-weight20-group_dims20],PASSED,
_group_rmsnorm_interleaved_kernel,mojo_opset/tests/perf/test_normalization.py::test_grouprmsnorm[1e-05-x21-weight21-group_dims21],PASSED,
_group_rmsnorm_interleaved_kernel,mojo_opset/tests/perf/test_normalization.py::test_grouprmsnorm[1e-05-x22-weight22-group_dims22],PASSED,
_group_rmsnorm_interleaved_kernel,mojo_opset/tests/perf/test_normalization.py::test_grouprmsnorm[1e-05-x23-weight23-group_dims23],PASSED,
_group_rmsnorm_interleaved_kernel,mojo_opset/tests/perf/test_normalization.py::test_grouprmsnorm[1e-05-x24-weight24-group_dims24],PASSED,
_group_rmsnorm_interleaved_kernel,mojo_opset/tests/perf/test_normalization.py::test_grouprmsnorm[1e-05-x25-weight25-group_dims25],PASSED,
_group_rmsnorm_interleaved_kernel,mojo_opset/tests/perf/test_normalization.py::test_grouprmsnorm[1e-05-x26-weight26-group_dims26],PASSED,
_group_rmsnorm_interleaved_kernel,mojo_opset/tests/perf/test_normalization.py::test_grouprmsnorm[1e-05-x27-weight27-group_dims27],PASSED,
_group_rmsnorm_interleaved_kernel,mojo_opset/tests/perf/test_normalization.py::test_grouprmsnorm[1e-05-x28-weight28-group_dims28],PASSED,
_group_rmsnorm_interleaved_kernel,mojo_opset/tests/perf/test_normalization.py::test_grouprmsnorm[1e-05-x29-weight29-group_dims29],PASSED,
_group_rmsnorm_interleaved_kernel,mojo_opset/tests/perf/test_normalization.py::test_grouprmsnorm[1e-05-x30-weight30-group_dims30],PASSED,
_group_rmsnorm_interleaved_kernel,mojo_opset/tests/perf/test_normalization.py::test_grouprmsnorm[1e-05-x31-weight31-group_dims31],PASSED,
_group_rmsnorm_interleaved_kernel,mojo_opset/tests/perf/test_normalization.py::test_grouprmsnorm[1e-05-x32-weight32-group_dims32],PASSED,
_layernorm_fwd_single_pass_kernel,mojo_opset/tests/perf/test_normalization.py::test_layernorm[1e-05-dtype0-shape0],PASSED,
_layernorm_fwd_kernel,mojo_opset/tests/perf/test_normalization.py::test_layernorm[1e-05-dtype0-shape1],PASSED,
_layernorm_fwd_kernel,mojo_opset/tests/perf/test_normalization.py::test_layernorm[1e-05-dtype0-shape2],PASSED,
_layernorm_fwd_single_pass_kernel,mojo_opset/tests/perf/test_normalization.py::test_layernorm[1e-05-dtype0-shape3],PASSED,
_layernorm_fwd_kernel,mojo_opset/tests/perf/test_normalization.py::test_layernorm[1e-05-dtype0-shape4],PASSED,
_layernorm_fwd_single_pass_kernel,mojo_opset/tests/perf/test_normalization.py::test_layernorm[1e-05-dtype0-shape5],PASSED,
_layernorm_fwd_single_pass_kernel,mojo_opset/tests/perf/test_normalization.py::test_layernorm[1e-05-dtype1-shape0],PASSED,
_layernorm_fwd_kernel,mojo_opset/tests/perf/test_normalization.py::test_layernorm[1e-05-dtype1-shape1],PASSED,
_layernorm_fwd_kernel,mojo_opset/tests/perf/test_normalization.py::test_layernorm[1e-05-dtype1-shape2],PASSED,
_layernorm_fwd_single_pass_kernel,mojo_opset/tests/perf/test_normalization.py::test_layernorm[1e-05-dtype1-shape3],PASSED,
_layernorm_fwd_kernel,mojo_opset/tests/perf/test_normalization.py::test_layernorm[1e-05-dtype1-shape4],PASSED,
_layernorm_fwd_single_pass_kernel,mojo_opset/tests/perf/test_normalization.py::test_layernorm[1e-05-dtype1-shape5],PASSED,
_layernorm_fwd_single_pass_kernel,mojo_opset/tests/perf/test_normalization.py::test_layernorm[1e-05-dtype2-shape0],PASSED,
_layernorm_fwd_kernel,mojo_opset/tests/perf/test_normalization.py::test_layernorm[1e-05-dtype2-shape1],PASSED,
_layernorm_fwd_kernel,mojo_opset/tests/perf/test_normalization.py::test_layernorm[1e-05-dtype2-shape2],PASSED,
_layernorm_fwd_single_pass_kernel,mojo_opset/tests/perf/test_normalization.py::test_layernorm[1e-05-dtype2-shape3],PASSED,
_layernorm_fwd_kernel,mojo_opset/tests/perf/test_normalization.py::test_layernorm[1e-05-dtype2-shape4],PASSED,
_layernorm_fwd_single_pass_kernel,mojo_opset/tests/perf/test_normalization.py::test_layernorm[1e-05-dtype2-shape5],PASSED,
_rmsnorm_bwd_kernel,mojo_opset/tests/perf/test_normalization.py::test_rmsnorm_forward_backward_diff[x0-weight0],PASSED,
_rmsnorm_fwd_kernel,mojo_opset/tests/perf/test_normalization.py::test_rmsnorm_forward_backward_diff[x0-weight0],PASSED,
_rmsnorm_bwd_large_cols_kernel,mojo_opset/tests/perf/test_normalization.py::test_rmsnorm_forward_backward_diff[x1-weight1],PASSED,
_rmsnorm_fwd_kernel,mojo_opset/tests/perf/test_normalization.py::test_rmsnorm_forward_backward_diff[x1-weight1],PASSED,
_rmsnorm_fwd_kernel,mojo_opset/tests/perf/test_normalization.py::test_rmsnorm_forward_backward_diff[x2-weight2],PASSED,
_rmsnorm_bwd_kernel,mojo_opset/tests/perf/test_normalization.py::test_rmsnorm_forward_backward_diff[x3-weight3],PASSED,
_rmsnorm_fwd_kernel,mojo_opset/tests/perf/test_normalization.py::test_rmsnorm_forward_backward_diff[x3-weight3],PASSED,
_rmsnorm_fwd_kernel,mojo_opset/tests/perf/test_normalization.py::test_rmsnorm_forward_backward_diff[x4-weight4],PASSED,
_rmsnorm_fwd_kernel,mojo_opset/tests/perf/test_normalization.py::test_rmsnorm_forward_backward_diff[x5-weight5],PASSED,
_rmsnorm_bwd_kernel,mojo_opset/tests/perf/test_normalization.py::test_rmsnorm_forward_backward_diff[x6-weight6],PASSED,
_rmsnorm_fwd_kernel,mojo_opset/tests/perf/test_normalization.py::test_rmsnorm_forward_backward_diff[x6-weight6],PASSED,
_rmsnorm_bwd_large_cols_kernel,mojo_opset/tests/perf/test_normalization.py::test_rmsnorm_forward_backward_diff[x7-weight7],PASSED,
_rmsnorm_fwd_kernel,mojo_opset/tests/perf/test_normalization.py::test_rmsnorm_forward_backward_diff[x7-weight7],PASSED,
_rmsnorm_fwd_kernel,mojo_opset/tests/perf/test_normalization.py::test_rmsnorm_forward_backward_diff[x8-weight8],PASSED,
_rmsnorm_bwd_kernel,mojo_opset/tests/perf/test_normalization.py::test_rmsnorm_forward_backward_diff[x9-weight9],PASSED,
_rmsnorm_fwd_kernel,mojo_opset/tests/perf/test_normalization.py::test_rmsnorm_forward_backward_diff[x9-weight9],PASSED,
_rmsnorm_fwd_kernel,mojo_opset/tests/perf/test_normalization.py::test_rmsnorm_forward_backward_diff[x10-weight10],PASSED,
_rmsnorm_fwd_kernel,mojo_opset/tests/perf/test_normalization.py::test_rmsnorm_forward_backward_diff[x11-weight11],PASSED,
n_gram_prefill_kerenl,mojo_opset/tests/perf/test_over_encoding.py::test_over_encoding_parametrized[1536-192-10086-oe_vocab_sizes0-n_grams0-input_ids0-seq_lens0-oe_history_inputs0],PASSED,
n_gram_decode_kernel,mojo_opset/tests/perf/test_over_encoding.py::test_over_encoding_parametrized[1536-192-10086-oe_vocab_sizes0-n_grams0-input_ids1-None-oe_history_inputs1],PASSED,
n_gram_prefill_kerenl,mojo_opset/tests/perf/test_over_encoding.py::test_over_encoding_additional_shapes[prefill-b3-len5-7-9],PASSED,
n_gram_decode_kernel,mojo_opset/tests/perf/test_over_encoding.py::test_over_encoding_additional_shapes[decode-b48-s1],PASSED,
n_gram_prefill_kerenl,mojo_opset/tests/perf/test_over_encoding.py::test_n_gram_parametrized[10086-oe_vocab_sizes0-n_grams0-input_ids0-seq_lens0-oe_history_inputs0],PASSED,
n_gram_decode_kernel,mojo_opset/tests/perf/test_over_encoding.py::test_n_gram_parametrized[10086-oe_vocab_sizes0-n_grams0-input_ids1-None-oe_history_inputs1],PASSED,
n_gram_prefill_kerenl,mojo_opset/tests/perf/test_over_encoding.py::test_n_gram_additional_shapes[prefill-b3-len5-7-9],PASSED,
n_gram_decode_kernel,mojo_opset/tests/perf/test_over_encoding.py::test_n_gram_additional_shapes[decode-b48-s1],PASSED,
_rope_kernel,mojo_opset/tests/perf/test_position_embedding.py::test_pos_emb[dtype0-128-32-32-8192-32],PASSED,
_rope_kernel,mojo_opset/tests/perf/test_position_embedding.py::test_pos_emb[dtype0-128-32-8-8192-32],PASSED,
_rope_kernel,mojo_opset/tests/perf/test_position_embedding.py::test_pos_emb[dtype0-128-16-1-8192-32],PASSED,
_rope_kernel,mojo_opset/tests/perf/test_position_embedding.py::test_pos_emb[dtype0-128-1-1-8192-32],PASSED,
_rope_kernel,mojo_opset/tests/perf/test_position_embedding.py::test_pos_emb[dtype1-128-32-32-8192-32],PASSED,
_rope_kernel,mojo_opset/tests/perf/test_position_embedding.py::test_pos_emb[dtype1-128-32-8-8192-32],PASSED,
_rope_kernel,mojo_opset/tests/perf/test_position_embedding.py::test_pos_emb[dtype1-128-16-1-8192-32],PASSED,
_rope_kernel,mojo_opset/tests/perf/test_position_embedding.py::test_pos_emb[dtype1-128-1-1-8192-32],PASSED,
_rope_kernel,mojo_opset/tests/perf/test_position_embedding.py::test_pos_emb[dtype2-128-32-32-8192-32],PASSED,
_rope_kernel,mojo_opset/tests/perf/test_position_embedding.py::test_pos_emb[dtype2-128-32-8-8192-32],PASSED,
_rope_kernel,mojo_opset/tests/perf/test_position_embedding.py::test_pos_emb[dtype2-128-16-1-8192-32],PASSED,
_rope_kernel,mojo_opset/tests/perf/test_position_embedding.py::test_pos_emb[dtype2-128-1-1-8192-32],PASSED,
_vision_rope_apply_kernel,mojo_opset/tests/perf/test_position_embedding.py::test_apply_vision_rope_2d[dtype0-vision_448_27l_20h_h64-grid0],PASSED,
UNRESOLVED,mojo_opset/tests/perf/test_position_embedding.py::test_apply_vision_rope_2d[dtype0-vision_448_27l_20h_h64-grid1],PASSED,
UNRESOLVED,mojo_opset/tests/perf/test_position_embedding.py::test_apply_vision_rope_2d[dtype0-vision_448_27l_20h_h64-grid2],PASSED,
_vision_rope_apply_kernel,mojo_opset/tests/perf/test_position_embedding.py::test_apply_vision_rope_2d[dtype1-vision_448_27l_20h_h64-grid0],PASSED,
UNRESOLVED,mojo_opset/tests/perf/test_position_embedding.py::test_apply_vision_rope_2d[dtype1-vision_448_27l_20h_h64-grid1],PASSED,
UNRESOLVED,mojo_opset/tests/perf/test_position_embedding.py::test_apply_vision_rope_2d[dtype1-vision_448_27l_20h_h64-grid2],PASSED,
_top_k_sample_kernel,mojo_opset/tests/perf/test_sampling.py::test_topk_sampling[logits0-20-1],PASSED,
_top_k_sample_kernel,mojo_opset/tests/perf/test_sampling.py::test_topk_sampling[logits1-50-1],PASSED,
_top_k_sample_kernel,mojo_opset/tests/perf/test_sampling.py::test_topk_sampling[logits2-100-1],PASSED,
_top_p_filter_kernel,mojo_opset/tests/perf/test_sampling.py::test_topp_filter[logits0-1000-0.7-1],PASSED,
_top_p_filter_kernel,mojo_opset/tests/perf/test_sampling.py::test_topp_filter[logits1-100-0.7-1],PASSED,
UNRESOLVED,mojo_opset/tests/perf/test_sampling.py::test_topp_filter[logits2-100-0.7-1],PASSED,
_reject_sampler_kernel,mojo_opset/tests/perf/test_sampling.py::test_reject_sampling[target_logits0-draft_tokens0-draft_probs0-3],PASSED,
_join_prob_reject_sampler_kernel,mojo_opset/tests/perf/test_sampling.py::test_magic_reject_sampling[target_logits0-draft_tokens0-draft_probs0-3-0.7-100],PASSED,
kernel_sdpa_bwd_d,mojo_opset/tests/perf/test_sdpa_impl.py::test_sdpa_impl[1-5-1-128-2048-32],PASSED,
kernel_sdpa_bwd_qkv,mojo_opset/tests/perf/test_sdpa_impl.py::test_sdpa_impl[1-5-1-128-2048-32],PASSED,
kernel_sdpa_fwd,mojo_opset/tests/perf/test_sdpa_impl.py::test_sdpa_impl[1-5-1-128-2048-32],PASSED,
kernel_sdpa_bwd_d,mojo_opset/tests/perf/test_sdpa_impl.py::test_sdpa_impl[1-8-2-128-8192-32],PASSED,
kernel_sdpa_bwd_kv,mojo_opset/tests/perf/test_sdpa_impl.py::test_sdpa_impl[1-8-2-128-8192-32],PASSED,
kernel_sdpa_bwd_q,mojo_opset/tests/perf/test_sdpa_impl.py::test_sdpa_impl[1-8-2-128-8192-32],PASSED,
kernel_sdpa_fwd,mojo_opset/tests/perf/test_sdpa_impl.py::test_sdpa_impl[1-8-2-128-8192-32],PASSED,
_store_label_cache_triton_kernel,mojo_opset/tests/perf/test_store_lowrank.py::test_store_lowrank[1024-shape_label_cache0-shape_key_lr0],PASSED,
_store_label_cache_triton_kernel,mojo_opset/tests/perf/test_store_lowrank.py::test_store_lowrank[1024-shape_label_cache1-shape_key_lr1],PASSED,
_store_label_cache_triton_kernel,mojo_opset/tests/perf/test_store_lowrank.py::test_store_lowrank[2048-shape_label_cache0-shape_key_lr0],PASSED,
_store_label_cache_triton_kernel,mojo_opset/tests/perf/test_store_lowrank.py::test_store_lowrank[2048-shape_label_cache1-shape_key_lr1],PASSED,
_store_label_cache_triton_kernel,mojo_opset/tests/perf/test_store_lowrank.py::test_store_lowrank[4096-shape_label_cache0-shape_key_lr0],PASSED,
_store_label_cache_triton_kernel,mojo_opset/tests/perf/test_store_lowrank.py::test_store_lowrank[4096-shape_label_cache1-shape_key_lr1],PASSED,
_store_label_cache_triton_kernel,mojo_opset/tests/perf/test_store_lowrank.py::test_store_lowrank[8192-shape_label_cache0-shape_key_lr0],PASSED,
_store_label_cache_triton_kernel,mojo_opset/tests/perf/test_store_lowrank.py::test_store_lowrank[8192-shape_label_cache1-shape_key_lr1],PASSED,
_store_label_cache_triton_kernel,mojo_opset/tests/perf/test_store_lowrank.py::test_store_lowrank[13312-shape_label_cache0-shape_key_lr0],PASSED,
_store_label_cache_triton_kernel,mojo_opset/tests/perf/test_store_lowrank.py::test_store_lowrank[13312-shape_label_cache1-shape_key_lr1],PASSED,
_silu_bwd_flatten_kernel,mojo_opset/tests/accuracy/functions/test_activation.py::test_silu_forward_backward_diff[shape0],PASSED,
_silu_fwd_flatten_kernel,mojo_opset/tests/accuracy/functions/test_activation.py::test_silu_forward_backward_diff[shape0],PASSED,
_silu_bwd_flatten_kernel,mojo_opset/tests/accuracy/functions/test_activation.py::test_silu_forward_backward_diff[shape1],PASSED,
_silu_fwd_flatten_kernel,mojo_opset/tests/accuracy/functions/test_activation.py::test_silu_forward_backward_diff[shape1],PASSED,
_silu_bwd_flatten_kernel,mojo_opset/tests/accuracy/functions/test_activation.py::test_silu_forward_backward_diff[shape2],PASSED,
_silu_fwd_flatten_kernel,mojo_opset/tests/accuracy/functions/test_activation.py::test_silu_forward_backward_diff[shape2],PASSED,
_swa_bwd_dkdv_kernel,mojo_opset/tests/accuracy/functions/test_attention.py::test_swa_function[True-4-255-M_F32],PASSED,
_swa_bwd_dq_kernel,mojo_opset/tests/accuracy/functions/test_attention.py::test_swa_function[True-4-255-M_F32],PASSED,
_swa_bwd_preprocess,mojo_opset/tests/accuracy/functions/test_attention.py::test_swa_function[True-4-255-M_F32],PASSED,
_swa_fwd_kernel,mojo_opset/tests/accuracy/functions/test_attention.py::test_swa_function[True-4-255-M_F32],PASSED,
_swa_bwd_dkdv_kernel,mojo_opset/tests/accuracy/functions/test_attention.py::test_swa_function[True-4-255-M_BF16_PADDIM],PASSED,
_swa_bwd_dq_kernel,mojo_opset/tests/accuracy/functions/test_attention.py::test_swa_function[True-4-255-M_BF16_PADDIM],PASSED,
_swa_bwd_preprocess,mojo_opset/tests/accuracy/functions/test_attention.py::test_swa_function[True-4-255-M_BF16_PADDIM],PASSED,
_swa_fwd_kernel,mojo_opset/tests/accuracy/functions/test_attention.py::test_swa_function[True-4-255-M_BF16_PADDIM],PASSED,
_swa_bwd_dkdv_kernel,mojo_opset/tests/accuracy/functions/test_attention.py::test_swa_function[True-4-255-M_BF16_LONG],PASSED,
_swa_bwd_dq_kernel,mojo_opset/tests/accuracy/functions/test_attention.py::test_swa_function[True-4-255-M_BF16_LONG],PASSED,
_swa_bwd_preprocess,mojo_opset/tests/accuracy/functions/test_attention.py::test_swa_function[True-4-255-M_BF16_LONG],PASSED,
_swa_fwd_kernel,mojo_opset/tests/accuracy/functions/test_attention.py::test_swa_function[True-4-255-M_BF16_LONG],PASSED,
_swa_bwd_dkdv_kernel,mojo_opset/tests/accuracy/functions/test_attention.py::test_swa_function[True-4-255-M_BF16_1024],PASSED,
_swa_bwd_dq_kernel,mojo_opset/tests/accuracy/functions/test_attention.py::test_swa_function[True-4-255-M_BF16_1024],PASSED,
_swa_bwd_preprocess,mojo_opset/tests/accuracy/functions/test_attention.py::test_swa_function[True-4-255-M_BF16_1024],PASSED,
_swa_fwd_kernel,mojo_opset/tests/accuracy/functions/test_attention.py::test_swa_function[True-4-255-M_BF16_1024],PASSED,
UNRESOLVED,mojo_opset/tests/accuracy/functions/test_attention.py::test_swa_function[True-4-255-M_BF16_2048],PASSED,
UNRESOLVED,mojo_opset/tests/accuracy/functions/test_attention.py::test_swa_function[True-4-255-M_BF16_4096],PASSED,
UNRESOLVED,mojo_opset/tests/accuracy/functions/test_attention.py::test_swa_function[True-4-255-M_BF16_8192],PASSED,
UNRESOLVED,mojo_opset/tests/accuracy/functions/test_attention.py::test_swa_function[True-4-255-M_BF16_16384],PASSED,
UNRESOLVED,mojo_opset/tests/accuracy/functions/test_attention.py::test_swa_function[True-4-255-M_BF16_32768],PASSED,
_swa_bwd_dkdv_kernel,mojo_opset/tests/accuracy/functions/test_attention.py::test_swa_function[False-4-1023-M_F32],PASSED,
_swa_bwd_dq_kernel,mojo_opset/tests/accuracy/functions/test_attention.py::test_swa_function[False-4-1023-M_F32],PASSED,
_swa_fwd_kernel,mojo_opset/tests/accuracy/functions/test_attention.py::test_swa_function[False-4-1023-M_F32],PASSED,
_swa_bwd_dkdv_kernel,mojo_opset/tests/accuracy/functions/test_attention.py::test_swa_function[False-4-1023-M_BF16_PADDIM],PASSED,
_swa_bwd_dq_kernel,mojo_opset/tests/accuracy/functions/test_attention.py::test_swa_function[False-4-1023-M_BF16_PADDIM],PASSED,
_swa_fwd_kernel,mojo_opset/tests/accuracy/functions/test_attention.py::test_swa_function[False-4-1023-M_BF16_PADDIM],PASSED,
_swa_bwd_dkdv_kernel,mojo_opset/tests/accuracy/functions/test_attention.py::test_swa_function[False-4-1023-M_BF16_LONG],PASSED,
_swa_bwd_dq_kernel,mojo_opset/tests/accuracy/functions/test_attention.py::test_swa_function[False-4-1023-M_BF16_LONG],PASSED,
_swa_fwd_kernel,mojo_opset/tests/accuracy/functions/test_attention.py::test_swa_function[False-4-1023-M_BF16_LONG],PASSED,
_swa_bwd_dkdv_kernel,mojo_opset/tests/accuracy/functions/test_attention.py::test_swa_function[False-4-1023-M_BF16_1024],PASSED,
_swa_bwd_dq_kernel,mojo_opset/tests/accuracy/functions/test_attention.py::test_swa_function[False-4-1023-M_BF16_1024],PASSED,
_swa_fwd_kernel,mojo_opset/tests/accuracy/functions/test_attention.py::test_swa_function[False-4-1023-M_BF16_1024],PASSED,
UNRESOLVED,mojo_opset/tests/accuracy/functions/test_attention.py::test_swa_function[False-4-1023-M_BF16_2048],PASSED,
UNRESOLVED,mojo_opset/tests/accuracy/functions/test_attention.py::test_swa_function[False-4-1023-M_BF16_4096],PASSED,
UNRESOLVED,mojo_opset/tests/accuracy/functions/test_attention.py::test_swa_function[False-4-1023-M_BF16_8192],PASSED,
UNRESOLVED,mojo_opset/tests/accuracy/functions/test_attention.py::test_swa_function[False-4-1023-M_BF16_16384],PASSED,
UNRESOLVED,mojo_opset/tests/accuracy/functions/test_attention.py::test_swa_function[False-4-1023-M_BF16_32768],PASSED,
causal_conv1d_bwd_kernel,mojo_opset/tests/accuracy/functions/test_convolution.py::test_conv[B2_T64_D1024_W3_activationswish_has_biasTrue_has_residualTrue_torch.float16],PASSED,
causal_conv1d_fwd_kernel,mojo_opset/tests/accuracy/functions/test_convolution.py::test_conv[B2_T64_D1024_W3_activationswish_has_biasTrue_has_residualTrue_torch.float16],PASSED,
causal_conv1d_bwd_kernel,mojo_opset/tests/accuracy/functions/test_convolution.py::test_conv[B2_T128_D8192_W4_activationswish_has_biasFalse_has_residualTrue_torch.float16],PASSED,
causal_conv1d_fwd_kernel,mojo_opset/tests/accuracy/functions/test_convolution.py::test_conv[B2_T128_D8192_W4_activationswish_has_biasFalse_has_residualTrue_torch.float16],PASSED,
causal_conv1d_bwd_kernel,mojo_opset/tests/accuracy/functions/test_convolution.py::test_conv[B2_T64_D8192_W3_activationswish_has_biasTrue_has_residualFalse_torch.float16],PASSED,
causal_conv1d_fwd_kernel,mojo_opset/tests/accuracy/functions/test_convolution.py::test_conv[B2_T64_D8192_W3_activationswish_has_biasTrue_has_residualFalse_torch.float16],PASSED,
causal_conv1d_bwd_kernel,mojo_opset/tests/accuracy/functions/test_convolution.py::test_conv[B2_T128_D4096_W4_activationswish_has_biasFalse_has_residualFalse_torch.float16],PASSED,
causal_conv1d_fwd_kernel,mojo_opset/tests/accuracy/functions/test_convolution.py::test_conv[B2_T128_D4096_W4_activationswish_has_biasFalse_has_residualFalse_torch.float16],PASSED,
causal_conv1d_bwd_kernel,mojo_opset/tests/accuracy/functions/test_convolution.py::test_conv[B2_T64_D8192_W3_activationNone_has_biasTrue_has_residualFalse_torch.float16],PASSED,
causal_conv1d_bwd_kernel,mojo_opset/tests/accuracy/functions/test_convolution.py::test_conv[B3_T1446_D8192_W4_activationNone_has_biasFalse_has_residualFalse_torch.float16],PASSED,
causal_conv1d_fwd_kernel,mojo_opset/tests/accuracy/functions/test_convolution.py::test_conv[B3_T1446_D8192_W4_activationNone_has_biasFalse_has_residualFalse_torch.float16],PASSED,
causal_conv1d_bwd_kernel,mojo_opset/tests/accuracy/functions/test_convolution.py::test_conv_varlen[N4_T500_D1024_W3_activationsilu_has_biasTrue_has_residualFalse_torch.float16],PASSED,
causal_conv1d_fwd_kernel,mojo_opset/tests/accuracy/functions/test_convolution.py::test_conv_varlen[N4_T500_D1024_W3_activationsilu_has_biasTrue_has_residualFalse_torch.float16],PASSED,
causal_conv1d_bwd_kernel,mojo_opset/tests/accuracy/functions/test_convolution.py::test_conv_varlen[N3_T1024_D256_W4_activationsilu_has_biasFalse_has_residualFalse_torch.float16],PASSED,
causal_conv1d_fwd_kernel,mojo_opset/tests/accuracy/functions/test_convolution.py::test_conv_varlen[N3_T1024_D256_W4_activationsilu_has_biasFalse_has_residualFalse_torch.float16],PASSED,
causal_conv1d_bwd_kernel,mojo_opset/tests/accuracy/functions/test_convolution.py::test_conv_varlen[N4_T500_D1024_W3_activationNone_has_biasTrue_has_residualFalse_torch.float16],PASSED,
causal_conv1d_bwd_kernel,mojo_opset/tests/accuracy/functions/test_convolution.py::test_conv_varlen[N4_T1024_D1024_W4_activationNone_has_biasFalse_has_residualFalse_torch.float16],PASSED,
causal_conv1d_fwd_kernel,mojo_opset/tests/accuracy/functions/test_convolution.py::test_conv_varlen[N4_T1024_D1024_W4_activationNone_has_biasFalse_has_residualFalse_torch.float16],PASSED,
causal_conv1d_bwd_kernel,mojo_opset/tests/accuracy/functions/test_convolution.py::test_conv_varlen[N5_T8192_D8192_W4_activationNone_has_biasFalse_has_residualFalse_torch.float32],PASSED,
causal_conv1d_fwd_kernel,mojo_opset/tests/accuracy/functions/test_convolution.py::test_conv_varlen[N5_T8192_D8192_W4_activationNone_has_biasFalse_has_residualFalse_torch.float32],PASSED,
causal_conv1d_fwd_kernel,mojo_opset/tests/accuracy/functions/test_convolution.py::test_conv_varlen[N3_T7666_D8192_W4_activationNone_has_biasFalse_has_residualFalse_torch.float32],PASSED,
causal_conv1d_bwd_kernel,mojo_opset/tests/accuracy/functions/test_convolution.py::test_conv_varlen[N5_T12291_D8192_W4_activationNone_has_biasFalse_has_residualFalse_torch.bfloat16],PASSED,
causal_conv1d_fwd_kernel,mojo_opset/tests/accuracy/functions/test_convolution.py::test_conv_varlen[N5_T12291_D8192_W4_activationNone_has_biasFalse_has_residualFalse_torch.bfloat16],PASSED,
causal_conv1d_bwd_kernel,mojo_opset/tests/accuracy/functions/test_convolution.py::test_conv_varlen[N5_T12291_D8192_W4_activationsilu_has_biasFalse_has_residualFalse_torch.bfloat16],PASSED,
causal_conv1d_fwd_kernel,mojo_opset/tests/accuracy/functions/test_convolution.py::test_conv_varlen[N5_T12291_D8192_W4_activationsilu_has_biasFalse_has_residualFalse_torch.bfloat16],PASSED,
causal_conv1d_fwd_kernel,mojo_opset/tests/accuracy/functions/test_convolution.py::test_conv_varlen[N6_T11357_D8192_W4_activationNone_has_biasFalse_has_residualFalse_torch.bfloat16],PASSED,
causal_conv1d_fwd_kernel,mojo_opset/tests/accuracy/functions/test_convolution.py::test_conv_varlen[N9_T10287_D8192_W4_activationsilu_has_biasFalse_has_residualFalse_torch.bfloat16],PASSED,
create_mask_kernel,mojo_opset/tests/accuracy/functions/test_flex_attention.py::test_flex_attention[sparse_2000_22000],PASSED,
flex_attention_backward_dkdv_kernel_tasklist,mojo_opset/tests/accuracy/functions/test_flex_attention.py::test_flex_attention[sparse_2000_22000],PASSED,
flex_attention_backward_dq_kernel,mojo_opset/tests/accuracy/functions/test_flex_attention.py::test_flex_attention[sparse_2000_22000],PASSED,
flex_attention_kernel,mojo_opset/tests/accuracy/functions/test_flex_attention.py::test_flex_attention[sparse_2000_22000],PASSED,
create_mask_kernel,mojo_opset/tests/accuracy/functions/test_flex_attention.py::test_flex_attention[full_2000_22000],PASSED,
flex_attention_backward_dkdv_kernel,mojo_opset/tests/accuracy/functions/test_flex_attention.py::test_flex_attention[full_2000_22000],PASSED,
create_mask_kernel,mojo_opset/tests/accuracy/functions/test_flex_attention.py::test_flex_attention[cross_2000_22000],PASSED,
create_mask_kernel,mojo_opset/tests/accuracy/functions/test_flex_attention.py::test_flex_attention[video_stair_6500],PASSED,
create_mask_kernel,mojo_opset/tests/accuracy/functions/test_flex_attention.py::test_flex_attention[stair_6500],PASSED,
_cross_entropy_prime_kernel,mojo_opset/tests/accuracy/functions/test_loss_function.py::test_fused_ce_forward_backward_diff[mean-False-False--100-0.0-0.0-False-2048-1024-4096],PASSED,
_element_mul_kernel,mojo_opset/tests/accuracy/functions/test_loss_function.py::test_fused_ce_forward_backward_diff[mean-False-False--100-0.0-0.0-False-2048-1024-4096],PASSED,
_cross_entropy_prime_kernel,mojo_opset/tests/accuracy/functions/test_loss_function.py::test_fused_ce_forward_backward_diff[sum-False-False--100-0.0-0.0-False-2048-1024-4096],PASSED,
_cross_entropy_prime_kernel,mojo_opset/tests/accuracy/functions/test_loss_function.py::test_fused_ce_forward_backward_diff[none-False-False--100-0.0-0.0-False-2048-1024-4096],PASSED,
_rmsnorm_bwd_kernel,mojo_opset/tests/accuracy/functions/test_normalization.py::test_rmsnorm_forward_backward_diff[x0-weight0],PASSED,
_rmsnorm_fwd_kernel,mojo_opset/tests/accuracy/functions/test_normalization.py::test_rmsnorm_forward_backward_diff[x0-weight0],PASSED,
_rmsnorm_bwd_large_cols_kernel,mojo_opset/tests/accuracy/functions/test_normalization.py::test_rmsnorm_forward_backward_diff[x1-weight1],PASSED,
_rmsnorm_fwd_kernel,mojo_opset/tests/accuracy/functions/test_normalization.py::test_rmsnorm_forward_backward_diff[x1-weight1],PASSED,
_rmsnorm_fwd_kernel,mojo_opset/tests/accuracy/functions/test_normalization.py::test_rmsnorm_forward_backward_diff[x2-weight2],PASSED,
_rmsnorm_bwd_kernel,mojo_opset/tests/accuracy/functions/test_normalization.py::test_rmsnorm_forward_backward_diff[x3-weight3],PASSED,
_rmsnorm_fwd_kernel,mojo_opset/tests/accuracy/functions/test_normalization.py::test_rmsnorm_forward_backward_diff[x3-weight3],PASSED,
_rmsnorm_fwd_kernel,mojo_opset/tests/accuracy/functions/test_normalization.py::test_rmsnorm_forward_backward_diff[x4-weight4],PASSED,
_rmsnorm_fwd_kernel,mojo_opset/tests/accuracy/functions/test_normalization.py::test_rmsnorm_forward_backward_diff[x5-weight5],PASSED,
_rmsnorm_bwd_kernel,mojo_opset/tests/accuracy/functions/test_normalization.py::test_rmsnorm_forward_backward_diff[x6-weight6],PASSED,
_rmsnorm_fwd_kernel,mojo_opset/tests/accuracy/functions/test_normalization.py::test_rmsnorm_forward_backward_diff[x6-weight6],PASSED,
_rmsnorm_bwd_large_cols_kernel,mojo_opset/tests/accuracy/functions/test_normalization.py::test_rmsnorm_forward_backward_diff[x7-weight7],PASSED,
_rmsnorm_fwd_kernel,mojo_opset/tests/accuracy/functions/test_normalization.py::test_rmsnorm_forward_backward_diff[x7-weight7],PASSED,
_rmsnorm_fwd_kernel,mojo_opset/tests/accuracy/functions/test_normalization.py::test_rmsnorm_forward_backward_diff[x8-weight8],PASSED,
_rmsnorm_bwd_kernel,mojo_opset/tests/accuracy/functions/test_normalization.py::test_rmsnorm_forward_backward_diff[x9-weight9],PASSED,
_rmsnorm_fwd_kernel,mojo_opset/tests/accuracy/functions/test_normalization.py::test_rmsnorm_forward_backward_diff[x9-weight9],PASSED,
_rmsnorm_fwd_kernel,mojo_opset/tests/accuracy/functions/test_normalization.py::test_rmsnorm_forward_backward_diff[x10-weight10],PASSED,
_rmsnorm_fwd_kernel,mojo_opset/tests/accuracy/functions/test_normalization.py::test_rmsnorm_forward_backward_diff[x11-weight11],PASSED,
_rope_kernel,mojo_opset/tests/accuracy/functions/test_position_embedding.py::test_rope_function[dtype0-128-1.0-32-8-True-1-124],PASSED,
_rope_kernel,mojo_opset/tests/accuracy/functions/test_position_embedding.py::test_rope_function[dtype0-128-1.0-32-8-True-6-555],PASSED,
UNRESOLVED,mojo_opset/tests/accuracy/functions/test_position_embedding.py::test_rope_function[dtype0-128-1.0-32-8-True-2-2048],PASSED,
_rope_kernel,mojo_opset/tests/accuracy/functions/test_position_embedding.py::test_rope_function[dtype0-128-1.0-32-4-False-1-124],PASSED,
_rope_kernel,mojo_opset/tests/accuracy/functions/test_position_embedding.py::test_rope_function[dtype0-128-1.0-32-4-False-6-555],PASSED,
UNRESOLVED,mojo_opset/tests/accuracy/functions/test_position_embedding.py::test_rope_function[dtype0-128-1.0-32-4-False-2-2048],PASSED,
_rope_kernel,mojo_opset/tests/accuracy/functions/test_position_embedding.py::test_rope_function[dtype0-128-1.0-8-2-True-1-124],PASSED,
_rope_kernel,mojo_opset/tests/accuracy/functions/test_position_embedding.py::test_rope_function[dtype0-128-1.0-8-2-True-6-555],PASSED,
UNRESOLVED,mojo_opset/tests/accuracy/functions/test_position_embedding.py::test_rope_function[dtype0-128-1.0-8-2-True-2-2048],PASSED,
_rope_kernel,mojo_opset/tests/accuracy/functions/test_position_embedding.py::test_rope_function[dtype0-128-1.0-16-1-False-1-124],PASSED,
_rope_kernel,mojo_opset/tests/accuracy/functions/test_position_embedding.py::test_rope_function[dtype0-128-1.0-16-1-False-6-555],PASSED,
UNRESOLVED,mojo_opset/tests/accuracy/functions/test_position_embedding.py::test_rope_function[dtype0-128-1.0-16-1-False-2-2048],PASSED,
_rope_kernel,mojo_opset/tests/accuracy/functions/test_position_embedding.py::test_rope_function[dtype0-128-1.0-16-8-True-1-124],PASSED,
_rope_kernel,mojo_opset/tests/accuracy/functions/test_position_embedding.py::test_rope_function[dtype0-128-1.0-16-8-True-6-555],PASSED,
UNRESOLVED,mojo_opset/tests/accuracy/functions/test_position_embedding.py::test_rope_function[dtype0-128-1.0-16-8-True-2-2048],PASSED,
_rope_kernel,mojo_opset/tests/accuracy/functions/test_position_embedding.py::test_rope_function[dtype0-128-1.0-64-8-False-1-124],PASSED,
_rope_kernel,mojo_opset/tests/accuracy/functions/test_position_embedding.py::test_rope_function[dtype0-128-1.0-64-8-False-6-555],PASSED,
UNRESOLVED,mojo_opset/tests/accuracy/functions/test_position_embedding.py::test_rope_function[dtype0-128-1.0-64-8-False-2-2048],PASSED,
_rope_kernel,mojo_opset/tests/accuracy/functions/test_position_embedding.py::test_rope_function[dtype0-128-1.0-64-4-True-1-124],PASSED,
_rope_kernel,mojo_opset/tests/accuracy/functions/test_position_embedding.py::test_rope_function[dtype0-128-1.0-64-4-True-6-555],PASSED,
UNRESOLVED,mojo_opset/tests/accuracy/functions/test_position_embedding.py::test_rope_function[dtype0-128-1.0-64-4-True-2-2048],PASSED,
_rope_kernel,mojo_opset/tests/accuracy/functions/test_position_embedding.py::test_rope_function[dtype0-128-1.0-2-1-False-1-124],PASSED,
_rope_kernel,mojo_opset/tests/accuracy/functions/test_position_embedding.py::test_rope_function[dtype0-128-1.0-2-1-False-6-555],PASSED,
UNRESOLVED,mojo_opset/tests/accuracy/functions/test_position_embedding.py::test_rope_function[dtype0-128-1.0-2-1-False-2-2048],PASSED,
_rope_kernel,mojo_opset/tests/accuracy/functions/test_position_embedding.py::test_rope_function[dtype0-88-1.0-32-8-True-1-124],PASSED,
_rope_kernel,mojo_opset/tests/accuracy/functions/test_position_embedding.py::test_rope_function[dtype0-88-1.0-32-8-True-6-555],PASSED,
UNRESOLVED,mojo_opset/tests/accuracy/functions/test_position_embedding.py::test_rope_function[dtype0-88-1.0-32-8-True-2-2048],PASSED,
_rope_kernel,mojo_opset/tests/accuracy/functions/test_position_embedding.py::test_rope_function[dtype0-88-1.0-32-4-False-1-124],PASSED,
_rope_kernel,mojo_opset/tests/accuracy/functions/test_position_embedding.py::test_rope_function[dtype0-88-1.0-32-4-False-6-555],PASSED,
UNRESOLVED,mojo_opset/tests/accuracy/functions/test_position_embedding.py::test_rope_function[dtype0-88-1.0-32-4-False-2-2048],PASSED,
_rope_kernel,mojo_opset/tests/accuracy/functions/test_position_embedding.py::test_rope_function[dtype0-88-1.0-8-2-True-1-124],PASSED,
_rope_kernel,mojo_opset/tests/accuracy/functions/test_position_embedding.py::test_rope_function[dtype0-88-1.0-8-2-True-6-555],PASSED,
UNRESOLVED,mojo_opset/tests/accuracy/functions/test_position_embedding.py::test_rope_function[dtype0-88-1.0-8-2-True-2-2048],PASSED,
_rope_kernel,mojo_opset/tests/accuracy/functions/test_position_embedding.py::test_rope_function[dtype0-88-1.0-16-1-False-1-124],PASSED,
_rope_kernel,mojo_opset/tests/accuracy/functions/test_position_embedding.py::test_rope_function[dtype0-88-1.0-16-1-False-6-555],PASSED,
UNRESOLVED,mojo_opset/tests/accuracy/functions/test_position_embedding.py::test_rope_function[dtype0-88-1.0-16-1-False-2-2048],PASSED,
_rope_kernel,mojo_opset/tests/accuracy/functions/test_position_embedding.py::test_rope_function[dtype0-88-1.0-16-8-True-1-124],PASSED,
_rope_kernel,mojo_opset/tests/accuracy/functions/test_position_embedding.py::test_rope_function[dtype0-88-1.0-16-8-True-6-555],PASSED,
UNRESOLVED,mojo_opset/tests/accuracy/functions/test_position_embedding.py::test_rope_function[dtype0-88-1.0-16-8-True-2-2048],PASSED,
_rope_kernel,mojo_opset/tests/accuracy/functions/test_position_embedding.py::test_rope_function[dtype0-88-1.0-64-8-False-1-124],PASSED,
_rope_kernel,mojo_opset/tests/accuracy/functions/test_position_embedding.py::test_rope_function[dtype0-88-1.0-64-8-False-6-555],PASSED,
UNRESOLVED,mojo_opset/tests/accuracy/functions/test_position_embedding.py::test_rope_function[dtype0-88-1.0-64-8-False-2-2048],PASSED,
_rope_kernel,mojo_opset/tests/accuracy/functions/test_position_embedding.py::test_rope_function[dtype0-88-1.0-64-4-True-1-124],PASSED,
_rope_kernel,mojo_opset/tests/accuracy/functions/test_position_embedding.py::test_rope_function[dtype0-88-1.0-64-4-True-6-555],PASSED,
UNRESOLVED,mojo_opset/tests/accuracy/functions/test_position_embedding.py::test_rope_function[dtype0-88-1.0-64-4-True-2-2048],PASSED,
_rope_kernel,mojo_opset/tests/accuracy/functions/test_position_embedding.py::test_rope_function[dtype0-88-1.0-2-1-False-1-124],PASSED,
_rope_kernel,mojo_opset/tests/accuracy/functions/test_position_embedding.py::test_rope_function[dtype0-88-1.0-2-1-False-6-555],PASSED,
UNRESOLVED,mojo_opset/tests/accuracy/functions/test_position_embedding.py::test_rope_function[dtype0-88-1.0-2-1-False-2-2048],PASSED,
_rope_kernel,mojo_opset/tests/accuracy/functions/test_position_embedding.py::test_rope_function[dtype0-128-0.375-32-8-True-1-124],PASSED,
_rope_kernel,mojo_opset/tests/accuracy/functions/test_position_embedding.py::test_rope_function[dtype0-128-0.375-32-8-True-6-555],PASSED,
UNRESOLVED,mojo_opset/tests/accuracy/functions/test_position_embedding.py::test_rope_function[dtype0-128-0.375-32-8-True-2-2048],PASSED,
_rope_kernel,mojo_opset/tests/accuracy/functions/test_position_embedding.py::test_rope_function[dtype0-128-0.375-32-4-False-1-124],PASSED,
_rope_kernel,mojo_opset/tests/accuracy/functions/test_position_embedding.py::test_rope_function[dtype0-128-0.375-32-4-False-6-555],PASSED,
UNRESOLVED,mojo_opset/tests/accuracy/functions/test_position_embedding.py::test_rope_function[dtype0-128-0.375-32-4-False-2-2048],PASSED,
_rope_kernel,mojo_opset/tests/accuracy/functions/test_position_embedding.py::test_rope_function[dtype0-128-0.375-8-2-True-1-124],PASSED,
_rope_kernel,mojo_opset/tests/accuracy/functions/test_position_embedding.py::test_rope_function[dtype0-128-0.375-8-2-True-6-555],PASSED,
UNRESOLVED,mojo_opset/tests/accuracy/functions/test_position_embedding.py::test_rope_function[dtype0-128-0.375-8-2-True-2-2048],PASSED,
_rope_kernel,mojo_opset/tests/accuracy/functions/test_position_embedding.py::test_rope_function[dtype0-128-0.375-16-1-False-1-124],PASSED,
_rope_kernel,mojo_opset/tests/accuracy/functions/test_position_embedding.py::test_rope_function[dtype0-128-0.375-16-1-False-6-555],PASSED,
UNRESOLVED,mojo_opset/tests/accuracy/functions/test_position_embedding.py::test_rope_function[dtype0-128-0.375-16-1-False-2-2048],PASSED,
_rope_kernel,mojo_opset/tests/accuracy/functions/test_position_embedding.py::test_rope_function[dtype0-128-0.375-16-8-True-1-124],PASSED,
_rope_kernel,mojo_opset/tests/accuracy/functions/test_position_embedding.py::test_rope_function[dtype0-128-0.375-16-8-True-6-555],PASSED,
UNRESOLVED,mojo_opset/tests/accuracy/functions/test_position_embedding.py::test_rope_function[dtype0-128-0.375-16-8-True-2-2048],PASSED,
_rope_kernel,mojo_opset/tests/accuracy/functions/test_position_embedding.py::test_rope_function[dtype0-128-0.375-64-8-False-1-124],PASSED,
_rope_kernel,mojo_opset/tests/accuracy/functions/test_position_embedding.py::test_rope_function[dtype0-128-0.375-64-8-False-6-555],PASSED,
UNRESOLVED,mojo_opset/tests/accuracy/functions/test_position_embedding.py::test_rope_function[dtype0-128-0.375-64-8-False-2-2048],PASSED,
_rope_kernel,mojo_opset/tests/accuracy/functions/test_position_embedding.py::test_rope_function[dtype0-128-0.375-64-4-True-1-124],PASSED,
_rope_kernel,mojo_opset/tests/accuracy/functions/test_position_embedding.py::test_rope_function[dtype0-128-0.375-64-4-True-6-555],PASSED,
UNRESOLVED,mojo_opset/tests/accuracy/functions/test_position_embedding.py::test_rope_function[dtype0-128-0.375-64-4-True-2-2048],PASSED,
_rope_kernel,mojo_opset/tests/accuracy/functions/test_position_embedding.py::test_rope_function[dtype0-128-0.375-2-1-False-1-124],PASSED,
_rope_kernel,mojo_opset/tests/accuracy/functions/test_position_embedding.py::test_rope_function[dtype0-128-0.375-2-1-False-6-555],PASSED,
UNRESOLVED,mojo_opset/tests/accuracy/functions/test_position_embedding.py::test_rope_function[dtype0-128-0.375-2-1-False-2-2048],PASSED,
_rope_kernel,mojo_opset/tests/accuracy/functions/test_position_embedding.py::test_rope_function[dtype1-128-1.0-32-8-True-1-124],PASSED,
_rope_kernel,mojo_opset/tests/accuracy/functions/test_position_embedding.py::test_rope_function[dtype1-128-1.0-32-8-True-6-555],PASSED,
UNRESOLVED,mojo_opset/tests/accuracy/functions/test_position_embedding.py::test_rope_function[dtype1-128-1.0-32-8-True-2-2048],PASSED,
_rope_kernel,mojo_opset/tests/accuracy/functions/test_position_embedding.py::test_rope_function[dtype1-128-1.0-32-4-False-1-124],PASSED,
_rope_kernel,mojo_opset/tests/accuracy/functions/test_position_embedding.py::test_rope_function[dtype1-128-1.0-32-4-False-6-555],PASSED,
UNRESOLVED,mojo_opset/tests/accuracy/functions/test_position_embedding.py::test_rope_function[dtype1-128-1.0-32-4-False-2-2048],PASSED,
_rope_kernel,mojo_opset/tests/accuracy/functions/test_position_embedding.py::test_rope_function[dtype1-128-1.0-8-2-True-1-124],PASSED,
_rope_kernel,mojo_opset/tests/accuracy/functions/test_position_embedding.py::test_rope_function[dtype1-128-1.0-8-2-True-6-555],PASSED,
UNRESOLVED,mojo_opset/tests/accuracy/functions/test_position_embedding.py::test_rope_function[dtype1-128-1.0-8-2-True-2-2048],PASSED,
_rope_kernel,mojo_opset/tests/accuracy/functions/test_position_embedding.py::test_rope_function[dtype1-128-1.0-16-1-False-1-124],PASSED,
_rope_kernel,mojo_opset/tests/accuracy/functions/test_position_embedding.py::test_rope_function[dtype1-128-1.0-16-1-False-6-555],PASSED,
UNRESOLVED,mojo_opset/tests/accuracy/functions/test_position_embedding.py::test_rope_function[dtype1-128-1.0-16-1-False-2-2048],PASSED,
_rope_kernel,mojo_opset/tests/accuracy/functions/test_position_embedding.py::test_rope_function[dtype1-128-1.0-16-8-True-1-124],PASSED,
_rope_kernel,mojo_opset/tests/accuracy/functions/test_position_embedding.py::test_rope_function[dtype1-128-1.0-16-8-True-6-555],PASSED,
UNRESOLVED,mojo_opset/tests/accuracy/functions/test_position_embedding.py::test_rope_function[dtype1-128-1.0-16-8-True-2-2048],PASSED,
_rope_kernel,mojo_opset/tests/accuracy/functions/test_position_embedding.py::test_rope_function[dtype1-128-1.0-64-8-False-1-124],PASSED,
_rope_kernel,mojo_opset/tests/accuracy/functions/test_position_embedding.py::test_rope_function[dtype1-128-1.0-64-8-False-6-555],PASSED,
UNRESOLVED,mojo_opset/tests/accuracy/functions/test_position_embedding.py::test_rope_function[dtype1-128-1.0-64-8-False-2-2048],PASSED,
_rope_kernel,mojo_opset/tests/accuracy/functions/test_position_embedding.py::test_rope_function[dtype1-128-1.0-64-4-True-1-124],PASSED,
_rope_kernel,mojo_opset/tests/accuracy/functions/test_position_embedding.py::test_rope_function[dtype1-128-1.0-64-4-True-6-555],PASSED,
UNRESOLVED,mojo_opset/tests/accuracy/functions/test_position_embedding.py::test_rope_function[dtype1-128-1.0-64-4-True-2-2048],PASSED,
_rope_kernel,mojo_opset/tests/accuracy/functions/test_position_embedding.py::test_rope_function[dtype1-128-1.0-2-1-False-1-124],PASSED,
_rope_kernel,mojo_opset/tests/accuracy/functions/test_position_embedding.py::test_rope_function[dtype1-128-1.0-2-1-False-6-555],PASSED,
UNRESOLVED,mojo_opset/tests/accuracy/functions/test_position_embedding.py::test_rope_function[dtype1-128-1.0-2-1-False-2-2048],PASSED,
_rope_kernel,mojo_opset/tests/accuracy/functions/test_position_embedding.py::test_rope_function[dtype1-88-1.0-32-8-True-1-124],PASSED,
_rope_kernel,mojo_opset/tests/accuracy/functions/test_position_embedding.py::test_rope_function[dtype1-88-1.0-32-8-True-6-555],PASSED,
UNRESOLVED,mojo_opset/tests/accuracy/functions/test_position_embedding.py::test_rope_function[dtype1-88-1.0-32-8-True-2-2048],PASSED,
_rope_kernel,mojo_opset/tests/accuracy/functions/test_position_embedding.py::test_rope_function[dtype1-88-1.0-32-4-False-1-124],PASSED,
_rope_kernel,mojo_opset/tests/accuracy/functions/test_position_embedding.py::test_rope_function[dtype1-88-1.0-32-4-False-6-555],PASSED,
UNRESOLVED,mojo_opset/tests/accuracy/functions/test_position_embedding.py::test_rope_function[dtype1-88-1.0-32-4-False-2-2048],PASSED,
_rope_kernel,mojo_opset/tests/accuracy/functions/test_position_embedding.py::test_rope_function[dtype1-88-1.0-8-2-True-1-124],PASSED,
_rope_kernel,mojo_opset/tests/accuracy/functions/test_position_embedding.py::test_rope_function[dtype1-88-1.0-8-2-True-6-555],PASSED,
UNRESOLVED,mojo_opset/tests/accuracy/functions/test_position_embedding.py::test_rope_function[dtype1-88-1.0-8-2-True-2-2048],PASSED,
_rope_kernel,mojo_opset/tests/accuracy/functions/test_position_embedding.py::test_rope_function[dtype1-88-1.0-16-1-False-1-124],PASSED,
_rope_kernel,mojo_opset/tests/accuracy/functions/test_position_embedding.py::test_rope_function[dtype1-88-1.0-16-1-False-6-555],PASSED,
UNRESOLVED,mojo_opset/tests/accuracy/functions/test_position_embedding.py::test_rope_function[dtype1-88-1.0-16-1-False-2-2048],PASSED,
_rope_kernel,mojo_opset/tests/accuracy/functions/test_position_embedding.py::test_rope_function[dtype1-88-1.0-16-8-True-1-124],PASSED,
_rope_kernel,mojo_opset/tests/accuracy/functions/test_position_embedding.py::test_rope_function[dtype1-88-1.0-16-8-True-6-555],PASSED,
UNRESOLVED,mojo_opset/tests/accuracy/functions/test_position_embedding.py::test_rope_function[dtype1-88-1.0-16-8-True-2-2048],PASSED,
_rope_kernel,mojo_opset/tests/accuracy/functions/test_position_embedding.py::test_rope_function[dtype1-88-1.0-64-8-False-1-124],PASSED,
_rope_kernel,mojo_opset/tests/accuracy/functions/test_position_embedding.py::test_rope_function[dtype1-88-1.0-64-8-False-6-555],PASSED,
UNRESOLVED,mojo_opset/tests/accuracy/functions/test_position_embedding.py::test_rope_function[dtype1-88-1.0-64-8-False-2-2048],PASSED,
_rope_kernel,mojo_opset/tests/accuracy/functions/test_position_embedding.py::test_rope_function[dtype1-88-1.0-64-4-True-1-124],PASSED,
_rope_kernel,mojo_opset/tests/accuracy/functions/test_position_embedding.py::test_rope_function[dtype1-88-1.0-64-4-True-6-555],PASSED,
UNRESOLVED,mojo_opset/tests/accuracy/functions/test_position_embedding.py::test_rope_function[dtype1-88-1.0-64-4-True-2-2048],PASSED,
_rope_kernel,mojo_opset/tests/accuracy/functions/test_position_embedding.py::test_rope_function[dtype1-88-1.0-2-1-False-1-124],PASSED,
_rope_kernel,mojo_opset/tests/accuracy/functions/test_position_embedding.py::test_rope_function[dtype1-88-1.0-2-1-False-6-555],PASSED,
UNRESOLVED,mojo_opset/tests/accuracy/functions/test_position_embedding.py::test_rope_function[dtype1-88-1.0-2-1-False-2-2048],PASSED,
_rope_kernel,mojo_opset/tests/accuracy/functions/test_position_embedding.py::test_rope_function[dtype1-128-0.375-32-8-True-1-124],PASSED,
_rope_kernel,mojo_opset/tests/accuracy/functions/test_position_embedding.py::test_rope_function[dtype1-128-0.375-32-8-True-6-555],PASSED,
UNRESOLVED,mojo_opset/tests/accuracy/functions/test_position_embedding.py::test_rope_function[dtype1-128-0.375-32-8-True-2-2048],PASSED,
_rope_kernel,mojo_opset/tests/accuracy/functions/test_position_embedding.py::test_rope_function[dtype1-128-0.375-32-4-False-1-124],PASSED,
_rope_kernel,mojo_opset/tests/accuracy/functions/test_position_embedding.py::test_rope_function[dtype1-128-0.375-32-4-False-6-555],PASSED,
UNRESOLVED,mojo_opset/tests/accuracy/functions/test_position_embedding.py::test_rope_function[dtype1-128-0.375-32-4-False-2-2048],PASSED,
_rope_kernel,mojo_opset/tests/accuracy/functions/test_position_embedding.py::test_rope_function[dtype1-128-0.375-8-2-True-1-124],PASSED,
_rope_kernel,mojo_opset/tests/accuracy/functions/test_position_embedding.py::test_rope_function[dtype1-128-0.375-8-2-True-6-555],PASSED,
UNRESOLVED,mojo_opset/tests/accuracy/functions/test_position_embedding.py::test_rope_function[dtype1-128-0.375-8-2-True-2-2048],PASSED,
_rope_kernel,mojo_opset/tests/accuracy/functions/test_position_embedding.py::test_rope_function[dtype1-128-0.375-16-1-False-1-124],PASSED,
_rope_kernel,mojo_opset/tests/accuracy/functions/test_position_embedding.py::test_rope_function[dtype1-128-0.375-16-1-False-6-555],PASSED,
UNRESOLVED,mojo_opset/tests/accuracy/functions/test_position_embedding.py::test_rope_function[dtype1-128-0.375-16-1-False-2-2048],PASSED,
_rope_kernel,mojo_opset/tests/accuracy/functions/test_position_embedding.py::test_rope_function[dtype1-128-0.375-16-8-True-1-124],PASSED,
_rope_kernel,mojo_opset/tests/accuracy/functions/test_position_embedding.py::test_rope_function[dtype1-128-0.375-16-8-True-6-555],PASSED,
UNRESOLVED,mojo_opset/tests/accuracy/functions/test_position_embedding.py::test_rope_function[dtype1-128-0.375-16-8-True-2-2048],PASSED,
_rope_kernel,mojo_opset/tests/accuracy/functions/test_position_embedding.py::test_rope_function[dtype1-128-0.375-64-8-False-1-124],PASSED,
_rope_kernel,mojo_opset/tests/accuracy/functions/test_position_embedding.py::test_rope_function[dtype1-128-0.375-64-8-False-6-555],PASSED,
UNRESOLVED,mojo_opset/tests/accuracy/functions/test_position_embedding.py::test_rope_function[dtype1-128-0.375-64-8-False-2-2048],PASSED,
_rope_kernel,mojo_opset/tests/accuracy/functions/test_position_embedding.py::test_rope_function[dtype1-128-0.375-64-4-True-1-124],PASSED,
_rope_kernel,mojo_opset/tests/accuracy/functions/test_position_embedding.py::test_rope_function[dtype1-128-0.375-64-4-True-6-555],PASSED,
UNRESOLVED,mojo_opset/tests/accuracy/functions/test_position_embedding.py::test_rope_function[dtype1-128-0.375-64-4-True-2-2048],PASSED,
_rope_kernel,mojo_opset/tests/accuracy/functions/test_position_embedding.py::test_rope_function[dtype1-128-0.375-2-1-False-1-124],PASSED,
_rope_kernel,mojo_opset/tests/accuracy/functions/test_position_embedding.py::test_rope_function[dtype1-128-0.375-2-1-False-6-555],PASSED,
UNRESOLVED,mojo_opset/tests/accuracy/functions/test_position_embedding.py::test_rope_function[dtype1-128-0.375-2-1-False-2-2048],PASSED,
_gelu_fwd_kernel,mojo_opset/tests/accuracy/operators/test_activation.py::test_gelu[shape0],PASSED,
_gelu_fwd_kernel,mojo_opset/tests/accuracy/operators/test_activation.py::test_gelu[shape1],PASSED,
_gelu_fwd_kernel,mojo_opset/tests/accuracy/operators/test_activation.py::test_gelu[shape2],PASSED,
_silu_fwd_flatten_kernel,mojo_opset/tests/accuracy/operators/test_activation.py::test_silu[shape0],PASSED,
_silu_fwd_flatten_kernel,mojo_opset/tests/accuracy/operators/test_activation.py::test_silu[shape1],PASSED,
_silu_fwd_flatten_kernel,mojo_opset/tests/accuracy/operators/test_activation.py::test_silu[shape2],PASSED,
_swiglu_fwd_kernel,mojo_opset/tests/accuracy/operators/test_activation.py::test_swiglu[shape0],PASSED,
_swiglu_fwd_kernel,mojo_opset/tests/accuracy/operators/test_activation.py::test_swiglu[shape1],PASSED,
_swiglu_fwd_kernel,mojo_opset/tests/accuracy/operators/test_activation.py::test_swiglu[shape2],PASSED,
UNRESOLVED,mojo_opset/tests/accuracy/operators/test_activation.py::test_swiglu_limit_reference,PASSED,
UNRESOLVED,mojo_opset/tests/accuracy/operators/test_activation.py::test_rotate_activation[2-1-1-128-bfloat16],SKIPPED,"No dedicated backend for TorchRotateActivation; both operands resolve to the same implementation, skipping comparison.If you are running tests, check whether the tests are decorated with @bypass_not_implemented."
UNRESOLVED,mojo_opset/tests/accuracy/operators/test_activation.py::test_rotate_activation[2-1-1-128-float16],SKIPPED,"No dedicated backend for TorchRotateActivation; both operands resolve to the same implementation, skipping comparison.If you are running tests, check whether the tests are decorated with @bypass_not_implemented."
UNRESOLVED,mojo_opset/tests/accuracy/operators/test_activation.py::test_rotate_activation[2-1-1-128-float32],SKIPPED,"No dedicated backend for TorchRotateActivation; both operands resolve to the same implementation, skipping comparison.If you are running tests, check whether the tests are decorated with @bypass_not_implemented."
UNRESOLVED,mojo_opset/tests/accuracy/operators/test_activation.py::test_rotate_activation[2-1-1-1024-bfloat16],SKIPPED,"No dedicated backend for TorchRotateActivation; both operands resolve to the same implementation, skipping comparison.If you are running tests, check whether the tests are decorated with @bypass_not_implemented."
UNRESOLVED,mojo_opset/tests/accuracy/operators/test_activation.py::test_rotate_activation[2-1-1-1024-float16],SKIPPED,"No dedicated backend for TorchRotateActivation; both operands resolve to the same implementation, skipping comparison.If you are running tests, check whether the tests are decorated with @bypass_not_implemented."
UNRESOLVED,mojo_opset/tests/accuracy/operators/test_activation.py::test_rotate_activation[2-1-1-1024-float32],SKIPPED,"No dedicated backend for TorchRotateActivation; both operands resolve to the same implementation, skipping comparison.If you are running tests, check whether the tests are decorated with @bypass_not_implemented."
UNRESOLVED,mojo_opset/tests/accuracy/operators/test_activation.py::test_rotate_activation[2-1-32-128-bfloat16],SKIPPED,"No dedicated backend for TorchRotateActivation; both operands resolve to the same implementation, skipping comparison.If you are running tests, check whether the tests are decorated with @bypass_not_implemented."
UNRESOLVED,mojo_opset/tests/accuracy/operators/test_activation.py::test_rotate_activation[2-1-32-128-float16],SKIPPED,"No dedicated backend for TorchRotateActivation; both operands resolve to the same implementation, skipping comparison.If you are running tests, check whether the tests are decorated with @bypass_not_implemented."
UNRESOLVED,mojo_opset/tests/accuracy/operators/test_activation.py::test_rotate_activation[2-1-32-128-float32],SKIPPED,"No dedicated backend for TorchRotateActivation; both operands resolve to the same implementation, skipping comparison.If you are running tests, check whether the tests are decorated with @bypass_not_implemented."
UNRESOLVED,mojo_opset/tests/accuracy/operators/test_activation.py::test_rotate_activation[2-1-32-1024-bfloat16],SKIPPED,"No dedicated backend for TorchRotateActivation; both operands resolve to the same implementation, skipping comparison.If you are running tests, check whether the tests are decorated with @bypass_not_implemented."
UNRESOLVED,mojo_opset/tests/accuracy/operators/test_activation.py::test_rotate_activation[2-1-32-1024-float16],SKIPPED,"No dedicated backend for TorchRotateActivation; both operands resolve to the same implementation, skipping comparison.If you are running tests, check whether the tests are decorated with @bypass_not_implemented."
UNRESOLVED,mojo_opset/tests/accuracy/operators/test_activation.py::test_rotate_activation[2-1-32-1024-float32],SKIPPED,"No dedicated backend for TorchRotateActivation; both operands resolve to the same implementation, skipping comparison.If you are running tests, check whether the tests are decorated with @bypass_not_implemented."
UNRESOLVED,mojo_opset/tests/accuracy/operators/test_activation.py::test_rotate_activation[2-2048-1-128-bfloat16],SKIPPED,"No dedicated backend for TorchRotateActivation; both operands resolve to the same implementation, skipping comparison.If you are running tests, check whether the tests are decorated with @bypass_not_implemented."
UNRESOLVED,mojo_opset/tests/accuracy/operators/test_activation.py::test_rotate_activation[2-2048-1-128-float16],SKIPPED,"No dedicated backend for TorchRotateActivation; both operands resolve to the same implementation, skipping comparison.If you are running tests, check whether the tests are decorated with @bypass_not_implemented."
UNRESOLVED,mojo_opset/tests/accuracy/operators/test_activation.py::test_rotate_activation[2-2048-1-128-float32],SKIPPED,"No dedicated backend for TorchRotateActivation; both operands resolve to the same implementation, skipping comparison.If you are running tests, check whether the tests are decorated with @bypass_not_implemented."
UNRESOLVED,mojo_opset/tests/accuracy/operators/test_activation.py::test_rotate_activation[2-2048-1-1024-bfloat16],SKIPPED,"No dedicated backend for TorchRotateActivation; both operands resolve to the same implementation, skipping comparison.If you are running tests, check whether the tests are decorated with @bypass_not_implemented."
UNRESOLVED,mojo_opset/tests/accuracy/operators/test_activation.py::test_rotate_activation[2-2048-1-1024-float16],SKIPPED,"No dedicated backend for TorchRotateActivation; both operands resolve to the same implementation, skipping comparison.If you are running tests, check whether the tests are decorated with @bypass_not_implemented."
UNRESOLVED,mojo_opset/tests/accuracy/operators/test_activation.py::test_rotate_activation[2-2048-1-1024-float32],SKIPPED,"No dedicated backend for TorchRotateActivation; both operands resolve to the same implementation, skipping comparison.If you are running tests, check whether the tests are decorated with @bypass_not_implemented."
UNRESOLVED,mojo_opset/tests/accuracy/operators/test_activation.py::test_rotate_activation[2-2048-32-128-bfloat16],SKIPPED,"No dedicated backend for TorchRotateActivation; both operands resolve to the same implementation, skipping comparison.If you are running tests, check whether the tests are decorated with @bypass_not_implemented."
UNRESOLVED,mojo_opset/tests/accuracy/operators/test_activation.py::test_rotate_activation[2-2048-32-128-float16],SKIPPED,"No dedicated backend for TorchRotateActivation; both operands resolve to the same implementation, skipping comparison.If you are running tests, check whether the tests are decorated with @bypass_not_implemented."
UNRESOLVED,mojo_opset/tests/accuracy/operators/test_activation.py::test_rotate_activation[2-2048-32-128-float32],SKIPPED,"No dedicated backend for TorchRotateActivation; both operands resolve to the same implementation, skipping comparison.If you are running tests, check whether the tests are decorated with @bypass_not_implemented."
UNRESOLVED,mojo_opset/tests/accuracy/operators/test_activation.py::test_rotate_activation[2-2048-32-1024-bfloat16],SKIPPED,"No dedicated backend for TorchRotateActivation; both operands resolve to the same implementation, skipping comparison.If you are running tests, check whether the tests are decorated with @bypass_not_implemented."
UNRESOLVED,mojo_opset/tests/accuracy/operators/test_activation.py::test_rotate_activation[2-2048-32-1024-float16],SKIPPED,"No dedicated backend for TorchRotateActivation; both operands resolve to the same implementation, skipping comparison.If you are running tests, check whether the tests are decorated with @bypass_not_implemented."
UNRESOLVED,mojo_opset/tests/accuracy/operators/test_activation.py::test_rotate_activation[2-2048-32-1024-float32],SKIPPED,"No dedicated backend for TorchRotateActivation; both operands resolve to the same implementation, skipping comparison.If you are running tests, check whether the tests are decorated with @bypass_not_implemented."
UNRESOLVED,mojo_opset/tests/accuracy/operators/test_activation.py::test_rotate_activation[8-1-1-128-bfloat16],SKIPPED,"No dedicated backend for TorchRotateActivation; both operands resolve to the same implementation, skipping comparison.If you are running tests, check whether the tests are decorated with @bypass_not_implemented."
UNRESOLVED,mojo_opset/tests/accuracy/operators/test_activation.py::test_rotate_activation[8-1-1-128-float16],SKIPPED,"No dedicated backend for TorchRotateActivation; both operands resolve to the same implementation, skipping comparison.If you are running tests, check whether the tests are decorated with @bypass_not_implemented."
UNRESOLVED,mojo_opset/tests/accuracy/operators/test_activation.py::test_rotate_activation[8-1-1-128-float32],SKIPPED,"No dedicated backend for TorchRotateActivation; both operands resolve to the same implementation, skipping comparison.If you are running tests, check whether the tests are decorated with @bypass_not_implemented."
UNRESOLVED,mojo_opset/tests/accuracy/operators/test_activation.py::test_rotate_activation[8-1-1-1024-bfloat16],SKIPPED,"No dedicated backend for TorchRotateActivation; both operands resolve to the same implementation, skipping comparison.If you are running tests, check whether the tests are decorated with @bypass_not_implemented."
UNRESOLVED,mojo_opset/tests/accuracy/operators/test_activation.py::test_rotate_activation[8-1-1-1024-float16],SKIPPED,"No dedicated backend for TorchRotateActivation; both operands resolve to the same implementation, skipping comparison.If you are running tests, check whether the tests are decorated with @bypass_not_implemented."
UNRESOLVED,mojo_opset/tests/accuracy/operators/test_activation.py::test_rotate_activation[8-1-1-1024-float32],SKIPPED,"No dedicated backend for TorchRotateActivation; both operands resolve to the same implementation, skipping comparison.If you are running tests, check whether the tests are decorated with @bypass_not_implemented."
UNRESOLVED,mojo_opset/tests/accuracy/operators/test_activation.py::test_rotate_activation[8-1-32-128-bfloat16],SKIPPED,"No dedicated backend for TorchRotateActivation; both operands resolve to the same implementation, skipping comparison.If you are running tests, check whether the tests are decorated with @bypass_not_implemented."
UNRESOLVED,mojo_opset/tests/accuracy/operators/test_activation.py::test_rotate_activation[8-1-32-128-float16],SKIPPED,"No dedicated backend for TorchRotateActivation; both operands resolve to the same implementation, skipping comparison.If you are running tests, check whether the tests are decorated with @bypass_not_implemented."
UNRESOLVED,mojo_opset/tests/accuracy/operators/test_activation.py::test_rotate_activation[8-1-32-128-float32],SKIPPED,"No dedicated backend for TorchRotateActivation; both operands resolve to the same implementation, skipping comparison.If you are running tests, check whether the tests are decorated with @bypass_not_implemented."
UNRESOLVED,mojo_opset/tests/accuracy/operators/test_activation.py::test_rotate_activation[8-1-32-1024-bfloat16],SKIPPED,"No dedicated backend for TorchRotateActivation; both operands resolve to the same implementation, skipping comparison.If you are running tests, check whether the tests are decorated with @bypass_not_implemented."
UNRESOLVED,mojo_opset/tests/accuracy/operators/test_activation.py::test_rotate_activation[8-1-32-1024-float16],SKIPPED,"No dedicated backend for TorchRotateActivation; both operands resolve to the same implementation, skipping comparison.If you are running tests, check whether the tests are decorated with @bypass_not_implemented."
UNRESOLVED,mojo_opset/tests/accuracy/operators/test_activation.py::test_rotate_activation[8-1-32-1024-float32],SKIPPED,"No dedicated backend for TorchRotateActivation; both operands resolve to the same implementation, skipping comparison.If you are running tests, check whether the tests are decorated with @bypass_not_implemented."
UNRESOLVED,mojo_opset/tests/accuracy/operators/test_activation.py::test_rotate_activation[8-2048-1-128-bfloat16],SKIPPED,"No dedicated backend for TorchRotateActivation; both operands resolve to the same implementation, skipping comparison.If you are running tests, check whether the tests are decorated with @bypass_not_implemented."
UNRESOLVED,mojo_opset/tests/accuracy/operators/test_activation.py::test_rotate_activation[8-2048-1-128-float16],SKIPPED,"No dedicated backend for TorchRotateActivation; both operands resolve to the same implementation, skipping comparison.If you are running tests, check whether the tests are decorated with @bypass_not_implemented."
UNRESOLVED,mojo_opset/tests/accuracy/operators/test_activation.py::test_rotate_activation[8-2048-1-128-float32],SKIPPED,"No dedicated backend for TorchRotateActivation; both operands resolve to the same implementation, skipping comparison.If you are running tests, check whether the tests are decorated with @bypass_not_implemented."
UNRESOLVED,mojo_opset/tests/accuracy/operators/test_activation.py::test_rotate_activation[8-2048-1-1024-bfloat16],SKIPPED,"No dedicated backend for TorchRotateActivation; both operands resolve to the same implementation, skipping comparison.If you are running tests, check whether the tests are decorated with @bypass_not_implemented."
UNRESOLVED,mojo_opset/tests/accuracy/operators/test_activation.py::test_rotate_activation[8-2048-1-1024-float16],SKIPPED,"No dedicated backend for TorchRotateActivation; both operands resolve to the same implementation, skipping comparison.If you are running tests, check whether the tests are decorated with @bypass_not_implemented."
UNRESOLVED,mojo_opset/tests/accuracy/operators/test_activation.py::test_rotate_activation[8-2048-1-1024-float32],SKIPPED,"No dedicated backend for TorchRotateActivation; both operands resolve to the same implementation, skipping comparison.If you are running tests, check whether the tests are decorated with @bypass_not_implemented."
UNRESOLVED,mojo_opset/tests/accuracy/operators/test_activation.py::test_rotate_activation[8-2048-32-128-bfloat16],SKIPPED,"No dedicated backend for TorchRotateActivation; both operands resolve to the same implementation, skipping comparison.If you are running tests, check whether the tests are decorated with @bypass_not_implemented."
UNRESOLVED,mojo_opset/tests/accuracy/operators/test_activation.py::test_rotate_activation[8-2048-32-128-float16],SKIPPED,"No dedicated backend for TorchRotateActivation; both operands resolve to the same implementation, skipping comparison.If you are running tests, check whether the tests are decorated with @bypass_not_implemented."
UNRESOLVED,mojo_opset/tests/accuracy/operators/test_activation.py::test_rotate_activation[8-2048-32-128-float32],SKIPPED,"No dedicated backend for TorchRotateActivation; both operands resolve to the same implementation, skipping comparison.If you are running tests, check whether the tests are decorated with @bypass_not_implemented."
UNRESOLVED,mojo_opset/tests/accuracy/operators/test_activation.py::test_rotate_activation[8-2048-32-1024-bfloat16],SKIPPED,"No dedicated backend for TorchRotateActivation; both operands resolve to the same implementation, skipping comparison.If you are running tests, check whether the tests are decorated with @bypass_not_implemented."
UNRESOLVED,mojo_opset/tests/accuracy/operators/test_activation.py::test_rotate_activation[8-2048-32-1024-float16],SKIPPED,"No dedicated backend for TorchRotateActivation; both operands resolve to the same implementation, skipping comparison.If you are running tests, check whether the tests are decorated with @bypass_not_implemented."
UNRESOLVED,mojo_opset/tests/accuracy/operators/test_activation.py::test_rotate_activation[8-2048-32-1024-float32],SKIPPED,"No dedicated backend for TorchRotateActivation; both operands resolve to the same implementation, skipping comparison.If you are running tests, check whether the tests are decorated with @bypass_not_implemented."
UNRESOLVED,mojo_opset/tests/accuracy/operators/test_activation.py::test_rotate_activation[32-1-1-128-bfloat16],SKIPPED,"No dedicated backend for TorchRotateActivation; both operands resolve to the same implementation, skipping comparison.If you are running tests, check whether the tests are decorated with @bypass_not_implemented."
UNRESOLVED,mojo_opset/tests/accuracy/operators/test_activation.py::test_rotate_activation[32-1-1-128-float16],SKIPPED,"No dedicated backend for TorchRotateActivation; both operands resolve to the same implementation, skipping comparison.If you are running tests, check whether the tests are decorated with @bypass_not_implemented."
UNRESOLVED,mojo_opset/tests/accuracy/operators/test_activation.py::test_rotate_activation[32-1-1-128-float32],SKIPPED,"No dedicated backend for TorchRotateActivation; both operands resolve to the same implementation, skipping comparison.If you are running tests, check whether the tests are decorated with @bypass_not_implemented."
UNRESOLVED,mojo_opset/tests/accuracy/operators/test_activation.py::test_rotate_activation[32-1-1-1024-bfloat16],SKIPPED,"No dedicated backend for TorchRotateActivation; both operands resolve to the same implementation, skipping comparison.If you are running tests, check whether the tests are decorated with @bypass_not_implemented."
UNRESOLVED,mojo_opset/tests/accuracy/operators/test_activation.py::test_rotate_activation[32-1-1-1024-float16],SKIPPED,"No dedicated backend for TorchRotateActivation; both operands resolve to the same implementation, skipping comparison.If you are running tests, check whether the tests are decorated with @bypass_not_implemented."
UNRESOLVED,mojo_opset/tests/accuracy/operators/test_activation.py::test_rotate_activation[32-1-1-1024-float32],SKIPPED,"No dedicated backend for TorchRotateActivation; both operands resolve to the same implementation, skipping comparison.If you are running tests, check whether the tests are decorated with @bypass_not_implemented."
UNRESOLVED,mojo_opset/tests/accuracy/operators/test_activation.py::test_rotate_activation[32-1-32-128-bfloat16],SKIPPED,"No dedicated backend for TorchRotateActivation; both operands resolve to the same implementation, skipping comparison.If you are running tests, check whether the tests are decorated with @bypass_not_implemented."
UNRESOLVED,mojo_opset/tests/accuracy/operators/test_activation.py::test_rotate_activation[32-1-32-128-float16],SKIPPED,"No dedicated backend for TorchRotateActivation; both operands resolve to the same implementation, skipping comparison.If you are running tests, check whether the tests are decorated with @bypass_not_implemented."
UNRESOLVED,mojo_opset/tests/accuracy/operators/test_activation.py::test_rotate_activation[32-1-32-128-float32],SKIPPED,"No dedicated backend for TorchRotateActivation; both operands resolve to the same implementation, skipping comparison.If you are running tests, check whether the tests are decorated with @bypass_not_implemented."
UNRESOLVED,mojo_opset/tests/accuracy/operators/test_activation.py::test_rotate_activation[32-1-32-1024-bfloat16],SKIPPED,"No dedicated backend for TorchRotateActivation; both operands resolve to the same implementation, skipping comparison.If you are running tests, check whether the tests are decorated with @bypass_not_implemented."
UNRESOLVED,mojo_opset/tests/accuracy/operators/test_activation.py::test_rotate_activation[32-1-32-1024-float16],SKIPPED,"No dedicated backend for TorchRotateActivation; both operands resolve to the same implementation, skipping comparison.If you are running tests, check whether the tests are decorated with @bypass_not_implemented."
UNRESOLVED,mojo_opset/tests/accuracy/operators/test_activation.py::test_rotate_activation[32-1-32-1024-float32],SKIPPED,"No dedicated backend for TorchRotateActivation; both operands resolve to the same implementation, skipping comparison.If you are running tests, check whether the tests are decorated with @bypass_not_implemented."
UNRESOLVED,mojo_opset/tests/accuracy/operators/test_activation.py::test_rotate_activation[32-2048-1-128-bfloat16],SKIPPED,"No dedicated backend for TorchRotateActivation; both operands resolve to the same implementation, skipping comparison.If you are running tests, check whether the tests are decorated with @bypass_not_implemented."
UNRESOLVED,mojo_opset/tests/accuracy/operators/test_activation.py::test_rotate_activation[32-2048-1-128-float16],SKIPPED,"No dedicated backend for TorchRotateActivation; both operands resolve to the same implementation, skipping comparison.If you are running tests, check whether the tests are decorated with @bypass_not_implemented."
UNRESOLVED,mojo_opset/tests/accuracy/operators/test_activation.py::test_rotate_activation[32-2048-1-128-float32],SKIPPED,"No dedicated backend for TorchRotateActivation; both operands resolve to the same implementation, skipping comparison.If you are running tests, check whether the tests are decorated with @bypass_not_implemented."
UNRESOLVED,mojo_opset/tests/accuracy/operators/test_activation.py::test_rotate_activation[32-2048-1-1024-bfloat16],SKIPPED,"No dedicated backend for TorchRotateActivation; both operands resolve to the same implementation, skipping comparison.If you are running tests, check whether the tests are decorated with @bypass_not_implemented."
UNRESOLVED,mojo_opset/tests/accuracy/operators/test_activation.py::test_rotate_activation[32-2048-1-1024-float16],SKIPPED,"No dedicated backend for TorchRotateActivation; both operands resolve to the same implementation, skipping comparison.If you are running tests, check whether the tests are decorated with @bypass_not_implemented."
UNRESOLVED,mojo_opset/tests/accuracy/operators/test_activation.py::test_rotate_activation[32-2048-1-1024-float32],SKIPPED,"No dedicated backend for TorchRotateActivation; both operands resolve to the same implementation, skipping comparison.If you are running tests, check whether the tests are decorated with @bypass_not_implemented."
UNRESOLVED,mojo_opset/tests/accuracy/operators/test_activation.py::test_rotate_activation[32-2048-32-128-bfloat16],SKIPPED,"No dedicated backend for TorchRotateActivation; both operands resolve to the same implementation, skipping comparison.If you are running tests, check whether the tests are decorated with @bypass_not_implemented."
UNRESOLVED,mojo_opset/tests/accuracy/operators/test_activation.py::test_rotate_activation[32-2048-32-128-float16],SKIPPED,"No dedicated backend for TorchRotateActivation; both operands resolve to the same implementation, skipping comparison.If you are running tests, check whether the tests are decorated with @bypass_not_implemented."
UNRESOLVED,mojo_opset/tests/accuracy/operators/test_activation.py::test_rotate_activation[32-2048-32-128-float32],SKIPPED,"No dedicated backend for TorchRotateActivation; both operands resolve to the same implementation, skipping comparison.If you are running tests, check whether the tests are decorated with @bypass_not_implemented."
UNRESOLVED,mojo_opset/tests/accuracy/operators/test_activation.py::test_rotate_activation[32-2048-32-1024-bfloat16],SKIPPED,"No dedicated backend for TorchRotateActivation; both operands resolve to the same implementation, skipping comparison.If you are running tests, check whether the tests are decorated with @bypass_not_implemented."
UNRESOLVED,mojo_opset/tests/accuracy/operators/test_activation.py::test_rotate_activation[32-2048-32-1024-float16],SKIPPED,"No dedicated backend for TorchRotateActivation; both operands resolve to the same implementation, skipping comparison.If you are running tests, check whether the tests are decorated with @bypass_not_implemented."
UNRESOLVED,mojo_opset/tests/accuracy/operators/test_activation.py::test_rotate_activation[32-2048-32-1024-float32],SKIPPED,"No dedicated backend for TorchRotateActivation; both operands resolve to the same implementation, skipping comparison.If you are running tests, check whether the tests are decorated with @bypass_not_implemented."
paged_decode_kernel,mojo_opset/tests/accuracy/operators/test_attention.py::test_paged_decode_gqa[ABAB-M_BF16],PASSED,
paged_decode_kernel,mojo_opset/tests/accuracy/operators/test_attention.py::test_paged_decode_gqa[ABAB-M_BF16_PADDIM],PASSED,
paged_decode_fd_kernel,mojo_opset/tests/accuracy/operators/test_attention.py::test_paged_decode_gqa[ABAB-M_BF16_LONG],PASSED,
paged_decode_fd_reduce_kernel,mojo_opset/tests/accuracy/operators/test_attention.py::test_paged_decode_gqa[ABAB-M_BF16_LONG],PASSED,
paged_decode_kernel,mojo_opset/tests/accuracy/operators/test_attention.py::test_paged_decode_gqa[ABAB-M_BF16_BIGPAGE],PASSED,
paged_decode_kernel,mojo_opset/tests/accuracy/operators/test_attention.py::test_paged_decode_gqa[ABAB-M_BF16_PADSEQ],PASSED,
paged_decode_kernel,mojo_opset/tests/accuracy/operators/test_attention.py::test_paged_decode_gqa[AABB-M_BF16],PASSED,
paged_decode_kernel,mojo_opset/tests/accuracy/operators/test_attention.py::test_paged_decode_gqa[AABB-M_BF16_PADDIM],PASSED,
paged_decode_fd_kernel,mojo_opset/tests/accuracy/operators/test_attention.py::test_paged_decode_gqa[AABB-M_BF16_LONG],PASSED,
paged_decode_fd_reduce_kernel,mojo_opset/tests/accuracy/operators/test_attention.py::test_paged_decode_gqa[AABB-M_BF16_LONG],PASSED,
paged_decode_kernel,mojo_opset/tests/accuracy/operators/test_attention.py::test_paged_decode_gqa[AABB-M_BF16_BIGPAGE],PASSED,
paged_decode_kernel,mojo_opset/tests/accuracy/operators/test_attention.py::test_paged_decode_gqa[AABB-M_BF16_PADSEQ],PASSED,
UNRESOLVED,mojo_opset/tests/accuracy/operators/test_attention.py::test_paged_decode_gqa_with_graph[AABB-M_BF16],SKIPPED,Test only for Ixformer
UNRESOLVED,mojo_opset/tests/accuracy/operators/test_attention.py::test_paged_decode_gqa_with_graph[AABB-M_BF16_PADDIM],SKIPPED,Test only for Ixformer
UNRESOLVED,mojo_opset/tests/accuracy/operators/test_attention.py::test_paged_decode_gqa_with_graph[AABB-M_BF16_LONG],SKIPPED,Test only for Ixformer
UNRESOLVED,mojo_opset/tests/accuracy/operators/test_attention.py::test_paged_decode_gqa_with_graph[AABB-M_BF16_BIGPAGE],SKIPPED,Test only for Ixformer
UNRESOLVED,mojo_opset/tests/accuracy/operators/test_attention.py::test_paged_decode_gqa_with_graph[AABB-M_BF16_PADSEQ],SKIPPED,Test only for Ixformer
paged_prefill_page_aggregation_kernel,mojo_opset/tests/accuracy/operators/test_attention.py::test_paged_prefill_gqa[ABAB-M_BF16],PASSED,
paged_prefill_kernel,mojo_opset/tests/accuracy/operators/test_attention.py::test_paged_prefill_gqa[ABAB-M_BF16_PADDIM],PASSED,
paged_prefill_kernel,mojo_opset/tests/accuracy/operators/test_attention.py::test_paged_prefill_gqa[ABAB-M_BF16_WITH_CACHE],PASSED,
paged_prefill_kernel,mojo_opset/tests/accuracy/operators/test_attention.py::test_paged_prefill_gqa[ABAB-M_BF16_BIGPAGE],PASSED,
paged_prefill_kernel,mojo_opset/tests/accuracy/operators/test_attention.py::test_paged_prefill_gqa[ABAB-M_BF16_PADSEQ],PASSED,
paged_prefill_page_aggregation_kernel,mojo_opset/tests/accuracy/operators/test_attention.py::test_paged_prefill_gqa[AABB-M_BF16],PASSED,
paged_prefill_kernel,mojo_opset/tests/accuracy/operators/test_attention.py::test_paged_prefill_gqa[AABB-M_BF16_PADDIM],PASSED,
paged_prefill_kernel,mojo_opset/tests/accuracy/operators/test_attention.py::test_paged_prefill_gqa[AABB-M_BF16_WITH_CACHE],PASSED,
paged_prefill_kernel,mojo_opset/tests/accuracy/operators/test_attention.py::test_paged_prefill_gqa[AABB-M_BF16_BIGPAGE],PASSED,
paged_prefill_kernel,mojo_opset/tests/accuracy/operators/test_attention.py::test_paged_prefill_gqa[AABB-M_BF16_PADSEQ],PASSED,
paged_prefill_page_aggregation_kernel,mojo_opset/tests/accuracy/operators/test_attention.py::test_paged_prefill_gqa_bucket_padded_varlen[ABAB],PASSED,
paged_prefill_page_aggregation_kernel,mojo_opset/tests/accuracy/operators/test_attention.py::test_paged_prefill_gqa_bucket_padded_varlen[AABB],PASSED,
UNRESOLVED,mojo_opset/tests/accuracy/operators/test_attention.py::test_paged_prefill_gqa_with_graph[AABB-M_BF16],SKIPPED,Test only for Ixformer
UNRESOLVED,mojo_opset/tests/accuracy/operators/test_attention.py::test_paged_prefill_gqa_with_graph[AABB-M_BF16_PADDIM],SKIPPED,Test only for Ixformer
UNRESOLVED,mojo_opset/tests/accuracy/operators/test_attention.py::test_paged_prefill_gqa_with_graph[AABB-M_BF16_WITH_CACHE],SKIPPED,Test only for Ixformer
UNRESOLVED,mojo_opset/tests/accuracy/operators/test_attention.py::test_paged_prefill_gqa_with_graph[AABB-M_BF16_BIGPAGE],SKIPPED,Test only for Ixformer
_sdpa_infer_kernel,mojo_opset/tests/accuracy/operators/test_attention.py::test_sdpa[1-5-1-128-2048-32],PASSED,
_sdpa_infer_kernel,mojo_opset/tests/accuracy/operators/test_attention.py::test_sdpa_without_mask[1-4-2-512-512-64],PASSED,
UNRESOLVED,mojo_opset/tests/accuracy/operators/test_attention.py::test_decode_gqa[ABAB-4-16-4-128-256],SKIPPED,"No dedicated backend for TorchDecodeGQA; both operands resolve to the same implementation, skipping comparison.If you are running tests, check whether the tests are decorated with @bypass_not_implemented."
UNRESOLVED,mojo_opset/tests/accuracy/operators/test_attention.py::test_decode_gqa[ABAB-2-8-1-64-512],SKIPPED,"No dedicated backend for TorchDecodeGQA; both operands resolve to the same implementation, skipping comparison.If you are running tests, check whether the tests are decorated with @bypass_not_implemented."
UNRESOLVED,mojo_opset/tests/accuracy/operators/test_attention.py::test_decode_gqa[AABB-4-16-4-128-256],SKIPPED,"No dedicated backend for TorchDecodeGQA; both operands resolve to the same implementation, skipping comparison.If you are running tests, check whether the tests are decorated with @bypass_not_implemented."
UNRESOLVED,mojo_opset/tests/accuracy/operators/test_attention.py::test_decode_gqa[AABB-2-8-1-64-512],SKIPPED,"No dedicated backend for TorchDecodeGQA; both operands resolve to the same implementation, skipping comparison.If you are running tests, check whether the tests are decorated with @bypass_not_implemented."
UNRESOLVED,mojo_opset/tests/accuracy/operators/test_attention.py::test_decode_mla[4-16-96-32-128-64-256],SKIPPED,"No dedicated backend for TorchDecodeMLA; both operands resolve to the same implementation, skipping comparison.If you are running tests, check whether the tests are decorated with @bypass_not_implemented."
UNRESOLVED,mojo_opset/tests/accuracy/operators/test_attention.py::test_prefill_mla[8-64-32-64-32],SKIPPED,"No dedicated backend for TorchPrefillMLA; both operands resolve to the same implementation, skipping comparison.If you are running tests, check whether the tests are decorated with @bypass_not_implemented."
UNRESOLVED,mojo_opset/tests/accuracy/operators/test_attention.py::test_mla_attn_sink_parameter_is_optional,PASSED,
UNRESOLVED,mojo_opset/tests/accuracy/operators/test_attention.py::test_decode_mla_attn_sink_reference,PASSED,
UNRESOLVED,mojo_opset/tests/accuracy/operators/test_attention.py::test_decode_nsa[2-8-64-256],SKIPPED,"No dedicated backend for TorchDecodeNSA; both operands resolve to the same implementation, skipping comparison.If you are running tests, check whether the tests are decorated with @bypass_not_implemented."
UNRESOLVED,mojo_opset/tests/accuracy/operators/test_attention.py::test_prefill_gqa[ABAB-2-16-4-128-64],PASSED,
UNRESOLVED,mojo_opset/tests/accuracy/operators/test_attention.py::test_prefill_gqa[ABAB-1-8-1-64-128],SKIPPED,"NPU kernel requires head_dim % 128 == 0, got 64"
UNRESOLVED,mojo_opset/tests/accuracy/operators/test_attention.py::test_prefill_gqa[AABB-2-16-4-128-64],PASSED,
UNRESOLVED,mojo_opset/tests/accuracy/operators/test_attention.py::test_prefill_gqa[AABB-1-8-1-64-128],SKIPPED,"NPU kernel requires head_dim % 128 == 0, got 64"
UNRESOLVED,mojo_opset/tests/accuracy/operators/test_attention.py::test_paged_decode_mla[4-16-96-32-128-64-256-64],SKIPPED,"No dedicated backend for TorchPagedDecodeMLA; both operands resolve to the same implementation, skipping comparison.If you are running tests, check whether the tests are decorated with @bypass_not_implemented."
UNRESOLVED,mojo_opset/tests/accuracy/operators/test_attention.py::test_paged_decode_mla[2-8-64-32-64-32-128-32],SKIPPED,"No dedicated backend for TorchPagedDecodeMLA; both operands resolve to the same implementation, skipping comparison.If you are running tests, check whether the tests are decorated with @bypass_not_implemented."
UNRESOLVED,mojo_opset/tests/accuracy/operators/test_attention.py::test_paged_decode_mla[3-8-64-32-64-32-0-32],SKIPPED,"No dedicated backend for TorchPagedDecodeMLA; both operands resolve to the same implementation, skipping comparison.If you are running tests, check whether the tests are decorated with @bypass_not_implemented."
UNRESOLVED,mojo_opset/tests/accuracy/operators/test_attention.py::test_paged_prefill_mla[2-8-64-32-64-32-48-32],SKIPPED,"No dedicated backend for TorchPagedPrefillMLA; both operands resolve to the same implementation, skipping comparison.If you are running tests, check whether the tests are decorated with @bypass_not_implemented."
UNRESOLVED,mojo_opset/tests/accuracy/operators/test_attention.py::test_paged_prefill_mla[3-8-64-32-64-32-0-32],SKIPPED,"No dedicated backend for TorchPagedPrefillMLA; both operands resolve to the same implementation, skipping comparison.If you are running tests, check whether the tests are decorated with @bypass_not_implemented."
UNRESOLVED,mojo_opset/tests/accuracy/operators/test_attention.py::test_paged_decode_nsa[2-8-64-256-64],SKIPPED,"No dedicated backend for TorchPagedDecodeNSA; both operands resolve to the same implementation, skipping comparison.If you are running tests, check whether the tests are decorated with @bypass_not_implemented."
UNRESOLVED,mojo_opset/tests/accuracy/operators/test_attention.py::test_prefill_nsa[4-64],SKIPPED,"No dedicated backend for TorchPrefillNSA; both operands resolve to the same implementation, skipping comparison.If you are running tests, check whether the tests are decorated with @bypass_not_implemented."
UNRESOLVED,mojo_opset/tests/accuracy/operators/test_attention.py::test_paged_prefill_nsa[4-64-32],SKIPPED,"No dedicated backend for TorchPagedPrefillNSA; both operands resolve to the same implementation, skipping comparison.If you are running tests, check whether the tests are decorated with @bypass_not_implemented."
_swa_paged_prefill_aggregation_kernel,mojo_opset/tests/accuracy/operators/test_attention.py::test_paged_prefill_swa[ABAB-4-255-M_BF16],PASSED,
_swa_paged_prefill_kernel,mojo_opset/tests/accuracy/operators/test_attention.py::test_paged_prefill_swa[ABAB-4-255-M_BF16_PADDIM],PASSED,
_swa_paged_prefill_kernel,mojo_opset/tests/accuracy/operators/test_attention.py::test_paged_prefill_swa[ABAB-4-255-M_BF16_WITH_CACHE],PASSED,
_swa_paged_prefill_kernel,mojo_opset/tests/accuracy/operators/test_attention.py::test_paged_prefill_swa[ABAB-4-255-M_BF16_BIGPAGE],PASSED,
_swa_paged_prefill_kernel,mojo_opset/tests/accuracy/operators/test_attention.py::test_paged_prefill_swa[ABAB-4-255-M_BF16_PADSEQ],PASSED,
_swa_paged_prefill_kernel,mojo_opset/tests/accuracy/operators/test_attention.py::test_paged_prefill_swa[ABAB-4-255-M_BF16_GROUP1],PASSED,
_swa_paged_prefill_kernel,mojo_opset/tests/accuracy/operators/test_attention.py::test_paged_prefill_swa[ABAB-4-255-M_BF16_GROUP2],PASSED,
_swa_paged_prefill_aggregation_kernel,mojo_opset/tests/accuracy/operators/test_attention.py::test_paged_prefill_swa[AABB-4-1023-M_BF16],PASSED,
_swa_paged_prefill_kernel,mojo_opset/tests/accuracy/operators/test_attention.py::test_paged_prefill_swa[AABB-4-1023-M_BF16_PADDIM],PASSED,
_swa_paged_prefill_kernel,mojo_opset/tests/accuracy/operators/test_attention.py::test_paged_prefill_swa[AABB-4-1023-M_BF16_WITH_CACHE],PASSED,
_swa_paged_prefill_kernel,mojo_opset/tests/accuracy/operators/test_attention.py::test_paged_prefill_swa[AABB-4-1023-M_BF16_BIGPAGE],PASSED,
_swa_paged_prefill_kernel,mojo_opset/tests/accuracy/operators/test_attention.py::test_paged_prefill_swa[AABB-4-1023-M_BF16_PADSEQ],PASSED,
_swa_paged_prefill_kernel,mojo_opset/tests/accuracy/operators/test_attention.py::test_paged_prefill_swa[AABB-4-1023-M_BF16_GROUP1],PASSED,
_swa_paged_prefill_kernel,mojo_opset/tests/accuracy/operators/test_attention.py::test_paged_prefill_swa[AABB-4-1023-M_BF16_GROUP2],PASSED,
UNRESOLVED,mojo_opset/tests/accuracy/operators/test_attention.py::test_paged_prefill_swa_with_graph[ABAB-4-255-M_BF16],SKIPPED,Test only for Ixformer
UNRESOLVED,mojo_opset/tests/accuracy/operators/test_attention.py::test_paged_prefill_swa_with_graph[ABAB-4-255-M_BF16_PADDIM],SKIPPED,Test only for Ixformer
UNRESOLVED,mojo_opset/tests/accuracy/operators/test_attention.py::test_paged_prefill_swa_with_graph[ABAB-4-255-M_BF16_WITH_CACHE],SKIPPED,Test only for Ixformer
UNRESOLVED,mojo_opset/tests/accuracy/operators/test_attention.py::test_paged_prefill_swa_with_graph[ABAB-4-255-M_BF16_BIGPAGE],SKIPPED,Test only for Ixformer
UNRESOLVED,mojo_opset/tests/accuracy/operators/test_attention.py::test_paged_prefill_swa_with_graph[ABAB-4-255-M_BF16_GROUP1],SKIPPED,Test only for Ixformer
UNRESOLVED,mojo_opset/tests/accuracy/operators/test_attention.py::test_paged_prefill_swa_with_graph[ABAB-4-255-M_BF16_GROUP2],SKIPPED,Test only for Ixformer
UNRESOLVED,mojo_opset/tests/accuracy/operators/test_attention.py::test_paged_prefill_swa_with_graph[AABB-4-1023-M_BF16],SKIPPED,Test only for Ixformer
UNRESOLVED,mojo_opset/tests/accuracy/operators/test_attention.py::test_paged_prefill_swa_with_graph[AABB-4-1023-M_BF16_PADDIM],SKIPPED,Test only for Ixformer
UNRESOLVED,mojo_opset/tests/accuracy/operators/test_attention.py::test_paged_prefill_swa_with_graph[AABB-4-1023-M_BF16_WITH_CACHE],SKIPPED,Test only for Ixformer
UNRESOLVED,mojo_opset/tests/accuracy/operators/test_attention.py::test_paged_prefill_swa_with_graph[AABB-4-1023-M_BF16_BIGPAGE],SKIPPED,Test only for Ixformer
UNRESOLVED,mojo_opset/tests/accuracy/operators/test_attention.py::test_paged_prefill_swa_with_graph[AABB-4-1023-M_BF16_GROUP1],SKIPPED,Test only for Ixformer
UNRESOLVED,mojo_opset/tests/accuracy/operators/test_attention.py::test_paged_prefill_swa_with_graph[AABB-4-1023-M_BF16_GROUP2],SKIPPED,Test only for Ixformer
_swa_paged_decode_kernel,mojo_opset/tests/accuracy/operators/test_attention.py::test_paged_decode_swa[ABAB-4-255-M_BF16],PASSED,
_swa_paged_decode_kernel,mojo_opset/tests/accuracy/operators/test_attention.py::test_paged_decode_swa[ABAB-4-255-M_BF16_PADDIM],PASSED,
_swa_paged_decode_kernel,mojo_opset/tests/accuracy/operators/test_attention.py::test_paged_decode_swa[ABAB-4-255-M_BF16_LONG],PASSED,
_swa_paged_decode_kernel,mojo_opset/tests/accuracy/operators/test_attention.py::test_paged_decode_swa[ABAB-4-255-M_BF16_BIGPAGE],PASSED,
UNRESOLVED,mojo_opset/tests/accuracy/operators/test_attention.py::test_paged_decode_swa[ABAB-4-255-M_BF16_PADSEQ],PASSED,
_swa_paged_decode_kernel,mojo_opset/tests/accuracy/operators/test_attention.py::test_paged_decode_swa[ABAB-4-255-M_BF16_GROUP1],PASSED,
_swa_paged_decode_kernel,mojo_opset/tests/accuracy/operators/test_attention.py::test_paged_decode_swa[ABAB-4-255-M_BF16_GROUP2],PASSED,
_swa_paged_decode_kernel,mojo_opset/tests/accuracy/operators/test_attention.py::test_paged_decode_swa[AABB-4-1023-M_BF16],PASSED,
_swa_paged_decode_kernel,mojo_opset/tests/accuracy/operators/test_attention.py::test_paged_decode_swa[AABB-4-1023-M_BF16_PADDIM],PASSED,
_swa_paged_decode_kernel,mojo_opset/tests/accuracy/operators/test_attention.py::test_paged_decode_swa[AABB-4-1023-M_BF16_LONG],PASSED,
_swa_paged_decode_kernel,mojo_opset/tests/accuracy/operators/test_attention.py::test_paged_decode_swa[AABB-4-1023-M_BF16_BIGPAGE],PASSED,
UNRESOLVED,mojo_opset/tests/accuracy/operators/test_attention.py::test_paged_decode_swa[AABB-4-1023-M_BF16_PADSEQ],PASSED,
_swa_paged_decode_kernel,mojo_opset/tests/accuracy/operators/test_attention.py::test_paged_decode_swa[AABB-4-1023-M_BF16_GROUP1],PASSED,
_swa_paged_decode_kernel,mojo_opset/tests/accuracy/operators/test_attention.py::test_paged_decode_swa[AABB-4-1023-M_BF16_GROUP2],PASSED,
UNRESOLVED,mojo_opset/tests/accuracy/operators/test_attention.py::test_paged_decode_nstep_swa[ABAB-4-255-M_BF16_0],SKIPPED,"No dedicated backend for TorchPagedDecodeNstepSWA; both operands resolve to the same implementation, skipping comparison.If you are running tests, check whether the tests are decorated with @bypass_not_implemented."
UNRESOLVED,mojo_opset/tests/accuracy/operators/test_attention.py::test_paged_decode_nstep_swa[ABAB-4-255-M_BF16_1],SKIPPED,"No dedicated backend for TorchPagedDecodeNstepSWA; both operands resolve to the same implementation, skipping comparison.If you are running tests, check whether the tests are decorated with @bypass_not_implemented."
UNRESOLVED,mojo_opset/tests/accuracy/operators/test_attention.py::test_paged_decode_nstep_swa[ABAB-4-255-M_BF16_PADDIM0],SKIPPED,"No dedicated backend for TorchPagedDecodeNstepSWA; both operands resolve to the same implementation, skipping comparison.If you are running tests, check whether the tests are decorated with @bypass_not_implemented."
UNRESOLVED,mojo_opset/tests/accuracy/operators/test_attention.py::test_paged_decode_nstep_swa[ABAB-4-255-M_BF16_2],SKIPPED,"No dedicated backend for TorchPagedDecodeNstepSWA; both operands resolve to the same implementation, skipping comparison.If you are running tests, check whether the tests are decorated with @bypass_not_implemented."
UNRESOLVED,mojo_opset/tests/accuracy/operators/test_attention.py::test_paged_decode_nstep_swa[ABAB-4-255-M_BF16_PADDIM1],SKIPPED,"No dedicated backend for TorchPagedDecodeNstepSWA; both operands resolve to the same implementation, skipping comparison.If you are running tests, check whether the tests are decorated with @bypass_not_implemented."
UNRESOLVED,mojo_opset/tests/accuracy/operators/test_attention.py::test_paged_decode_nstep_swa[ABAB-4-255-M_BF16_LONG],SKIPPED,"No dedicated backend for TorchPagedDecodeNstepSWA; both operands resolve to the same implementation, skipping comparison.If you are running tests, check whether the tests are decorated with @bypass_not_implemented."
UNRESOLVED,mojo_opset/tests/accuracy/operators/test_attention.py::test_paged_decode_nstep_swa[ABAB-4-255-M_BF16_BIGPAGE],SKIPPED,"No dedicated backend for TorchPagedDecodeNstepSWA; both operands resolve to the same implementation, skipping comparison.If you are running tests, check whether the tests are decorated with @bypass_not_implemented."
UNRESOLVED,mojo_opset/tests/accuracy/operators/test_attention.py::test_paged_decode_nstep_swa[ABAB-4-255-M_BF16_PADSEQ],SKIPPED,"No dedicated backend for TorchPagedDecodeNstepSWA; both operands resolve to the same implementation, skipping comparison.If you are running tests, check whether the tests are decorated with @bypass_not_implemented."
UNRESOLVED,mojo_opset/tests/accuracy/operators/test_attention.py::test_paged_decode_nstep_swa[ABAB-4-255-M_BF16_GROUP1],SKIPPED,"No dedicated backend for TorchPagedDecodeNstepSWA; both operands resolve to the same implementation, skipping comparison.If you are running tests, check whether the tests are decorated with @bypass_not_implemented."
UNRESOLVED,mojo_opset/tests/accuracy/operators/test_attention.py::test_paged_decode_nstep_swa[ABAB-4-255-M_BF16_GROUP2],SKIPPED,"No dedicated backend for TorchPagedDecodeNstepSWA; both operands resolve to the same implementation, skipping comparison.If you are running tests, check whether the tests are decorated with @bypass_not_implemented."
UNRESOLVED,mojo_opset/tests/accuracy/operators/test_attention.py::test_paged_decode_nstep_swa[AABB-4-1023-M_BF16_0],SKIPPED,"No dedicated backend for TorchPagedDecodeNstepSWA; both operands resolve to the same implementation, skipping comparison.If you are running tests, check whether the tests are decorated with @bypass_not_implemented."
UNRESOLVED,mojo_opset/tests/accuracy/operators/test_attention.py::test_paged_decode_nstep_swa[AABB-4-1023-M_BF16_1],SKIPPED,"No dedicated backend for TorchPagedDecodeNstepSWA; both operands resolve to the same implementation, skipping comparison.If you are running tests, check whether the tests are decorated with @bypass_not_implemented."
UNRESOLVED,mojo_opset/tests/accuracy/operators/test_attention.py::test_paged_decode_nstep_swa[AABB-4-1023-M_BF16_PADDIM0],SKIPPED,"No dedicated backend for TorchPagedDecodeNstepSWA; both operands resolve to the same implementation, skipping comparison.If you are running tests, check whether the tests are decorated with @bypass_not_implemented."
UNRESOLVED,mojo_opset/tests/accuracy/operators/test_attention.py::test_paged_decode_nstep_swa[AABB-4-1023-M_BF16_2],SKIPPED,"No dedicated backend for TorchPagedDecodeNstepSWA; both operands resolve to the same implementation, skipping comparison.If you are running tests, check whether the tests are decorated with @bypass_not_implemented."
UNRESOLVED,mojo_opset/tests/accuracy/operators/test_attention.py::test_paged_decode_nstep_swa[AABB-4-1023-M_BF16_PADDIM1],SKIPPED,"No dedicated backend for TorchPagedDecodeNstepSWA; both operands resolve to the same implementation, skipping comparison.If you are running tests, check whether the tests are decorated with @bypass_not_implemented."
UNRESOLVED,mojo_opset/tests/accuracy/operators/test_attention.py::test_paged_decode_nstep_swa[AABB-4-1023-M_BF16_LONG],SKIPPED,"No dedicated backend for TorchPagedDecodeNstepSWA; both operands resolve to the same implementation, skipping comparison.If you are running tests, check whether the tests are decorated with @bypass_not_implemented."
UNRESOLVED,mojo_opset/tests/accuracy/operators/test_attention.py::test_paged_decode_nstep_swa[AABB-4-1023-M_BF16_BIGPAGE],SKIPPED,"No dedicated backend for TorchPagedDecodeNstepSWA; both operands resolve to the same implementation, skipping comparison.If you are running tests, check whether the tests are decorated with @bypass_not_implemented."
UNRESOLVED,mojo_opset/tests/accuracy/operators/test_attention.py::test_paged_decode_nstep_swa[AABB-4-1023-M_BF16_PADSEQ],SKIPPED,"No dedicated backend for TorchPagedDecodeNstepSWA; both operands resolve to the same implementation, skipping comparison.If you are running tests, check whether the tests are decorated with @bypass_not_implemented."
UNRESOLVED,mojo_opset/tests/accuracy/operators/test_attention.py::test_paged_decode_nstep_swa[AABB-4-1023-M_BF16_GROUP1],SKIPPED,"No dedicated backend for TorchPagedDecodeNstepSWA; both operands resolve to the same implementation, skipping comparison.If you are running tests, check whether the tests are decorated with @bypass_not_implemented."
UNRESOLVED,mojo_opset/tests/accuracy/operators/test_attention.py::test_paged_decode_nstep_swa[AABB-4-1023-M_BF16_GROUP2],SKIPPED,"No dedicated backend for TorchPagedDecodeNstepSWA; both operands resolve to the same implementation, skipping comparison.If you are running tests, check whether the tests are decorated with @bypass_not_implemented."
UNRESOLVED,mojo_opset/tests/accuracy/operators/test_attention.py::test_paged_decode_swa_with_graph[ABAB-4-255-M_BF16],SKIPPED,Test only for Ixformer
UNRESOLVED,mojo_opset/tests/accuracy/operators/test_attention.py::test_paged_decode_swa_with_graph[ABAB-4-255-M_BF16_PADDIM],SKIPPED,Test only for Ixformer
UNRESOLVED,mojo_opset/tests/accuracy/operators/test_attention.py::test_paged_decode_swa_with_graph[ABAB-4-255-M_BF16_LONG],SKIPPED,Test only for Ixformer
UNRESOLVED,mojo_opset/tests/accuracy/operators/test_attention.py::test_paged_decode_swa_with_graph[ABAB-4-255-M_BF16_BIGPAGE],SKIPPED,Test only for Ixformer
UNRESOLVED,mojo_opset/tests/accuracy/operators/test_attention.py::test_paged_decode_swa_with_graph[ABAB-4-255-M_BF16_PADSEQ],SKIPPED,Test only for Ixformer
UNRESOLVED,mojo_opset/tests/accuracy/operators/test_attention.py::test_paged_decode_swa_with_graph[ABAB-4-255-M_BF16_GROUP1],SKIPPED,Test only for Ixformer
UNRESOLVED,mojo_opset/tests/accuracy/operators/test_attention.py::test_paged_decode_swa_with_graph[ABAB-4-255-M_BF16_GROUP2],SKIPPED,Test only for Ixformer
UNRESOLVED,mojo_opset/tests/accuracy/operators/test_attention.py::test_paged_decode_swa_with_graph[AABB-4-1023-M_BF16],SKIPPED,Test only for Ixformer
UNRESOLVED,mojo_opset/tests/accuracy/operators/test_attention.py::test_paged_decode_swa_with_graph[AABB-4-1023-M_BF16_PADDIM],SKIPPED,Test only for Ixformer
UNRESOLVED,mojo_opset/tests/accuracy/operators/test_attention.py::test_paged_decode_swa_with_graph[AABB-4-1023-M_BF16_LONG],SKIPPED,Test only for Ixformer
UNRESOLVED,mojo_opset/tests/accuracy/operators/test_attention.py::test_paged_decode_swa_with_graph[AABB-4-1023-M_BF16_BIGPAGE],SKIPPED,Test only for Ixformer
UNRESOLVED,mojo_opset/tests/accuracy/operators/test_attention.py::test_paged_decode_swa_with_graph[AABB-4-1023-M_BF16_PADSEQ],SKIPPED,Test only for Ixformer
UNRESOLVED,mojo_opset/tests/accuracy/operators/test_attention.py::test_paged_decode_swa_with_graph[AABB-4-1023-M_BF16_GROUP1],SKIPPED,Test only for Ixformer
UNRESOLVED,mojo_opset/tests/accuracy/operators/test_attention.py::test_paged_decode_swa_with_graph[AABB-4-1023-M_BF16_GROUP2],SKIPPED,Test only for Ixformer
_sdpa_infer_kernel,mojo_opset/tests/accuracy/operators/test_attention.py::test_swa_infer[ABAB-4-255-M_BF16],PASSED,
_sdpa_infer_kernel,mojo_opset/tests/accuracy/operators/test_attention.py::test_swa_infer[ABAB-4-255-M_BF16_PADDIM],PASSED,
_sdpa_infer_kernel,mojo_opset/tests/accuracy/operators/test_attention.py::test_swa_infer[ABAB-4-255-M_BF16_WITH_CACHE],PASSED,
_sdpa_infer_kernel,mojo_opset/tests/accuracy/operators/test_attention.py::test_swa_infer[AABB-4-1023-M_BF16],PASSED,
_sdpa_infer_kernel,mojo_opset/tests/accuracy/operators/test_attention.py::test_swa_infer[AABB-4-1023-M_BF16_PADDIM],PASSED,
_sdpa_infer_kernel,mojo_opset/tests/accuracy/operators/test_attention.py::test_swa_infer[AABB-4-1023-M_BF16_WITH_CACHE],PASSED,
UNRESOLVED,mojo_opset/tests/accuracy/operators/test_attention.py::test_paged_prefill_quant_gqa[AABB-Q_BF16],SKIPPED,"No dedicated backend for TorchPagedPrefillGQAWithKVDequant; both operands resolve to the same implementation, skipping comparison.If you are running tests, check whether the tests are decorated with @bypass_not_implemented."
UNRESOLVED,mojo_opset/tests/accuracy/operators/test_attention.py::test_paged_prefill_quant_gqa[AABB-Q_BF16_WITH_CACHE],SKIPPED,"No dedicated backend for TorchPagedPrefillGQAWithKVDequant; both operands resolve to the same implementation, skipping comparison.If you are running tests, check whether the tests are decorated with @bypass_not_implemented."
UNRESOLVED,mojo_opset/tests/accuracy/operators/test_attention.py::test_paged_prefill_quant_gqa[AABB-Q_BF16_P64],SKIPPED,"No dedicated backend for TorchPagedPrefillGQAWithKVDequant; both operands resolve to the same implementation, skipping comparison.If you are running tests, check whether the tests are decorated with @bypass_not_implemented."
UNRESOLVED,mojo_opset/tests/accuracy/operators/test_attention.py::test_paged_decode_quant_swa[ABAB-4-255-M_BF16],SKIPPED,"No dedicated backend for TorchPagedDecodeSWAWithKVDequant; both operands resolve to the same implementation, skipping comparison.If you are running tests, check whether the tests are decorated with @bypass_not_implemented."
UNRESOLVED,mojo_opset/tests/accuracy/operators/test_attention.py::test_paged_decode_quant_swa[ABAB-4-255-M_BF16_PADDIM],SKIPPED,"No dedicated backend for TorchPagedDecodeSWAWithKVDequant; both operands resolve to the same implementation, skipping comparison.If you are running tests, check whether the tests are decorated with @bypass_not_implemented."
UNRESOLVED,mojo_opset/tests/accuracy/operators/test_attention.py::test_paged_decode_quant_swa[ABAB-4-255-M_BF16_LONG],SKIPPED,"No dedicated backend for TorchPagedDecodeSWAWithKVDequant; both operands resolve to the same implementation, skipping comparison.If you are running tests, check whether the tests are decorated with @bypass_not_implemented."
UNRESOLVED,mojo_opset/tests/accuracy/operators/test_attention.py::test_paged_decode_quant_swa[ABAB-4-255-M_BF16_BIGPAGE],SKIPPED,"No dedicated backend for TorchPagedDecodeSWAWithKVDequant; both operands resolve to the same implementation, skipping comparison.If you are running tests, check whether the tests are decorated with @bypass_not_implemented."
UNRESOLVED,mojo_opset/tests/accuracy/operators/test_attention.py::test_paged_decode_quant_swa[ABAB-4-255-M_BF16_PADSEQ],SKIPPED,"No dedicated backend for TorchPagedDecodeSWAWithKVDequant; both operands resolve to the same implementation, skipping comparison.If you are running tests, check whether the tests are decorated with @bypass_not_implemented."
UNRESOLVED,mojo_opset/tests/accuracy/operators/test_attention.py::test_paged_decode_quant_swa[ABAB-4-255-M_BF16_GROUP1],SKIPPED,"No dedicated backend for TorchPagedDecodeSWAWithKVDequant; both operands resolve to the same implementation, skipping comparison.If you are running tests, check whether the tests are decorated with @bypass_not_implemented."
UNRESOLVED,mojo_opset/tests/accuracy/operators/test_attention.py::test_paged_decode_quant_swa[ABAB-4-255-M_BF16_GROUP2],SKIPPED,"No dedicated backend for TorchPagedDecodeSWAWithKVDequant; both operands resolve to the same implementation, skipping comparison.If you are running tests, check whether the tests are decorated with @bypass_not_implemented."
UNRESOLVED,mojo_opset/tests/accuracy/operators/test_attention.py::test_paged_decode_quant_swa[AABB-4-1023-M_BF16],SKIPPED,"No dedicated backend for TorchPagedDecodeSWAWithKVDequant; both operands resolve to the same implementation, skipping comparison.If you are running tests, check whether the tests are decorated with @bypass_not_implemented."
UNRESOLVED,mojo_opset/tests/accuracy/operators/test_attention.py::test_paged_decode_quant_swa[AABB-4-1023-M_BF16_PADDIM],SKIPPED,"No dedicated backend for TorchPagedDecodeSWAWithKVDequant; both operands resolve to the same implementation, skipping comparison.If you are running tests, check whether the tests are decorated with @bypass_not_implemented."
UNRESOLVED,mojo_opset/tests/accuracy/operators/test_attention.py::test_paged_decode_quant_swa[AABB-4-1023-M_BF16_LONG],SKIPPED,"No dedicated backend for TorchPagedDecodeSWAWithKVDequant; both operands resolve to the same implementation, skipping comparison.If you are running tests, check whether the tests are decorated with @bypass_not_implemented."
UNRESOLVED,mojo_opset/tests/accuracy/operators/test_attention.py::test_paged_decode_quant_swa[AABB-4-1023-M_BF16_BIGPAGE],SKIPPED,"No dedicated backend for TorchPagedDecodeSWAWithKVDequant; both operands resolve to the same implementation, skipping comparison.If you are running tests, check whether the tests are decorated with @bypass_not_implemented."
UNRESOLVED,mojo_opset/tests/accuracy/operators/test_attention.py::test_paged_decode_quant_swa[AABB-4-1023-M_BF16_PADSEQ],SKIPPED,"No dedicated backend for TorchPagedDecodeSWAWithKVDequant; both operands resolve to the same implementation, skipping comparison.If you are running tests, check whether the tests are decorated with @bypass_not_implemented."
UNRESOLVED,mojo_opset/tests/accuracy/operators/test_attention.py::test_paged_decode_quant_swa[AABB-4-1023-M_BF16_GROUP1],SKIPPED,"No dedicated backend for TorchPagedDecodeSWAWithKVDequant; both operands resolve to the same implementation, skipping comparison.If you are running tests, check whether the tests are decorated with @bypass_not_implemented."
UNRESOLVED,mojo_opset/tests/accuracy/operators/test_attention.py::test_paged_decode_quant_swa[AABB-4-1023-M_BF16_GROUP2],SKIPPED,"No dedicated backend for TorchPagedDecodeSWAWithKVDequant; both operands resolve to the same implementation, skipping comparison.If you are running tests, check whether the tests are decorated with @bypass_not_implemented."
UNRESOLVED,mojo_opset/tests/accuracy/operators/test_attention_cudagraph.py::test_paged_decode_gqa_with_graph[AABB-M_BF16],SKIPPED,CUDA Graph attention tests are only enabled on ILU platform with TTX backend.
UNRESOLVED,mojo_opset/tests/accuracy/operators/test_attention_cudagraph.py::test_paged_decode_gqa_with_graph[AABB-M_BF16_PADDIM],SKIPPED,CUDA Graph attention tests are only enabled on ILU platform with TTX backend.
UNRESOLVED,mojo_opset/tests/accuracy/operators/test_attention_cudagraph.py::test_paged_decode_gqa_with_graph[AABB-M_BF16_LONG],SKIPPED,CUDA Graph attention tests are only enabled on ILU platform with TTX backend.
UNRESOLVED,mojo_opset/tests/accuracy/operators/test_attention_cudagraph.py::test_paged_decode_gqa_with_graph[AABB-M_BF16_BIGPAGE],SKIPPED,CUDA Graph attention tests are only enabled on ILU platform with TTX backend.
UNRESOLVED,mojo_opset/tests/accuracy/operators/test_attention_cudagraph.py::test_paged_decode_gqa_with_graph[AABB-M_BF16_PADSEQ],SKIPPED,CUDA Graph attention tests are only enabled on ILU platform with TTX backend.
UNRESOLVED,mojo_opset/tests/accuracy/operators/test_attention_cudagraph.py::test_paged_prefill_gqa_with_graph[AABB-M_BF16],SKIPPED,CUDA Graph attention tests are only enabled on ILU platform with TTX backend.
UNRESOLVED,mojo_opset/tests/accuracy/operators/test_attention_cudagraph.py::test_paged_prefill_gqa_with_graph[AABB-M_BF16_PADDIM],SKIPPED,CUDA Graph attention tests are only enabled on ILU platform with TTX backend.
UNRESOLVED,mojo_opset/tests/accuracy/operators/test_attention_cudagraph.py::test_paged_prefill_gqa_with_graph[AABB-M_BF16_WITH_CACHE],SKIPPED,CUDA Graph attention tests are only enabled on ILU platform with TTX backend.
UNRESOLVED,mojo_opset/tests/accuracy/operators/test_attention_cudagraph.py::test_paged_prefill_gqa_with_graph[AABB-M_BF16_BIGPAGE],SKIPPED,CUDA Graph attention tests are only enabled on ILU platform with TTX backend.
UNRESOLVED,mojo_opset/tests/accuracy/operators/test_attention_cudagraph.py::test_paged_prefill_swa_with_graph[M_BF16],SKIPPED,CUDA Graph attention tests are only enabled on ILU platform with TTX backend.
UNRESOLVED,mojo_opset/tests/accuracy/operators/test_attention_cudagraph.py::test_paged_prefill_swa_with_graph[M_BF16_PADDIM],SKIPPED,CUDA Graph attention tests are only enabled on ILU platform with TTX backend.
UNRESOLVED,mojo_opset/tests/accuracy/operators/test_attention_cudagraph.py::test_paged_prefill_swa_with_graph[M_BF16_WITH_CACHE],SKIPPED,CUDA Graph attention tests are only enabled on ILU platform with TTX backend.
UNRESOLVED,mojo_opset/tests/accuracy/operators/test_attention_cudagraph.py::test_paged_prefill_swa_with_graph[M_BF16_BIGPAGE],SKIPPED,CUDA Graph attention tests are only enabled on ILU platform with TTX backend.
UNRESOLVED,mojo_opset/tests/accuracy/operators/test_attention_cudagraph.py::test_paged_decode_swa_with_graph[ABAB-4-255-M_BF16],SKIPPED,CUDA Graph attention tests are only enabled on ILU platform with TTX backend.
UNRESOLVED,mojo_opset/tests/accuracy/operators/test_attention_cudagraph.py::test_paged_decode_swa_with_graph[ABAB-4-255-M_BF16_PADDIM],SKIPPED,CUDA Graph attention tests are only enabled on ILU platform with TTX backend.
UNRESOLVED,mojo_opset/tests/accuracy/operators/test_attention_cudagraph.py::test_paged_decode_swa_with_graph[ABAB-4-255-M_BF16_LONG],SKIPPED,CUDA Graph attention tests are only enabled on ILU platform with TTX backend.
UNRESOLVED,mojo_opset/tests/accuracy/operators/test_attention_cudagraph.py::test_paged_decode_swa_with_graph[ABAB-4-255-M_BF16_BIGPAGE],SKIPPED,CUDA Graph attention tests are only enabled on ILU platform with TTX backend.
UNRESOLVED,mojo_opset/tests/accuracy/operators/test_attention_cudagraph.py::test_paged_decode_swa_with_graph[ABAB-4-255-M_BF16_PADSEQ],SKIPPED,CUDA Graph attention tests are only enabled on ILU platform with TTX backend.
UNRESOLVED,mojo_opset/tests/accuracy/operators/test_attention_cudagraph.py::test_paged_decode_swa_with_graph[AABB-4-1023-M_BF16],SKIPPED,CUDA Graph attention tests are only enabled on ILU platform with TTX backend.
UNRESOLVED,mojo_opset/tests/accuracy/operators/test_attention_cudagraph.py::test_paged_decode_swa_with_graph[AABB-4-1023-M_BF16_PADDIM],SKIPPED,CUDA Graph attention tests are only enabled on ILU platform with TTX backend.
UNRESOLVED,mojo_opset/tests/accuracy/operators/test_attention_cudagraph.py::test_paged_decode_swa_with_graph[AABB-4-1023-M_BF16_LONG],SKIPPED,CUDA Graph attention tests are only enabled on ILU platform with TTX backend.
UNRESOLVED,mojo_opset/tests/accuracy/operators/test_attention_cudagraph.py::test_paged_decode_swa_with_graph[AABB-4-1023-M_BF16_BIGPAGE],SKIPPED,CUDA Graph attention tests are only enabled on ILU platform with TTX backend.
UNRESOLVED,mojo_opset/tests/accuracy/operators/test_attention_cudagraph.py::test_paged_decode_swa_with_graph[AABB-4-1023-M_BF16_PADSEQ],SKIPPED,CUDA Graph attention tests are only enabled on ILU platform with TTX backend.
UNRESOLVED,mojo_opset/tests/accuracy/operators/test_attention_gate.py::test_fused_attn_output_gate[False-dtype0-1-4096-32-8-128],SKIPPED,"No dedicated backend for TorchFusedAttnOutputGate; both operands resolve to the same implementation, skipping comparison.If you are running tests, check whether the tests are decorated with @bypass_not_implemented."
UNRESOLVED,mojo_opset/tests/accuracy/operators/test_attention_gate.py::test_fused_attn_output_gate[False-dtype0-7-4096-32-8-128],SKIPPED,"No dedicated backend for TorchFusedAttnOutputGate; both operands resolve to the same implementation, skipping comparison.If you are running tests, check whether the tests are decorated with @bypass_not_implemented."
UNRESOLVED,mojo_opset/tests/accuracy/operators/test_attention_gate.py::test_fused_attn_output_gate[False-dtype0-13-4096-32-8-128],SKIPPED,"No dedicated backend for TorchFusedAttnOutputGate; both operands resolve to the same implementation, skipping comparison.If you are running tests, check whether the tests are decorated with @bypass_not_implemented."
UNRESOLVED,mojo_opset/tests/accuracy/operators/test_attention_gate.py::test_fused_attn_output_gate[False-dtype0-128-4096-32-8-128],SKIPPED,"No dedicated backend for TorchFusedAttnOutputGate; both operands resolve to the same implementation, skipping comparison.If you are running tests, check whether the tests are decorated with @bypass_not_implemented."
UNRESOLVED,mojo_opset/tests/accuracy/operators/test_attention_gate.py::test_fused_attn_output_gate[False-dtype0-255-4096-32-8-128],SKIPPED,"No dedicated backend for TorchFusedAttnOutputGate; both operands resolve to the same implementation, skipping comparison.If you are running tests, check whether the tests are decorated with @bypass_not_implemented."
UNRESOLVED,mojo_opset/tests/accuracy/operators/test_attention_gate.py::test_fused_attn_output_gate[False-dtype0-1000-4096-32-8-128],SKIPPED,"No dedicated backend for TorchFusedAttnOutputGate; both operands resolve to the same implementation, skipping comparison.If you are running tests, check whether the tests are decorated with @bypass_not_implemented."
UNRESOLVED,mojo_opset/tests/accuracy/operators/test_attention_gate.py::test_fused_attn_output_gate[False-dtype0-4096-4096-32-8-128],SKIPPED,"No dedicated backend for TorchFusedAttnOutputGate; both operands resolve to the same implementation, skipping comparison.If you are running tests, check whether the tests are decorated with @bypass_not_implemented."
UNRESOLVED,mojo_opset/tests/accuracy/operators/test_attention_gate.py::test_fused_attn_output_gate[False-dtype0-8192-4096-32-8-128],SKIPPED,"No dedicated backend for TorchFusedAttnOutputGate; both operands resolve to the same implementation, skipping comparison.If you are running tests, check whether the tests are decorated with @bypass_not_implemented."
UNRESOLVED,mojo_opset/tests/accuracy/operators/test_attention_gate.py::test_fused_attn_output_gate[False-dtype0-1-2048-16-4-128],SKIPPED,"No dedicated backend for TorchFusedAttnOutputGate; both operands resolve to the same implementation, skipping comparison.If you are running tests, check whether the tests are decorated with @bypass_not_implemented."
UNRESOLVED,mojo_opset/tests/accuracy/operators/test_attention_gate.py::test_fused_attn_output_gate[False-dtype0-37-2048-16-4-128],SKIPPED,"No dedicated backend for TorchFusedAttnOutputGate; both operands resolve to the same implementation, skipping comparison.If you are running tests, check whether the tests are decorated with @bypass_not_implemented."
UNRESOLVED,mojo_opset/tests/accuracy/operators/test_attention_gate.py::test_fused_attn_output_gate[False-dtype0-4096-2048-16-4-128],SKIPPED,"No dedicated backend for TorchFusedAttnOutputGate; both operands resolve to the same implementation, skipping comparison.If you are running tests, check whether the tests are decorated with @bypass_not_implemented."
UNRESOLVED,mojo_opset/tests/accuracy/operators/test_attention_gate.py::test_fused_attn_output_gate[False-dtype0-1-6144-48-16-128],SKIPPED,"No dedicated backend for TorchFusedAttnOutputGate; both operands resolve to the same implementation, skipping comparison.If you are running tests, check whether the tests are decorated with @bypass_not_implemented."
UNRESOLVED,mojo_opset/tests/accuracy/operators/test_attention_gate.py::test_fused_attn_output_gate[False-dtype0-63-6144-48-16-128],SKIPPED,"No dedicated backend for TorchFusedAttnOutputGate; both operands resolve to the same implementation, skipping comparison.If you are running tests, check whether the tests are decorated with @bypass_not_implemented."
UNRESOLVED,mojo_opset/tests/accuracy/operators/test_attention_gate.py::test_fused_attn_output_gate[False-dtype0-1-3072-32-8-96],SKIPPED,"No dedicated backend for TorchFusedAttnOutputGate; both operands resolve to the same implementation, skipping comparison.If you are running tests, check whether the tests are decorated with @bypass_not_implemented."
UNRESOLVED,mojo_opset/tests/accuracy/operators/test_attention_gate.py::test_fused_attn_output_gate[False-dtype0-11-3072-32-8-96],SKIPPED,"No dedicated backend for TorchFusedAttnOutputGate; both operands resolve to the same implementation, skipping comparison.If you are running tests, check whether the tests are decorated with @bypass_not_implemented."
UNRESOLVED,mojo_opset/tests/accuracy/operators/test_attention_gate.py::test_fused_attn_output_gate[False-dtype0-128-3072-32-8-96],SKIPPED,"No dedicated backend for TorchFusedAttnOutputGate; both operands resolve to the same implementation, skipping comparison.If you are running tests, check whether the tests are decorated with @bypass_not_implemented."
UNRESOLVED,mojo_opset/tests/accuracy/operators/test_attention_gate.py::test_fused_attn_output_gate[False-dtype0-999-3072-32-8-96],SKIPPED,"No dedicated backend for TorchFusedAttnOutputGate; both operands resolve to the same implementation, skipping comparison.If you are running tests, check whether the tests are decorated with @bypass_not_implemented."
UNRESOLVED,mojo_opset/tests/accuracy/operators/test_attention_gate.py::test_fused_attn_output_gate[False-dtype0-4096-3072-32-8-96],SKIPPED,"No dedicated backend for TorchFusedAttnOutputGate; both operands resolve to the same implementation, skipping comparison.If you are running tests, check whether the tests are decorated with @bypass_not_implemented."
UNRESOLVED,mojo_opset/tests/accuracy/operators/test_attention_gate.py::test_fused_attn_output_gate[False-dtype0-1-1536-16-4-96],SKIPPED,"No dedicated backend for TorchFusedAttnOutputGate; both operands resolve to the same implementation, skipping comparison.If you are running tests, check whether the tests are decorated with @bypass_not_implemented."
UNRESOLVED,mojo_opset/tests/accuracy/operators/test_attention_gate.py::test_fused_attn_output_gate[False-dtype0-53-1536-16-4-96],SKIPPED,"No dedicated backend for TorchFusedAttnOutputGate; both operands resolve to the same implementation, skipping comparison.If you are running tests, check whether the tests are decorated with @bypass_not_implemented."
UNRESOLVED,mojo_opset/tests/accuracy/operators/test_attention_gate.py::test_fused_attn_output_gate[False-dtype0-8191-1536-16-4-96],SKIPPED,"No dedicated backend for TorchFusedAttnOutputGate; both operands resolve to the same implementation, skipping comparison.If you are running tests, check whether the tests are decorated with @bypass_not_implemented."
UNRESOLVED,mojo_opset/tests/accuracy/operators/test_attention_gate.py::test_fused_attn_output_gate[False-dtype1-1-4096-32-8-128],SKIPPED,"No dedicated backend for TorchFusedAttnOutputGate; both operands resolve to the same implementation, skipping comparison.If you are running tests, check whether the tests are decorated with @bypass_not_implemented."
UNRESOLVED,mojo_opset/tests/accuracy/operators/test_attention_gate.py::test_fused_attn_output_gate[False-dtype1-7-4096-32-8-128],SKIPPED,"No dedicated backend for TorchFusedAttnOutputGate; both operands resolve to the same implementation, skipping comparison.If you are running tests, check whether the tests are decorated with @bypass_not_implemented."
UNRESOLVED,mojo_opset/tests/accuracy/operators/test_attention_gate.py::test_fused_attn_output_gate[False-dtype1-13-4096-32-8-128],SKIPPED,"No dedicated backend for TorchFusedAttnOutputGate; both operands resolve to the same implementation, skipping comparison.If you are running tests, check whether the tests are decorated with @bypass_not_implemented."
UNRESOLVED,mojo_opset/tests/accuracy/operators/test_attention_gate.py::test_fused_attn_output_gate[False-dtype1-128-4096-32-8-128],SKIPPED,"No dedicated backend for TorchFusedAttnOutputGate; both operands resolve to the same implementation, skipping comparison.If you are running tests, check whether the tests are decorated with @bypass_not_implemented."
UNRESOLVED,mojo_opset/tests/accuracy/operators/test_attention_gate.py::test_fused_attn_output_gate[False-dtype1-255-4096-32-8-128],SKIPPED,"No dedicated backend for TorchFusedAttnOutputGate; both operands resolve to the same implementation, skipping comparison.If you are running tests, check whether the tests are decorated with @bypass_not_implemented."
UNRESOLVED,mojo_opset/tests/accuracy/operators/test_attention_gate.py::test_fused_attn_output_gate[False-dtype1-1000-4096-32-8-128],SKIPPED,"No dedicated backend for TorchFusedAttnOutputGate; both operands resolve to the same implementation, skipping comparison.If you are running tests, check whether the tests are decorated with @bypass_not_implemented."
UNRESOLVED,mojo_opset/tests/accuracy/operators/test_attention_gate.py::test_fused_attn_output_gate[False-dtype1-4096-4096-32-8-128],SKIPPED,"No dedicated backend for TorchFusedAttnOutputGate; both operands resolve to the same implementation, skipping comparison.If you are running tests, check whether the tests are decorated with @bypass_not_implemented."
UNRESOLVED,mojo_opset/tests/accuracy/operators/test_attention_gate.py::test_fused_attn_output_gate[False-dtype1-8192-4096-32-8-128],SKIPPED,"No dedicated backend for TorchFusedAttnOutputGate; both operands resolve to the same implementation, skipping comparison.If you are running tests, check whether the tests are decorated with @bypass_not_implemented."
UNRESOLVED,mojo_opset/tests/accuracy/operators/test_attention_gate.py::test_fused_attn_output_gate[False-dtype1-1-2048-16-4-128],SKIPPED,"No dedicated backend for TorchFusedAttnOutputGate; both operands resolve to the same implementation, skipping comparison.If you are running tests, check whether the tests are decorated with @bypass_not_implemented."
UNRESOLVED,mojo_opset/tests/accuracy/operators/test_attention_gate.py::test_fused_attn_output_gate[False-dtype1-37-2048-16-4-128],SKIPPED,"No dedicated backend for TorchFusedAttnOutputGate; both operands resolve to the same implementation, skipping comparison.If you are running tests, check whether the tests are decorated with @bypass_not_implemented."
UNRESOLVED,mojo_opset/tests/accuracy/operators/test_attention_gate.py::test_fused_attn_output_gate[False-dtype1-4096-2048-16-4-128],SKIPPED,"No dedicated backend for TorchFusedAttnOutputGate; both operands resolve to the same implementation, skipping comparison.If you are running tests, check whether the tests are decorated with @bypass_not_implemented."
UNRESOLVED,mojo_opset/tests/accuracy/operators/test_attention_gate.py::test_fused_attn_output_gate[False-dtype1-1-6144-48-16-128],SKIPPED,"No dedicated backend for TorchFusedAttnOutputGate; both operands resolve to the same implementation, skipping comparison.If you are running tests, check whether the tests are decorated with @bypass_not_implemented."
UNRESOLVED,mojo_opset/tests/accuracy/operators/test_attention_gate.py::test_fused_attn_output_gate[False-dtype1-63-6144-48-16-128],SKIPPED,"No dedicated backend for TorchFusedAttnOutputGate; both operands resolve to the same implementation, skipping comparison.If you are running tests, check whether the tests are decorated with @bypass_not_implemented."
UNRESOLVED,mojo_opset/tests/accuracy/operators/test_attention_gate.py::test_fused_attn_output_gate[False-dtype1-1-3072-32-8-96],SKIPPED,"No dedicated backend for TorchFusedAttnOutputGate; both operands resolve to the same implementation, skipping comparison.If you are running tests, check whether the tests are decorated with @bypass_not_implemented."
UNRESOLVED,mojo_opset/tests/accuracy/operators/test_attention_gate.py::test_fused_attn_output_gate[False-dtype1-11-3072-32-8-96],SKIPPED,"No dedicated backend for TorchFusedAttnOutputGate; both operands resolve to the same implementation, skipping comparison.If you are running tests, check whether the tests are decorated with @bypass_not_implemented."
UNRESOLVED,mojo_opset/tests/accuracy/operators/test_attention_gate.py::test_fused_attn_output_gate[False-dtype1-128-3072-32-8-96],SKIPPED,"No dedicated backend for TorchFusedAttnOutputGate; both operands resolve to the same implementation, skipping comparison.If you are running tests, check whether the tests are decorated with @bypass_not_implemented."
UNRESOLVED,mojo_opset/tests/accuracy/operators/test_attention_gate.py::test_fused_attn_output_gate[False-dtype1-999-3072-32-8-96],SKIPPED,"No dedicated backend for TorchFusedAttnOutputGate; both operands resolve to the same implementation, skipping comparison.If you are running tests, check whether the tests are decorated with @bypass_not_implemented."
UNRESOLVED,mojo_opset/tests/accuracy/operators/test_attention_gate.py::test_fused_attn_output_gate[False-dtype1-4096-3072-32-8-96],SKIPPED,"No dedicated backend for TorchFusedAttnOutputGate; both operands resolve to the same implementation, skipping comparison.If you are running tests, check whether the tests are decorated with @bypass_not_implemented."
UNRESOLVED,mojo_opset/tests/accuracy/operators/test_attention_gate.py::test_fused_attn_output_gate[False-dtype1-1-1536-16-4-96],SKIPPED,"No dedicated backend for TorchFusedAttnOutputGate; both operands resolve to the same implementation, skipping comparison.If you are running tests, check whether the tests are decorated with @bypass_not_implemented."
UNRESOLVED,mojo_opset/tests/accuracy/operators/test_attention_gate.py::test_fused_attn_output_gate[False-dtype1-53-1536-16-4-96],SKIPPED,"No dedicated backend for TorchFusedAttnOutputGate; both operands resolve to the same implementation, skipping comparison.If you are running tests, check whether the tests are decorated with @bypass_not_implemented."
UNRESOLVED,mojo_opset/tests/accuracy/operators/test_attention_gate.py::test_fused_attn_output_gate[False-dtype1-8191-1536-16-4-96],SKIPPED,"No dedicated backend for TorchFusedAttnOutputGate; both operands resolve to the same implementation, skipping comparison.If you are running tests, check whether the tests are decorated with @bypass_not_implemented."
UNRESOLVED,mojo_opset/tests/accuracy/operators/test_attention_gate.py::test_fused_attn_output_gate[True-dtype0-1-4096-32-8-128],SKIPPED,"No dedicated backend for TorchFusedAttnOutputGate; both operands resolve to the same implementation, skipping comparison.If you are running tests, check whether the tests are decorated with @bypass_not_implemented."
UNRESOLVED,mojo_opset/tests/accuracy/operators/test_attention_gate.py::test_fused_attn_output_gate[True-dtype0-7-4096-32-8-128],SKIPPED,"No dedicated backend for TorchFusedAttnOutputGate; both operands resolve to the same implementation, skipping comparison.If you are running tests, check whether the tests are decorated with @bypass_not_implemented."
UNRESOLVED,mojo_opset/tests/accuracy/operators/test_attention_gate.py::test_fused_attn_output_gate[True-dtype0-13-4096-32-8-128],SKIPPED,"No dedicated backend for TorchFusedAttnOutputGate; both operands resolve to the same implementation, skipping comparison.If you are running tests, check whether the tests are decorated with @bypass_not_implemented."
UNRESOLVED,mojo_opset/tests/accuracy/operators/test_attention_gate.py::test_fused_attn_output_gate[True-dtype0-128-4096-32-8-128],SKIPPED,"No dedicated backend for TorchFusedAttnOutputGate; both operands resolve to the same implementation, skipping comparison.If you are running tests, check whether the tests are decorated with @bypass_not_implemented."
UNRESOLVED,mojo_opset/tests/accuracy/operators/test_attention_gate.py::test_fused_attn_output_gate[True-dtype0-255-4096-32-8-128],SKIPPED,"No dedicated backend for TorchFusedAttnOutputGate; both operands resolve to the same implementation, skipping comparison.If you are running tests, check whether the tests are decorated with @bypass_not_implemented."
UNRESOLVED,mojo_opset/tests/accuracy/operators/test_attention_gate.py::test_fused_attn_output_gate[True-dtype0-1000-4096-32-8-128],SKIPPED,"No dedicated backend for TorchFusedAttnOutputGate; both operands resolve to the same implementation, skipping comparison.If you are running tests, check whether the tests are decorated with @bypass_not_implemented."
UNRESOLVED,mojo_opset/tests/accuracy/operators/test_attention_gate.py::test_fused_attn_output_gate[True-dtype0-4096-4096-32-8-128],SKIPPED,"No dedicated backend for TorchFusedAttnOutputGate; both operands resolve to the same implementation, skipping comparison.If you are running tests, check whether the tests are decorated with @bypass_not_implemented."
UNRESOLVED,mojo_opset/tests/accuracy/operators/test_attention_gate.py::test_fused_attn_output_gate[True-dtype0-8192-4096-32-8-128],SKIPPED,"No dedicated backend for TorchFusedAttnOutputGate; both operands resolve to the same implementation, skipping comparison.If you are running tests, check whether the tests are decorated with @bypass_not_implemented."
UNRESOLVED,mojo_opset/tests/accuracy/operators/test_attention_gate.py::test_fused_attn_output_gate[True-dtype0-1-2048-16-4-128],SKIPPED,"No dedicated backend for TorchFusedAttnOutputGate; both operands resolve to the same implementation, skipping comparison.If you are running tests, check whether the tests are decorated with @bypass_not_implemented."
UNRESOLVED,mojo_opset/tests/accuracy/operators/test_attention_gate.py::test_fused_attn_output_gate[True-dtype0-37-2048-16-4-128],SKIPPED,"No dedicated backend for TorchFusedAttnOutputGate; both operands resolve to the same implementation, skipping comparison.If you are running tests, check whether the tests are decorated with @bypass_not_implemented."
UNRESOLVED,mojo_opset/tests/accuracy/operators/test_attention_gate.py::test_fused_attn_output_gate[True-dtype0-4096-2048-16-4-128],SKIPPED,"No dedicated backend for TorchFusedAttnOutputGate; both operands resolve to the same implementation, skipping comparison.If you are running tests, check whether the tests are decorated with @bypass_not_implemented."
UNRESOLVED,mojo_opset/tests/accuracy/operators/test_attention_gate.py::test_fused_attn_output_gate[True-dtype0-1-6144-48-16-128],SKIPPED,"No dedicated backend for TorchFusedAttnOutputGate; both operands resolve to the same implementation, skipping comparison.If you are running tests, check whether the tests are decorated with @bypass_not_implemented."
UNRESOLVED,mojo_opset/tests/accuracy/operators/test_attention_gate.py::test_fused_attn_output_gate[True-dtype0-63-6144-48-16-128],SKIPPED,"No dedicated backend for TorchFusedAttnOutputGate; both operands resolve to the same implementation, skipping comparison.If you are running tests, check whether the tests are decorated with @bypass_not_implemented."
UNRESOLVED,mojo_opset/tests/accuracy/operators/test_attention_gate.py::test_fused_attn_output_gate[True-dtype0-1-3072-32-8-96],SKIPPED,"No dedicated backend for TorchFusedAttnOutputGate; both operands resolve to the same implementation, skipping comparison.If you are running tests, check whether the tests are decorated with @bypass_not_implemented."
UNRESOLVED,mojo_opset/tests/accuracy/operators/test_attention_gate.py::test_fused_attn_output_gate[True-dtype0-11-3072-32-8-96],SKIPPED,"No dedicated backend for TorchFusedAttnOutputGate; both operands resolve to the same implementation, skipping comparison.If you are running tests, check whether the tests are decorated with @bypass_not_implemented."
UNRESOLVED,mojo_opset/tests/accuracy/operators/test_attention_gate.py::test_fused_attn_output_gate[True-dtype0-128-3072-32-8-96],SKIPPED,"No dedicated backend for TorchFusedAttnOutputGate; both operands resolve to the same implementation, skipping comparison.If you are running tests, check whether the tests are decorated with @bypass_not_implemented."
UNRESOLVED,mojo_opset/tests/accuracy/operators/test_attention_gate.py::test_fused_attn_output_gate[True-dtype0-999-3072-32-8-96],SKIPPED,"No dedicated backend for TorchFusedAttnOutputGate; both operands resolve to the same implementation, skipping comparison.If you are running tests, check whether the tests are decorated with @bypass_not_implemented."
UNRESOLVED,mojo_opset/tests/accuracy/operators/test_attention_gate.py::test_fused_attn_output_gate[True-dtype0-4096-3072-32-8-96],SKIPPED,"No dedicated backend for TorchFusedAttnOutputGate; both operands resolve to the same implementation, skipping comparison.If you are running tests, check whether the tests are decorated with @bypass_not_implemented."
UNRESOLVED,mojo_opset/tests/accuracy/operators/test_attention_gate.py::test_fused_attn_output_gate[True-dtype0-1-1536-16-4-96],SKIPPED,"No dedicated backend for TorchFusedAttnOutputGate; both operands resolve to the same implementation, skipping comparison.If you are running tests, check whether the tests are decorated with @bypass_not_implemented."
UNRESOLVED,mojo_opset/tests/accuracy/operators/test_attention_gate.py::test_fused_attn_output_gate[True-dtype0-53-1536-16-4-96],SKIPPED,"No dedicated backend for TorchFusedAttnOutputGate; both operands resolve to the same implementation, skipping comparison.If you are running tests, check whether the tests are decorated with @bypass_not_implemented."
UNRESOLVED,mojo_opset/tests/accuracy/operators/test_attention_gate.py::test_fused_attn_output_gate[True-dtype0-8191-1536-16-4-96],SKIPPED,"No dedicated backend for TorchFusedAttnOutputGate; both operands resolve to the same implementation, skipping comparison.If you are running tests, check whether the tests are decorated with @bypass_not_implemented."
UNRESOLVED,mojo_opset/tests/accuracy/operators/test_attention_gate.py::test_fused_attn_output_gate[True-dtype1-1-4096-32-8-128],SKIPPED,"No dedicated backend for TorchFusedAttnOutputGate; both operands resolve to the same implementation, skipping comparison.If you are running tests, check whether the tests are decorated with @bypass_not_implemented."
UNRESOLVED,mojo_opset/tests/accuracy/operators/test_attention_gate.py::test_fused_attn_output_gate[True-dtype1-7-4096-32-8-128],SKIPPED,"No dedicated backend for TorchFusedAttnOutputGate; both operands resolve to the same implementation, skipping comparison.If you are running tests, check whether the tests are decorated with @bypass_not_implemented."
UNRESOLVED,mojo_opset/tests/accuracy/operators/test_attention_gate.py::test_fused_attn_output_gate[True-dtype1-13-4096-32-8-128],SKIPPED,"No dedicated backend for TorchFusedAttnOutputGate; both operands resolve to the same implementation, skipping comparison.If you are running tests, check whether the tests are decorated with @bypass_not_implemented."
UNRESOLVED,mojo_opset/tests/accuracy/operators/test_attention_gate.py::test_fused_attn_output_gate[True-dtype1-128-4096-32-8-128],SKIPPED,"No dedicated backend for TorchFusedAttnOutputGate; both operands resolve to the same implementation, skipping comparison.If you are running tests, check whether the tests are decorated with @bypass_not_implemented."
UNRESOLVED,mojo_opset/tests/accuracy/operators/test_attention_gate.py::test_fused_attn_output_gate[True-dtype1-255-4096-32-8-128],SKIPPED,"No dedicated backend for TorchFusedAttnOutputGate; both operands resolve to the same implementation, skipping comparison.If you are running tests, check whether the tests are decorated with @bypass_not_implemented."
UNRESOLVED,mojo_opset/tests/accuracy/operators/test_attention_gate.py::test_fused_attn_output_gate[True-dtype1-1000-4096-32-8-128],SKIPPED,"No dedicated backend for TorchFusedAttnOutputGate; both operands resolve to the same implementation, skipping comparison.If you are running tests, check whether the tests are decorated with @bypass_not_implemented."
UNRESOLVED,mojo_opset/tests/accuracy/operators/test_attention_gate.py::test_fused_attn_output_gate[True-dtype1-4096-4096-32-8-128],SKIPPED,"No dedicated backend for TorchFusedAttnOutputGate; both operands resolve to the same implementation, skipping comparison.If you are running tests, check whether the tests are decorated with @bypass_not_implemented."
UNRESOLVED,mojo_opset/tests/accuracy/operators/test_attention_gate.py::test_fused_attn_output_gate[True-dtype1-8192-4096-32-8-128],SKIPPED,"No dedicated backend for TorchFusedAttnOutputGate; both operands resolve to the same implementation, skipping comparison.If you are running tests, check whether the tests are decorated with @bypass_not_implemented."
UNRESOLVED,mojo_opset/tests/accuracy/operators/test_attention_gate.py::test_fused_attn_output_gate[True-dtype1-1-2048-16-4-128],SKIPPED,"No dedicated backend for TorchFusedAttnOutputGate; both operands resolve to the same implementation, skipping comparison.If you are running tests, check whether the tests are decorated with @bypass_not_implemented."
UNRESOLVED,mojo_opset/tests/accuracy/operators/test_attention_gate.py::test_fused_attn_output_gate[True-dtype1-37-2048-16-4-128],SKIPPED,"No dedicated backend for TorchFusedAttnOutputGate; both operands resolve to the same implementation, skipping comparison.If you are running tests, check whether the tests are decorated with @bypass_not_implemented."
UNRESOLVED,mojo_opset/tests/accuracy/operators/test_attention_gate.py::test_fused_attn_output_gate[True-dtype1-4096-2048-16-4-128],SKIPPED,"No dedicated backend for TorchFusedAttnOutputGate; both operands resolve to the same implementation, skipping comparison.If you are running tests, check whether the tests are decorated with @bypass_not_implemented."
UNRESOLVED,mojo_opset/tests/accuracy/operators/test_attention_gate.py::test_fused_attn_output_gate[True-dtype1-1-6144-48-16-128],SKIPPED,"No dedicated backend for TorchFusedAttnOutputGate; both operands resolve to the same implementation, skipping comparison.If you are running tests, check whether the tests are decorated with @bypass_not_implemented."
UNRESOLVED,mojo_opset/tests/accuracy/operators/test_attention_gate.py::test_fused_attn_output_gate[True-dtype1-63-6144-48-16-128],SKIPPED,"No dedicated backend for TorchFusedAttnOutputGate; both operands resolve to the same implementation, skipping comparison.If you are running tests, check whether the tests are decorated with @bypass_not_implemented."
UNRESOLVED,mojo_opset/tests/accuracy/operators/test_attention_gate.py::test_fused_attn_output_gate[True-dtype1-1-3072-32-8-96],SKIPPED,"No dedicated backend for TorchFusedAttnOutputGate; both operands resolve to the same implementation, skipping comparison.If you are running tests, check whether the tests are decorated with @bypass_not_implemented."
UNRESOLVED,mojo_opset/tests/accuracy/operators/test_attention_gate.py::test_fused_attn_output_gate[True-dtype1-11-3072-32-8-96],SKIPPED,"No dedicated backend for TorchFusedAttnOutputGate; both operands resolve to the same implementation, skipping comparison.If you are running tests, check whether the tests are decorated with @bypass_not_implemented."
UNRESOLVED,mojo_opset/tests/accuracy/operators/test_attention_gate.py::test_fused_attn_output_gate[True-dtype1-128-3072-32-8-96],SKIPPED,"No dedicated backend for TorchFusedAttnOutputGate; both operands resolve to the same implementation, skipping comparison.If you are running tests, check whether the tests are decorated with @bypass_not_implemented."
UNRESOLVED,mojo_opset/tests/accuracy/operators/test_attention_gate.py::test_fused_attn_output_gate[True-dtype1-999-3072-32-8-96],SKIPPED,"No dedicated backend for TorchFusedAttnOutputGate; both operands resolve to the same implementation, skipping comparison.If you are running tests, check whether the tests are decorated with @bypass_not_implemented."
UNRESOLVED,mojo_opset/tests/accuracy/operators/test_attention_gate.py::test_fused_attn_output_gate[True-dtype1-4096-3072-32-8-96],SKIPPED,"No dedicated backend for TorchFusedAttnOutputGate; both operands resolve to the same implementation, skipping comparison.If you are running tests, check whether the tests are decorated with @bypass_not_implemented."
UNRESOLVED,mojo_opset/tests/accuracy/operators/test_attention_gate.py::test_fused_attn_output_gate[True-dtype1-1-1536-16-4-96],SKIPPED,"No dedicated backend for TorchFusedAttnOutputGate; both operands resolve to the same implementation, skipping comparison.If you are running tests, check whether the tests are decorated with @bypass_not_implemented."
UNRESOLVED,mojo_opset/tests/accuracy/operators/test_attention_gate.py::test_fused_attn_output_gate[True-dtype1-53-1536-16-4-96],SKIPPED,"No dedicated backend for TorchFusedAttnOutputGate; both operands resolve to the same implementation, skipping comparison.If you are running tests, check whether the tests are decorated with @bypass_not_implemented."
UNRESOLVED,mojo_opset/tests/accuracy/operators/test_attention_gate.py::test_fused_attn_output_gate[True-dtype1-8191-1536-16-4-96],SKIPPED,"No dedicated backend for TorchFusedAttnOutputGate; both operands resolve to the same implementation, skipping comparison.If you are running tests, check whether the tests are decorated with @bypass_not_implemented."
UNRESOLVED,mojo_opset/tests/accuracy/operators/test_attention_quant.py::test_paged_prefill_gqa_with_kv_dequant[query_dtype0-context_dtype0-compute_dtype0-ABAB-M_BF16],SKIPPED,"No dedicated backend for TorchPagedPrefillGQAWithKVDequant; both operands resolve to the same implementation, skipping comparison.If you are running tests, check whether the tests are decorated with @bypass_not_implemented."
UNRESOLVED,mojo_opset/tests/accuracy/operators/test_attention_quant.py::test_paged_prefill_gqa_with_kv_dequant[query_dtype0-context_dtype0-compute_dtype0-ABAB-M_BF16_PADDIM],SKIPPED,"No dedicated backend for TorchPagedPrefillGQAWithKVDequant; both operands resolve to the same implementation, skipping comparison.If you are running tests, check whether the tests are decorated with @bypass_not_implemented."
UNRESOLVED,mojo_opset/tests/accuracy/operators/test_attention_quant.py::test_paged_prefill_gqa_with_kv_dequant[query_dtype0-context_dtype0-compute_dtype0-ABAB-M_BF16_WITH_CACHE],SKIPPED,"No dedicated backend for TorchPagedPrefillGQAWithKVDequant; both operands resolve to the same implementation, skipping comparison.If you are running tests, check whether the tests are decorated with @bypass_not_implemented."
UNRESOLVED,mojo_opset/tests/accuracy/operators/test_attention_quant.py::test_paged_prefill_gqa_with_kv_dequant[query_dtype0-context_dtype0-compute_dtype0-ABAB-M_BF16_BIGPAGE],SKIPPED,"No dedicated backend for TorchPagedPrefillGQAWithKVDequant; both operands resolve to the same implementation, skipping comparison.If you are running tests, check whether the tests are decorated with @bypass_not_implemented."
UNRESOLVED,mojo_opset/tests/accuracy/operators/test_attention_quant.py::test_paged_prefill_gqa_with_kv_dequant[query_dtype0-context_dtype0-compute_dtype0-ABAB-M_BF16_GROUP],SKIPPED,"No dedicated backend for TorchPagedPrefillGQAWithKVDequant; both operands resolve to the same implementation, skipping comparison.If you are running tests, check whether the tests are decorated with @bypass_not_implemented."
UNRESOLVED,mojo_opset/tests/accuracy/operators/test_attention_quant.py::test_paged_prefill_gqa_with_kv_dequant[query_dtype0-context_dtype0-compute_dtype0-ABAB-M_BF16_VARLEN_BLK16_D64],SKIPPED,"No dedicated backend for TorchPagedPrefillGQAWithKVDequant; both operands resolve to the same implementation, skipping comparison.If you are running tests, check whether the tests are decorated with @bypass_not_implemented."
UNRESOLVED,mojo_opset/tests/accuracy/operators/test_attention_quant.py::test_paged_prefill_gqa_with_kv_dequant[query_dtype0-context_dtype0-compute_dtype0-ABAB-M_BF16_VARLEN_BLK256_D192],SKIPPED,"No dedicated backend for TorchPagedPrefillGQAWithKVDequant; both operands resolve to the same implementation, skipping comparison.If you are running tests, check whether the tests are decorated with @bypass_not_implemented."
UNRESOLVED,mojo_opset/tests/accuracy/operators/test_attention_quant.py::test_paged_prefill_gqa_with_kv_dequant[query_dtype0-context_dtype0-compute_dtype0-ABAB-M_BF16_VARLEN_BLK64_D80],SKIPPED,"No dedicated backend for TorchPagedPrefillGQAWithKVDequant; both operands resolve to the same implementation, skipping comparison.If you are running tests, check whether the tests are decorated with @bypass_not_implemented."
UNRESOLVED,mojo_opset/tests/accuracy/operators/test_attention_quant.py::test_paged_prefill_gqa_with_kv_dequant[query_dtype0-context_dtype0-compute_dtype0-ABAB-M_BF16_SMALL_BLK16],SKIPPED,"No dedicated backend for TorchPagedPrefillGQAWithKVDequant; both operands resolve to the same implementation, skipping comparison.If you are running tests, check whether the tests are decorated with @bypass_not_implemented."
UNRESOLVED,mojo_opset/tests/accuracy/operators/test_attention_quant.py::test_paged_prefill_gqa_with_kv_dequant[query_dtype0-context_dtype0-compute_dtype0-ABAB-M_BF16_H24_VARLEN],SKIPPED,"No dedicated backend for TorchPagedPrefillGQAWithKVDequant; both operands resolve to the same implementation, skipping comparison.If you are running tests, check whether the tests are decorated with @bypass_not_implemented."
UNRESOLVED,mojo_opset/tests/accuracy/operators/test_attention_quant.py::test_paged_prefill_gqa_with_kv_dequant[query_dtype0-context_dtype0-compute_dtype0-ABAB-M_BF16_VARLEN_513],SKIPPED,"No dedicated backend for TorchPagedPrefillGQAWithKVDequant; both operands resolve to the same implementation, skipping comparison.If you are running tests, check whether the tests are decorated with @bypass_not_implemented."
UNRESOLVED,mojo_opset/tests/accuracy/operators/test_attention_quant.py::test_paged_prefill_gqa_with_kv_dequant[query_dtype0-context_dtype0-compute_dtype0-ABAB-M_BF16_H24_BLK128],SKIPPED,"No dedicated backend for TorchPagedPrefillGQAWithKVDequant; both operands resolve to the same implementation, skipping comparison.If you are running tests, check whether the tests are decorated with @bypass_not_implemented."
UNRESOLVED,mojo_opset/tests/accuracy/operators/test_attention_quant.py::test_paged_prefill_gqa_with_kv_dequant[query_dtype0-context_dtype0-compute_dtype0-ABAB-M_BF16_ODD_KV_333],SKIPPED,"No dedicated backend for TorchPagedPrefillGQAWithKVDequant; both operands resolve to the same implementation, skipping comparison.If you are running tests, check whether the tests are decorated with @bypass_not_implemented."
UNRESOLVED,mojo_opset/tests/accuracy/operators/test_attention_quant.py::test_paged_prefill_gqa_with_kv_dequant[query_dtype0-context_dtype0-compute_dtype0-ABAB-M_BF16_H24_ODD_777],SKIPPED,"No dedicated backend for TorchPagedPrefillGQAWithKVDequant; both operands resolve to the same implementation, skipping comparison.If you are running tests, check whether the tests are decorated with @bypass_not_implemented."
UNRESOLVED,mojo_opset/tests/accuracy/operators/test_attention_quant.py::test_paged_prefill_gqa_with_kv_dequant[query_dtype0-context_dtype0-compute_dtype0-ABAB-M_BF16_LONG_ODD],SKIPPED,"No dedicated backend for TorchPagedPrefillGQAWithKVDequant; both operands resolve to the same implementation, skipping comparison.If you are running tests, check whether the tests are decorated with @bypass_not_implemented."
UNRESOLVED,mojo_opset/tests/accuracy/operators/test_attention_quant.py::test_paged_prefill_gqa_with_kv_dequant[query_dtype0-context_dtype0-compute_dtype0-ABAB-M_BF16_H24_LONG],SKIPPED,"No dedicated backend for TorchPagedPrefillGQAWithKVDequant; both operands resolve to the same implementation, skipping comparison.If you are running tests, check whether the tests are decorated with @bypass_not_implemented."
UNRESOLVED,mojo_opset/tests/accuracy/operators/test_attention_quant.py::test_paged_prefill_gqa_with_kv_dequant[query_dtype0-context_dtype0-compute_dtype0-AABB-M_BF16],SKIPPED,"No dedicated backend for TorchPagedPrefillGQAWithKVDequant; both operands resolve to the same implementation, skipping comparison.If you are running tests, check whether the tests are decorated with @bypass_not_implemented."
UNRESOLVED,mojo_opset/tests/accuracy/operators/test_attention_quant.py::test_paged_prefill_gqa_with_kv_dequant[query_dtype0-context_dtype0-compute_dtype0-AABB-M_BF16_PADDIM],SKIPPED,"No dedicated backend for TorchPagedPrefillGQAWithKVDequant; both operands resolve to the same implementation, skipping comparison.If you are running tests, check whether the tests are decorated with @bypass_not_implemented."
UNRESOLVED,mojo_opset/tests/accuracy/operators/test_attention_quant.py::test_paged_prefill_gqa_with_kv_dequant[query_dtype0-context_dtype0-compute_dtype0-AABB-M_BF16_WITH_CACHE],SKIPPED,"No dedicated backend for TorchPagedPrefillGQAWithKVDequant; both operands resolve to the same implementation, skipping comparison.If you are running tests, check whether the tests are decorated with @bypass_not_implemented."
UNRESOLVED,mojo_opset/tests/accuracy/operators/test_attention_quant.py::test_paged_prefill_gqa_with_kv_dequant[query_dtype0-context_dtype0-compute_dtype0-AABB-M_BF16_BIGPAGE],SKIPPED,"No dedicated backend for TorchPagedPrefillGQAWithKVDequant; both operands resolve to the same implementation, skipping comparison.If you are running tests, check whether the tests are decorated with @bypass_not_implemented."
UNRESOLVED,mojo_opset/tests/accuracy/operators/test_attention_quant.py::test_paged_prefill_gqa_with_kv_dequant[query_dtype0-context_dtype0-compute_dtype0-AABB-M_BF16_GROUP],SKIPPED,"No dedicated backend for TorchPagedPrefillGQAWithKVDequant; both operands resolve to the same implementation, skipping comparison.If you are running tests, check whether the tests are decorated with @bypass_not_implemented."
UNRESOLVED,mojo_opset/tests/accuracy/operators/test_attention_quant.py::test_paged_prefill_gqa_with_kv_dequant[query_dtype0-context_dtype0-compute_dtype0-AABB-M_BF16_VARLEN_BLK16_D64],SKIPPED,"No dedicated backend for TorchPagedPrefillGQAWithKVDequant; both operands resolve to the same implementation, skipping comparison.If you are running tests, check whether the tests are decorated with @bypass_not_implemented."
UNRESOLVED,mojo_opset/tests/accuracy/operators/test_attention_quant.py::test_paged_prefill_gqa_with_kv_dequant[query_dtype0-context_dtype0-compute_dtype0-AABB-M_BF16_VARLEN_BLK256_D192],SKIPPED,"No dedicated backend for TorchPagedPrefillGQAWithKVDequant; both operands resolve to the same implementation, skipping comparison.If you are running tests, check whether the tests are decorated with @bypass_not_implemented."
UNRESOLVED,mojo_opset/tests/accuracy/operators/test_attention_quant.py::test_paged_prefill_gqa_with_kv_dequant[query_dtype0-context_dtype0-compute_dtype0-AABB-M_BF16_VARLEN_BLK64_D80],SKIPPED,"No dedicated backend for TorchPagedPrefillGQAWithKVDequant; both operands resolve to the same implementation, skipping comparison.If you are running tests, check whether the tests are decorated with @bypass_not_implemented."
UNRESOLVED,mojo_opset/tests/accuracy/operators/test_attention_quant.py::test_paged_prefill_gqa_with_kv_dequant[query_dtype0-context_dtype0-compute_dtype0-AABB-M_BF16_SMALL_BLK16],SKIPPED,"No dedicated backend for TorchPagedPrefillGQAWithKVDequant; both operands resolve to the same implementation, skipping comparison.If you are running tests, check whether the tests are decorated with @bypass_not_implemented."
UNRESOLVED,mojo_opset/tests/accuracy/operators/test_attention_quant.py::test_paged_prefill_gqa_with_kv_dequant[query_dtype0-context_dtype0-compute_dtype0-AABB-M_BF16_H24_VARLEN],SKIPPED,"No dedicated backend for TorchPagedPrefillGQAWithKVDequant; both operands resolve to the same implementation, skipping comparison.If you are running tests, check whether the tests are decorated with @bypass_not_implemented."
UNRESOLVED,mojo_opset/tests/accuracy/operators/test_attention_quant.py::test_paged_prefill_gqa_with_kv_dequant[query_dtype0-context_dtype0-compute_dtype0-AABB-M_BF16_VARLEN_513],SKIPPED,"No dedicated backend for TorchPagedPrefillGQAWithKVDequant; both operands resolve to the same implementation, skipping comparison.If you are running tests, check whether the tests are decorated with @bypass_not_implemented."
UNRESOLVED,mojo_opset/tests/accuracy/operators/test_attention_quant.py::test_paged_prefill_gqa_with_kv_dequant[query_dtype0-context_dtype0-compute_dtype0-AABB-M_BF16_H24_BLK128],SKIPPED,"No dedicated backend for TorchPagedPrefillGQAWithKVDequant; both operands resolve to the same implementation, skipping comparison.If you are running tests, check whether the tests are decorated with @bypass_not_implemented."
UNRESOLVED,mojo_opset/tests/accuracy/operators/test_attention_quant.py::test_paged_prefill_gqa_with_kv_dequant[query_dtype0-context_dtype0-compute_dtype0-AABB-M_BF16_ODD_KV_333],SKIPPED,"No dedicated backend for TorchPagedPrefillGQAWithKVDequant; both operands resolve to the same implementation, skipping comparison.If you are running tests, check whether the tests are decorated with @bypass_not_implemented."
UNRESOLVED,mojo_opset/tests/accuracy/operators/test_attention_quant.py::test_paged_prefill_gqa_with_kv_dequant[query_dtype0-context_dtype0-compute_dtype0-AABB-M_BF16_H24_ODD_777],SKIPPED,"No dedicated backend for TorchPagedPrefillGQAWithKVDequant; both operands resolve to the same implementation, skipping comparison.If you are running tests, check whether the tests are decorated with @bypass_not_implemented."
UNRESOLVED,mojo_opset/tests/accuracy/operators/test_attention_quant.py::test_paged_prefill_gqa_with_kv_dequant[query_dtype0-context_dtype0-compute_dtype0-AABB-M_BF16_LONG_ODD],SKIPPED,"No dedicated backend for TorchPagedPrefillGQAWithKVDequant; both operands resolve to the same implementation, skipping comparison.If you are running tests, check whether the tests are decorated with @bypass_not_implemented."
UNRESOLVED,mojo_opset/tests/accuracy/operators/test_attention_quant.py::test_paged_prefill_gqa_with_kv_dequant[query_dtype0-context_dtype0-compute_dtype0-AABB-M_BF16_H24_LONG],SKIPPED,"No dedicated backend for TorchPagedPrefillGQAWithKVDequant; both operands resolve to the same implementation, skipping comparison.If you are running tests, check whether the tests are decorated with @bypass_not_implemented."
UNRESOLVED,mojo_opset/tests/accuracy/operators/test_attention_quant.py::test_paged_prefill_gqa_with_kv_dequant[query_dtype1-context_dtype1-compute_dtype1-ABAB-M_BF16],SKIPPED,"No dedicated backend for TorchPagedPrefillGQAWithKVDequant; both operands resolve to the same implementation, skipping comparison.If you are running tests, check whether the tests are decorated with @bypass_not_implemented."
UNRESOLVED,mojo_opset/tests/accuracy/operators/test_attention_quant.py::test_paged_prefill_gqa_with_kv_dequant[query_dtype1-context_dtype1-compute_dtype1-ABAB-M_BF16_PADDIM],SKIPPED,"No dedicated backend for TorchPagedPrefillGQAWithKVDequant; both operands resolve to the same implementation, skipping comparison.If you are running tests, check whether the tests are decorated with @bypass_not_implemented."
UNRESOLVED,mojo_opset/tests/accuracy/operators/test_attention_quant.py::test_paged_prefill_gqa_with_kv_dequant[query_dtype1-context_dtype1-compute_dtype1-ABAB-M_BF16_WITH_CACHE],SKIPPED,"No dedicated backend for TorchPagedPrefillGQAWithKVDequant; both operands resolve to the same implementation, skipping comparison.If you are running tests, check whether the tests are decorated with @bypass_not_implemented."
UNRESOLVED,mojo_opset/tests/accuracy/operators/test_attention_quant.py::test_paged_prefill_gqa_with_kv_dequant[query_dtype1-context_dtype1-compute_dtype1-ABAB-M_BF16_BIGPAGE],SKIPPED,"No dedicated backend for TorchPagedPrefillGQAWithKVDequant; both operands resolve to the same implementation, skipping comparison.If you are running tests, check whether the tests are decorated with @bypass_not_implemented."
UNRESOLVED,mojo_opset/tests/accuracy/operators/test_attention_quant.py::test_paged_prefill_gqa_with_kv_dequant[query_dtype1-context_dtype1-compute_dtype1-ABAB-M_BF16_GROUP],SKIPPED,"No dedicated backend for TorchPagedPrefillGQAWithKVDequant; both operands resolve to the same implementation, skipping comparison.If you are running tests, check whether the tests are decorated with @bypass_not_implemented."
UNRESOLVED,mojo_opset/tests/accuracy/operators/test_attention_quant.py::test_paged_prefill_gqa_with_kv_dequant[query_dtype1-context_dtype1-compute_dtype1-ABAB-M_BF16_VARLEN_BLK16_D64],SKIPPED,"No dedicated backend for TorchPagedPrefillGQAWithKVDequant; both operands resolve to the same implementation, skipping comparison.If you are running tests, check whether the tests are decorated with @bypass_not_implemented."
UNRESOLVED,mojo_opset/tests/accuracy/operators/test_attention_quant.py::test_paged_prefill_gqa_with_kv_dequant[query_dtype1-context_dtype1-compute_dtype1-ABAB-M_BF16_VARLEN_BLK256_D192],SKIPPED,"No dedicated backend for TorchPagedPrefillGQAWithKVDequant; both operands resolve to the same implementation, skipping comparison.If you are running tests, check whether the tests are decorated with @bypass_not_implemented."
UNRESOLVED,mojo_opset/tests/accuracy/operators/test_attention_quant.py::test_paged_prefill_gqa_with_kv_dequant[query_dtype1-context_dtype1-compute_dtype1-ABAB-M_BF16_VARLEN_BLK64_D80],SKIPPED,"No dedicated backend for TorchPagedPrefillGQAWithKVDequant; both operands resolve to the same implementation, skipping comparison.If you are running tests, check whether the tests are decorated with @bypass_not_implemented."
UNRESOLVED,mojo_opset/tests/accuracy/operators/test_attention_quant.py::test_paged_prefill_gqa_with_kv_dequant[query_dtype1-context_dtype1-compute_dtype1-ABAB-M_BF16_SMALL_BLK16],SKIPPED,"No dedicated backend for TorchPagedPrefillGQAWithKVDequant; both operands resolve to the same implementation, skipping comparison.If you are running tests, check whether the tests are decorated with @bypass_not_implemented."
UNRESOLVED,mojo_opset/tests/accuracy/operators/test_attention_quant.py::test_paged_prefill_gqa_with_kv_dequant[query_dtype1-context_dtype1-compute_dtype1-ABAB-M_BF16_H24_VARLEN],SKIPPED,"No dedicated backend for TorchPagedPrefillGQAWithKVDequant; both operands resolve to the same implementation, skipping comparison.If you are running tests, check whether the tests are decorated with @bypass_not_implemented."
UNRESOLVED,mojo_opset/tests/accuracy/operators/test_attention_quant.py::test_paged_prefill_gqa_with_kv_dequant[query_dtype1-context_dtype1-compute_dtype1-ABAB-M_BF16_VARLEN_513],SKIPPED,"No dedicated backend for TorchPagedPrefillGQAWithKVDequant; both operands resolve to the same implementation, skipping comparison.If you are running tests, check whether the tests are decorated with @bypass_not_implemented."
UNRESOLVED,mojo_opset/tests/accuracy/operators/test_attention_quant.py::test_paged_prefill_gqa_with_kv_dequant[query_dtype1-context_dtype1-compute_dtype1-ABAB-M_BF16_H24_BLK128],SKIPPED,"No dedicated backend for TorchPagedPrefillGQAWithKVDequant; both operands resolve to the same implementation, skipping comparison.If you are running tests, check whether the tests are decorated with @bypass_not_implemented."
UNRESOLVED,mojo_opset/tests/accuracy/operators/test_attention_quant.py::test_paged_prefill_gqa_with_kv_dequant[query_dtype1-context_dtype1-compute_dtype1-ABAB-M_BF16_ODD_KV_333],SKIPPED,"No dedicated backend for TorchPagedPrefillGQAWithKVDequant; both operands resolve to the same implementation, skipping comparison.If you are running tests, check whether the tests are decorated with @bypass_not_implemented."
UNRESOLVED,mojo_opset/tests/accuracy/operators/test_attention_quant.py::test_paged_prefill_gqa_with_kv_dequant[query_dtype1-context_dtype1-compute_dtype1-ABAB-M_BF16_H24_ODD_777],SKIPPED,"No dedicated backend for TorchPagedPrefillGQAWithKVDequant; both operands resolve to the same implementation, skipping comparison.If you are running tests, check whether the tests are decorated with @bypass_not_implemented."
UNRESOLVED,mojo_opset/tests/accuracy/operators/test_attention_quant.py::test_paged_prefill_gqa_with_kv_dequant[query_dtype1-context_dtype1-compute_dtype1-ABAB-M_BF16_LONG_ODD],SKIPPED,"No dedicated backend for TorchPagedPrefillGQAWithKVDequant; both operands resolve to the same implementation, skipping comparison.If you are running tests, check whether the tests are decorated with @bypass_not_implemented."
UNRESOLVED,mojo_opset/tests/accuracy/operators/test_attention_quant.py::test_paged_prefill_gqa_with_kv_dequant[query_dtype1-context_dtype1-compute_dtype1-ABAB-M_BF16_H24_LONG],SKIPPED,"No dedicated backend for TorchPagedPrefillGQAWithKVDequant; both operands resolve to the same implementation, skipping comparison.If you are running tests, check whether the tests are decorated with @bypass_not_implemented."
UNRESOLVED,mojo_opset/tests/accuracy/operators/test_attention_quant.py::test_paged_prefill_gqa_with_kv_dequant[query_dtype1-context_dtype1-compute_dtype1-AABB-M_BF16],SKIPPED,"No dedicated backend for TorchPagedPrefillGQAWithKVDequant; both operands resolve to the same implementation, skipping comparison.If you are running tests, check whether the tests are decorated with @bypass_not_implemented."
UNRESOLVED,mojo_opset/tests/accuracy/operators/test_attention_quant.py::test_paged_prefill_gqa_with_kv_dequant[query_dtype1-context_dtype1-compute_dtype1-AABB-M_BF16_PADDIM],SKIPPED,"No dedicated backend for TorchPagedPrefillGQAWithKVDequant; both operands resolve to the same implementation, skipping comparison.If you are running tests, check whether the tests are decorated with @bypass_not_implemented."
UNRESOLVED,mojo_opset/tests/accuracy/operators/test_attention_quant.py::test_paged_prefill_gqa_with_kv_dequant[query_dtype1-context_dtype1-compute_dtype1-AABB-M_BF16_WITH_CACHE],SKIPPED,"No dedicated backend for TorchPagedPrefillGQAWithKVDequant; both operands resolve to the same implementation, skipping comparison.If you are running tests, check whether the tests are decorated with @bypass_not_implemented."
UNRESOLVED,mojo_opset/tests/accuracy/operators/test_attention_quant.py::test_paged_prefill_gqa_with_kv_dequant[query_dtype1-context_dtype1-compute_dtype1-AABB-M_BF16_BIGPAGE],SKIPPED,"No dedicated backend for TorchPagedPrefillGQAWithKVDequant; both operands resolve to the same implementation, skipping comparison.If you are running tests, check whether the tests are decorated with @bypass_not_implemented."
UNRESOLVED,mojo_opset/tests/accuracy/operators/test_attention_quant.py::test_paged_prefill_gqa_with_kv_dequant[query_dtype1-context_dtype1-compute_dtype1-AABB-M_BF16_GROUP],SKIPPED,"No dedicated backend for TorchPagedPrefillGQAWithKVDequant; both operands resolve to the same implementation, skipping comparison.If you are running tests, check whether the tests are decorated with @bypass_not_implemented."
UNRESOLVED,mojo_opset/tests/accuracy/operators/test_attention_quant.py::test_paged_prefill_gqa_with_kv_dequant[query_dtype1-context_dtype1-compute_dtype1-AABB-M_BF16_VARLEN_BLK16_D64],SKIPPED,"No dedicated backend for TorchPagedPrefillGQAWithKVDequant; both operands resolve to the same implementation, skipping comparison.If you are running tests, check whether the tests are decorated with @bypass_not_implemented."
UNRESOLVED,mojo_opset/tests/accuracy/operators/test_attention_quant.py::test_paged_prefill_gqa_with_kv_dequant[query_dtype1-context_dtype1-compute_dtype1-AABB-M_BF16_VARLEN_BLK256_D192],SKIPPED,"No dedicated backend for TorchPagedPrefillGQAWithKVDequant; both operands resolve to the same implementation, skipping comparison.If you are running tests, check whether the tests are decorated with @bypass_not_implemented."
UNRESOLVED,mojo_opset/tests/accuracy/operators/test_attention_quant.py::test_paged_prefill_gqa_with_kv_dequant[query_dtype1-context_dtype1-compute_dtype1-AABB-M_BF16_VARLEN_BLK64_D80],SKIPPED,"No dedicated backend for TorchPagedPrefillGQAWithKVDequant; both operands resolve to the same implementation, skipping comparison.If you are running tests, check whether the tests are decorated with @bypass_not_implemented."
UNRESOLVED,mojo_opset/tests/accuracy/operators/test_attention_quant.py::test_paged_prefill_gqa_with_kv_dequant[query_dtype1-context_dtype1-compute_dtype1-AABB-M_BF16_SMALL_BLK16],SKIPPED,"No dedicated backend for TorchPagedPrefillGQAWithKVDequant; both operands resolve to the same implementation, skipping comparison.If you are running tests, check whether the tests are decorated with @bypass_not_implemented."
UNRESOLVED,mojo_opset/tests/accuracy/operators/test_attention_quant.py::test_paged_prefill_gqa_with_kv_dequant[query_dtype1-context_dtype1-compute_dtype1-AABB-M_BF16_H24_VARLEN],SKIPPED,"No dedicated backend for TorchPagedPrefillGQAWithKVDequant; both operands resolve to the same implementation, skipping comparison.If you are running tests, check whether the tests are decorated with @bypass_not_implemented."
UNRESOLVED,mojo_opset/tests/accuracy/operators/test_attention_quant.py::test_paged_prefill_gqa_with_kv_dequant[query_dtype1-context_dtype1-compute_dtype1-AABB-M_BF16_VARLEN_513],SKIPPED,"No dedicated backend for TorchPagedPrefillGQAWithKVDequant; both operands resolve to the same implementation, skipping comparison.If you are running tests, check whether the tests are decorated with @bypass_not_implemented."
UNRESOLVED,mojo_opset/tests/accuracy/operators/test_attention_quant.py::test_paged_prefill_gqa_with_kv_dequant[query_dtype1-context_dtype1-compute_dtype1-AABB-M_BF16_H24_BLK128],SKIPPED,"No dedicated backend for TorchPagedPrefillGQAWithKVDequant; both operands resolve to the same implementation, skipping comparison.If you are running tests, check whether the tests are decorated with @bypass_not_implemented."
UNRESOLVED,mojo_opset/tests/accuracy/operators/test_attention_quant.py::test_paged_prefill_gqa_with_kv_dequant[query_dtype1-context_dtype1-compute_dtype1-AABB-M_BF16_ODD_KV_333],SKIPPED,"No dedicated backend for TorchPagedPrefillGQAWithKVDequant; both operands resolve to the same implementation, skipping comparison.If you are running tests, check whether the tests are decorated with @bypass_not_implemented."
UNRESOLVED,mojo_opset/tests/accuracy/operators/test_attention_quant.py::test_paged_prefill_gqa_with_kv_dequant[query_dtype1-context_dtype1-compute_dtype1-AABB-M_BF16_H24_ODD_777],SKIPPED,"No dedicated backend for TorchPagedPrefillGQAWithKVDequant; both operands resolve to the same implementation, skipping comparison.If you are running tests, check whether the tests are decorated with @bypass_not_implemented."
UNRESOLVED,mojo_opset/tests/accuracy/operators/test_attention_quant.py::test_paged_prefill_gqa_with_kv_dequant[query_dtype1-context_dtype1-compute_dtype1-AABB-M_BF16_LONG_ODD],SKIPPED,"No dedicated backend for TorchPagedPrefillGQAWithKVDequant; both operands resolve to the same implementation, skipping comparison.If you are running tests, check whether the tests are decorated with @bypass_not_implemented."
UNRESOLVED,mojo_opset/tests/accuracy/operators/test_attention_quant.py::test_paged_prefill_gqa_with_kv_dequant[query_dtype1-context_dtype1-compute_dtype1-AABB-M_BF16_H24_LONG],SKIPPED,"No dedicated backend for TorchPagedPrefillGQAWithKVDequant; both operands resolve to the same implementation, skipping comparison.If you are running tests, check whether the tests are decorated with @bypass_not_implemented."
UNRESOLVED,mojo_opset/tests/accuracy/operators/test_attention_quant.py::test_paged_decode_gqa_with_kv_dequant[query_dtype0-context_dtype0-compute_dtype0-ABAB-M_BF16],SKIPPED,"No dedicated backend for TorchPagedDecodeGQAWithKVDequant; both operands resolve to the same implementation, skipping comparison.If you are running tests, check whether the tests are decorated with @bypass_not_implemented."
UNRESOLVED,mojo_opset/tests/accuracy/operators/test_attention_quant.py::test_paged_decode_gqa_with_kv_dequant[query_dtype0-context_dtype0-compute_dtype0-ABAB-M_BF16_PADDIM],SKIPPED,"No dedicated backend for TorchPagedDecodeGQAWithKVDequant; both operands resolve to the same implementation, skipping comparison.If you are running tests, check whether the tests are decorated with @bypass_not_implemented."
UNRESOLVED,mojo_opset/tests/accuracy/operators/test_attention_quant.py::test_paged_decode_gqa_with_kv_dequant[query_dtype0-context_dtype0-compute_dtype0-ABAB-M_BF16_LONG],SKIPPED,"No dedicated backend for TorchPagedDecodeGQAWithKVDequant; both operands resolve to the same implementation, skipping comparison.If you are running tests, check whether the tests are decorated with @bypass_not_implemented."
UNRESOLVED,mojo_opset/tests/accuracy/operators/test_attention_quant.py::test_paged_decode_gqa_with_kv_dequant[query_dtype0-context_dtype0-compute_dtype0-ABAB-M_BF16_BIGPAGE],SKIPPED,"No dedicated backend for TorchPagedDecodeGQAWithKVDequant; both operands resolve to the same implementation, skipping comparison.If you are running tests, check whether the tests are decorated with @bypass_not_implemented."
UNRESOLVED,mojo_opset/tests/accuracy/operators/test_attention_quant.py::test_paged_decode_gqa_with_kv_dequant[query_dtype0-context_dtype0-compute_dtype0-ABAB-M_BF16_GROUP],SKIPPED,"No dedicated backend for TorchPagedDecodeGQAWithKVDequant; both operands resolve to the same implementation, skipping comparison.If you are running tests, check whether the tests are decorated with @bypass_not_implemented."
UNRESOLVED,mojo_opset/tests/accuracy/operators/test_attention_quant.py::test_paged_decode_gqa_with_kv_dequant[query_dtype0-context_dtype0-compute_dtype0-ABAB-M_BF16_VARLEN_BLK16_D64],SKIPPED,"No dedicated backend for TorchPagedDecodeGQAWithKVDequant; both operands resolve to the same implementation, skipping comparison.If you are running tests, check whether the tests are decorated with @bypass_not_implemented."
UNRESOLVED,mojo_opset/tests/accuracy/operators/test_attention_quant.py::test_paged_decode_gqa_with_kv_dequant[query_dtype0-context_dtype0-compute_dtype0-ABAB-M_BF16_VARLEN_BLK256_D192],SKIPPED,"No dedicated backend for TorchPagedDecodeGQAWithKVDequant; both operands resolve to the same implementation, skipping comparison.If you are running tests, check whether the tests are decorated with @bypass_not_implemented."
UNRESOLVED,mojo_opset/tests/accuracy/operators/test_attention_quant.py::test_paged_decode_gqa_with_kv_dequant[query_dtype0-context_dtype0-compute_dtype0-ABAB-M_BF16_VARLEN_BLK64_D80],SKIPPED,"No dedicated backend for TorchPagedDecodeGQAWithKVDequant; both operands resolve to the same implementation, skipping comparison.If you are running tests, check whether the tests are decorated with @bypass_not_implemented."
UNRESOLVED,mojo_opset/tests/accuracy/operators/test_attention_quant.py::test_paged_decode_gqa_with_kv_dequant[query_dtype0-context_dtype0-compute_dtype0-AABB-M_BF16],SKIPPED,"No dedicated backend for TorchPagedDecodeGQAWithKVDequant; both operands resolve to the same implementation, skipping comparison.If you are running tests, check whether the tests are decorated with @bypass_not_implemented."
UNRESOLVED,mojo_opset/tests/accuracy/operators/test_attention_quant.py::test_paged_decode_gqa_with_kv_dequant[query_dtype0-context_dtype0-compute_dtype0-AABB-M_BF16_PADDIM],SKIPPED,"No dedicated backend for TorchPagedDecodeGQAWithKVDequant; both operands resolve to the same implementation, skipping comparison.If you are running tests, check whether the tests are decorated with @bypass_not_implemented."
UNRESOLVED,mojo_opset/tests/accuracy/operators/test_attention_quant.py::test_paged_decode_gqa_with_kv_dequant[query_dtype0-context_dtype0-compute_dtype0-AABB-M_BF16_LONG],SKIPPED,"No dedicated backend for TorchPagedDecodeGQAWithKVDequant; both operands resolve to the same implementation, skipping comparison.If you are running tests, check whether the tests are decorated with @bypass_not_implemented."
UNRESOLVED,mojo_opset/tests/accuracy/operators/test_attention_quant.py::test_paged_decode_gqa_with_kv_dequant[query_dtype0-context_dtype0-compute_dtype0-AABB-M_BF16_BIGPAGE],SKIPPED,"No dedicated backend for TorchPagedDecodeGQAWithKVDequant; both operands resolve to the same implementation, skipping comparison.If you are running tests, check whether the tests are decorated with @bypass_not_implemented."
UNRESOLVED,mojo_opset/tests/accuracy/operators/test_attention_quant.py::test_paged_decode_gqa_with_kv_dequant[query_dtype0-context_dtype0-compute_dtype0-AABB-M_BF16_GROUP],SKIPPED,"No dedicated backend for TorchPagedDecodeGQAWithKVDequant; both operands resolve to the same implementation, skipping comparison.If you are running tests, check whether the tests are decorated with @bypass_not_implemented."
UNRESOLVED,mojo_opset/tests/accuracy/operators/test_attention_quant.py::test_paged_decode_gqa_with_kv_dequant[query_dtype0-context_dtype0-compute_dtype0-AABB-M_BF16_VARLEN_BLK16_D64],SKIPPED,"No dedicated backend for TorchPagedDecodeGQAWithKVDequant; both operands resolve to the same implementation, skipping comparison.If you are running tests, check whether the tests are decorated with @bypass_not_implemented."
UNRESOLVED,mojo_opset/tests/accuracy/operators/test_attention_quant.py::test_paged_decode_gqa_with_kv_dequant[query_dtype0-context_dtype0-compute_dtype0-AABB-M_BF16_VARLEN_BLK256_D192],SKIPPED,"No dedicated backend for TorchPagedDecodeGQAWithKVDequant; both operands resolve to the same implementation, skipping comparison.If you are running tests, check whether the tests are decorated with @bypass_not_implemented."
UNRESOLVED,mojo_opset/tests/accuracy/operators/test_attention_quant.py::test_paged_decode_gqa_with_kv_dequant[query_dtype0-context_dtype0-compute_dtype0-AABB-M_BF16_VARLEN_BLK64_D80],SKIPPED,"No dedicated backend for TorchPagedDecodeGQAWithKVDequant; both operands resolve to the same implementation, skipping comparison.If you are running tests, check whether the tests are decorated with @bypass_not_implemented."
UNRESOLVED,mojo_opset/tests/accuracy/operators/test_attention_quant.py::test_paged_decode_gqa_with_kv_dequant[query_dtype1-context_dtype1-compute_dtype1-ABAB-M_BF16],SKIPPED,"No dedicated backend for TorchPagedDecodeGQAWithKVDequant; both operands resolve to the same implementation, skipping comparison.If you are running tests, check whether the tests are decorated with @bypass_not_implemented."
UNRESOLVED,mojo_opset/tests/accuracy/operators/test_attention_quant.py::test_paged_decode_gqa_with_kv_dequant[query_dtype1-context_dtype1-compute_dtype1-ABAB-M_BF16_PADDIM],SKIPPED,"No dedicated backend for TorchPagedDecodeGQAWithKVDequant; both operands resolve to the same implementation, skipping comparison.If you are running tests, check whether the tests are decorated with @bypass_not_implemented."
UNRESOLVED,mojo_opset/tests/accuracy/operators/test_attention_quant.py::test_paged_decode_gqa_with_kv_dequant[query_dtype1-context_dtype1-compute_dtype1-ABAB-M_BF16_LONG],SKIPPED,"No dedicated backend for TorchPagedDecodeGQAWithKVDequant; both operands resolve to the same implementation, skipping comparison.If you are running tests, check whether the tests are decorated with @bypass_not_implemented."
UNRESOLVED,mojo_opset/tests/accuracy/operators/test_attention_quant.py::test_paged_decode_gqa_with_kv_dequant[query_dtype1-context_dtype1-compute_dtype1-ABAB-M_BF16_BIGPAGE],SKIPPED,"No dedicated backend for TorchPagedDecodeGQAWithKVDequant; both operands resolve to the same implementation, skipping comparison.If you are running tests, check whether the tests are decorated with @bypass_not_implemented."
UNRESOLVED,mojo_opset/tests/accuracy/operators/test_attention_quant.py::test_paged_decode_gqa_with_kv_dequant[query_dtype1-context_dtype1-compute_dtype1-ABAB-M_BF16_GROUP],SKIPPED,"No dedicated backend for TorchPagedDecodeGQAWithKVDequant; both operands resolve to the same implementation, skipping comparison.If you are running tests, check whether the tests are decorated with @bypass_not_implemented."
UNRESOLVED,mojo_opset/tests/accuracy/operators/test_attention_quant.py::test_paged_decode_gqa_with_kv_dequant[query_dtype1-context_dtype1-compute_dtype1-ABAB-M_BF16_VARLEN_BLK16_D64],SKIPPED,"No dedicated backend for TorchPagedDecodeGQAWithKVDequant; both operands resolve to the same implementation, skipping comparison.If you are running tests, check whether the tests are decorated with @bypass_not_implemented."
UNRESOLVED,mojo_opset/tests/accuracy/operators/test_attention_quant.py::test_paged_decode_gqa_with_kv_dequant[query_dtype1-context_dtype1-compute_dtype1-ABAB-M_BF16_VARLEN_BLK256_D192],SKIPPED,"No dedicated backend for TorchPagedDecodeGQAWithKVDequant; both operands resolve to the same implementation, skipping comparison.If you are running tests, check whether the tests are decorated with @bypass_not_implemented."
UNRESOLVED,mojo_opset/tests/accuracy/operators/test_attention_quant.py::test_paged_decode_gqa_with_kv_dequant[query_dtype1-context_dtype1-compute_dtype1-ABAB-M_BF16_VARLEN_BLK64_D80],SKIPPED,"No dedicated backend for TorchPagedDecodeGQAWithKVDequant; both operands resolve to the same implementation, skipping comparison.If you are running tests, check whether the tests are decorated with @bypass_not_implemented."
UNRESOLVED,mojo_opset/tests/accuracy/operators/test_attention_quant.py::test_paged_decode_gqa_with_kv_dequant[query_dtype1-context_dtype1-compute_dtype1-AABB-M_BF16],SKIPPED,"No dedicated backend for TorchPagedDecodeGQAWithKVDequant; both operands resolve to the same implementation, skipping comparison.If you are running tests, check whether the tests are decorated with @bypass_not_implemented."
UNRESOLVED,mojo_opset/tests/accuracy/operators/test_attention_quant.py::test_paged_decode_gqa_with_kv_dequant[query_dtype1-context_dtype1-compute_dtype1-AABB-M_BF16_PADDIM],SKIPPED,"No dedicated backend for TorchPagedDecodeGQAWithKVDequant; both operands resolve to the same implementation, skipping comparison.If you are running tests, check whether the tests are decorated with @bypass_not_implemented."
UNRESOLVED,mojo_opset/tests/accuracy/operators/test_attention_quant.py::test_paged_decode_gqa_with_kv_dequant[query_dtype1-context_dtype1-compute_dtype1-AABB-M_BF16_LONG],SKIPPED,"No dedicated backend for TorchPagedDecodeGQAWithKVDequant; both operands resolve to the same implementation, skipping comparison.If you are running tests, check whether the tests are decorated with @bypass_not_implemented."
UNRESOLVED,mojo_opset/tests/accuracy/operators/test_attention_quant.py::test_paged_decode_gqa_with_kv_dequant[query_dtype1-context_dtype1-compute_dtype1-AABB-M_BF16_BIGPAGE],SKIPPED,"No dedicated backend for TorchPagedDecodeGQAWithKVDequant; both operands resolve to the same implementation, skipping comparison.If you are running tests, check whether the tests are decorated with @bypass_not_implemented."
UNRESOLVED,mojo_opset/tests/accuracy/operators/test_attention_quant.py::test_paged_decode_gqa_with_kv_dequant[query_dtype1-context_dtype1-compute_dtype1-AABB-M_BF16_GROUP],SKIPPED,"No dedicated backend for TorchPagedDecodeGQAWithKVDequant; both operands resolve to the same implementation, skipping comparison.If you are running tests, check whether the tests are decorated with @bypass_not_implemented."
UNRESOLVED,mojo_opset/tests/accuracy/operators/test_attention_quant.py::test_paged_decode_gqa_with_kv_dequant[query_dtype1-context_dtype1-compute_dtype1-AABB-M_BF16_VARLEN_BLK16_D64],SKIPPED,"No dedicated backend for TorchPagedDecodeGQAWithKVDequant; both operands resolve to the same implementation, skipping comparison.If you are running tests, check whether the tests are decorated with @bypass_not_implemented."
UNRESOLVED,mojo_opset/tests/accuracy/operators/test_attention_quant.py::test_paged_decode_gqa_with_kv_dequant[query_dtype1-context_dtype1-compute_dtype1-AABB-M_BF16_VARLEN_BLK256_D192],SKIPPED,"No dedicated backend for TorchPagedDecodeGQAWithKVDequant; both operands resolve to the same implementation, skipping comparison.If you are running tests, check whether the tests are decorated with @bypass_not_implemented."
UNRESOLVED,mojo_opset/tests/accuracy/operators/test_attention_quant.py::test_paged_decode_gqa_with_kv_dequant[query_dtype1-context_dtype1-compute_dtype1-AABB-M_BF16_VARLEN_BLK64_D80],SKIPPED,"No dedicated backend for TorchPagedDecodeGQAWithKVDequant; both operands resolve to the same implementation, skipping comparison.If you are running tests, check whether the tests are decorated with @bypass_not_implemented."
UNRESOLVED,mojo_opset/tests/accuracy/operators/test_attention_quant.py::test_paged_prefill_swa_with_kv_dequant[query_dtype0-context_dtype0-compute_dtype0-ABAB-4-255-M_BF16],SKIPPED,"No dedicated backend for TorchPagedPrefillSWAWithKVDequant; both operands resolve to the same implementation, skipping comparison.If you are running tests, check whether the tests are decorated with @bypass_not_implemented."
UNRESOLVED,mojo_opset/tests/accuracy/operators/test_attention_quant.py::test_paged_prefill_swa_with_kv_dequant[query_dtype0-context_dtype0-compute_dtype0-ABAB-4-255-M_BF16_PADDIM],SKIPPED,"No dedicated backend for TorchPagedPrefillSWAWithKVDequant; both operands resolve to the same implementation, skipping comparison.If you are running tests, check whether the tests are decorated with @bypass_not_implemented."
UNRESOLVED,mojo_opset/tests/accuracy/operators/test_attention_quant.py::test_paged_prefill_swa_with_kv_dequant[query_dtype0-context_dtype0-compute_dtype0-ABAB-4-255-M_BF16_WITH_CACHE],SKIPPED,"No dedicated backend for TorchPagedPrefillSWAWithKVDequant; both operands resolve to the same implementation, skipping comparison.If you are running tests, check whether the tests are decorated with @bypass_not_implemented."
UNRESOLVED,mojo_opset/tests/accuracy/operators/test_attention_quant.py::test_paged_prefill_swa_with_kv_dequant[query_dtype0-context_dtype0-compute_dtype0-ABAB-4-255-M_BF16_BIGPAGE],SKIPPED,"No dedicated backend for TorchPagedPrefillSWAWithKVDequant; both operands resolve to the same implementation, skipping comparison.If you are running tests, check whether the tests are decorated with @bypass_not_implemented."
UNRESOLVED,mojo_opset/tests/accuracy/operators/test_attention_quant.py::test_paged_prefill_swa_with_kv_dequant[query_dtype0-context_dtype0-compute_dtype0-ABAB-4-255-M_BF16_GROUP1],SKIPPED,"No dedicated backend for TorchPagedPrefillSWAWithKVDequant; both operands resolve to the same implementation, skipping comparison.If you are running tests, check whether the tests are decorated with @bypass_not_implemented."
UNRESOLVED,mojo_opset/tests/accuracy/operators/test_attention_quant.py::test_paged_prefill_swa_with_kv_dequant[query_dtype0-context_dtype0-compute_dtype0-ABAB-4-255-M_BF16_GROUP2],SKIPPED,"No dedicated backend for TorchPagedPrefillSWAWithKVDequant; both operands resolve to the same implementation, skipping comparison.If you are running tests, check whether the tests are decorated with @bypass_not_implemented."
UNRESOLVED,mojo_opset/tests/accuracy/operators/test_attention_quant.py::test_paged_prefill_swa_with_kv_dequant[query_dtype0-context_dtype0-compute_dtype0-ABAB-4-255-M_BF16_VARLEN_BLK16_D64],SKIPPED,"No dedicated backend for TorchPagedPrefillSWAWithKVDequant; both operands resolve to the same implementation, skipping comparison.If you are running tests, check whether the tests are decorated with @bypass_not_implemented."
UNRESOLVED,mojo_opset/tests/accuracy/operators/test_attention_quant.py::test_paged_prefill_swa_with_kv_dequant[query_dtype0-context_dtype0-compute_dtype0-ABAB-4-255-M_BF16_VARLEN_BLK256_D256],SKIPPED,"No dedicated backend for TorchPagedPrefillSWAWithKVDequant; both operands resolve to the same implementation, skipping comparison.If you are running tests, check whether the tests are decorated with @bypass_not_implemented."
UNRESOLVED,mojo_opset/tests/accuracy/operators/test_attention_quant.py::test_paged_prefill_swa_with_kv_dequant[query_dtype0-context_dtype0-compute_dtype0-ABAB-4-255-M_BF16_SMALL_BLK16],SKIPPED,"No dedicated backend for TorchPagedPrefillSWAWithKVDequant; both operands resolve to the same implementation, skipping comparison.If you are running tests, check whether the tests are decorated with @bypass_not_implemented."
UNRESOLVED,mojo_opset/tests/accuracy/operators/test_attention_quant.py::test_paged_prefill_swa_with_kv_dequant[query_dtype0-context_dtype0-compute_dtype0-ABAB-4-255-M_BF16_H24_VARLEN],SKIPPED,"No dedicated backend for TorchPagedPrefillSWAWithKVDequant; both operands resolve to the same implementation, skipping comparison.If you are running tests, check whether the tests are decorated with @bypass_not_implemented."
UNRESOLVED,mojo_opset/tests/accuracy/operators/test_attention_quant.py::test_paged_prefill_swa_with_kv_dequant[query_dtype0-context_dtype0-compute_dtype0-ABAB-4-255-M_BF16_VARLEN_513],SKIPPED,"No dedicated backend for TorchPagedPrefillSWAWithKVDequant; both operands resolve to the same implementation, skipping comparison.If you are running tests, check whether the tests are decorated with @bypass_not_implemented."
UNRESOLVED,mojo_opset/tests/accuracy/operators/test_attention_quant.py::test_paged_prefill_swa_with_kv_dequant[query_dtype0-context_dtype0-compute_dtype0-ABAB-4-255-M_BF16_H24_BLK128],SKIPPED,"No dedicated backend for TorchPagedPrefillSWAWithKVDequant; both operands resolve to the same implementation, skipping comparison.If you are running tests, check whether the tests are decorated with @bypass_not_implemented."
UNRESOLVED,mojo_opset/tests/accuracy/operators/test_attention_quant.py::test_paged_prefill_swa_with_kv_dequant[query_dtype0-context_dtype0-compute_dtype0-ABAB-4-255-M_BF16_ODD_KV_333],SKIPPED,"No dedicated backend for TorchPagedPrefillSWAWithKVDequant; both operands resolve to the same implementation, skipping comparison.If you are running tests, check whether the tests are decorated with @bypass_not_implemented."
UNRESOLVED,mojo_opset/tests/accuracy/operators/test_attention_quant.py::test_paged_prefill_swa_with_kv_dequant[query_dtype0-context_dtype0-compute_dtype0-ABAB-4-255-M_BF16_H24_ODD_777],SKIPPED,"No dedicated backend for TorchPagedPrefillSWAWithKVDequant; both operands resolve to the same implementation, skipping comparison.If you are running tests, check whether the tests are decorated with @bypass_not_implemented."
UNRESOLVED,mojo_opset/tests/accuracy/operators/test_attention_quant.py::test_paged_prefill_swa_with_kv_dequant[query_dtype0-context_dtype0-compute_dtype0-ABAB-4-255-M_BF16_LONG_ODD],SKIPPED,"No dedicated backend for TorchPagedPrefillSWAWithKVDequant; both operands resolve to the same implementation, skipping comparison.If you are running tests, check whether the tests are decorated with @bypass_not_implemented."
UNRESOLVED,mojo_opset/tests/accuracy/operators/test_attention_quant.py::test_paged_prefill_swa_with_kv_dequant[query_dtype0-context_dtype0-compute_dtype0-ABAB-4-255-M_BF16_H24_LONG],SKIPPED,"No dedicated backend for TorchPagedPrefillSWAWithKVDequant; both operands resolve to the same implementation, skipping comparison.If you are running tests, check whether the tests are decorated with @bypass_not_implemented."
UNRESOLVED,mojo_opset/tests/accuracy/operators/test_attention_quant.py::test_paged_prefill_swa_with_kv_dequant[query_dtype0-context_dtype0-compute_dtype0-AABB-4-1023-M_BF16],SKIPPED,"No dedicated backend for TorchPagedPrefillSWAWithKVDequant; both operands resolve to the same implementation, skipping comparison.If you are running tests, check whether the tests are decorated with @bypass_not_implemented."
UNRESOLVED,mojo_opset/tests/accuracy/operators/test_attention_quant.py::test_paged_prefill_swa_with_kv_dequant[query_dtype0-context_dtype0-compute_dtype0-AABB-4-1023-M_BF16_PADDIM],SKIPPED,"No dedicated backend for TorchPagedPrefillSWAWithKVDequant; both operands resolve to the same implementation, skipping comparison.If you are running tests, check whether the tests are decorated with @bypass_not_implemented."
UNRESOLVED,mojo_opset/tests/accuracy/operators/test_attention_quant.py::test_paged_prefill_swa_with_kv_dequant[query_dtype0-context_dtype0-compute_dtype0-AABB-4-1023-M_BF16_WITH_CACHE],SKIPPED,"No dedicated backend for TorchPagedPrefillSWAWithKVDequant; both operands resolve to the same implementation, skipping comparison.If you are running tests, check whether the tests are decorated with @bypass_not_implemented."
UNRESOLVED,mojo_opset/tests/accuracy/operators/test_attention_quant.py::test_paged_prefill_swa_with_kv_dequant[query_dtype0-context_dtype0-compute_dtype0-AABB-4-1023-M_BF16_BIGPAGE],SKIPPED,"No dedicated backend for TorchPagedPrefillSWAWithKVDequant; both operands resolve to the same implementation, skipping comparison.If you are running tests, check whether the tests are decorated with @bypass_not_implemented."
UNRESOLVED,mojo_opset/tests/accuracy/operators/test_attention_quant.py::test_paged_prefill_swa_with_kv_dequant[query_dtype0-context_dtype0-compute_dtype0-AABB-4-1023-M_BF16_GROUP1],SKIPPED,"No dedicated backend for TorchPagedPrefillSWAWithKVDequant; both operands resolve to the same implementation, skipping comparison.If you are running tests, check whether the tests are decorated with @bypass_not_implemented."
UNRESOLVED,mojo_opset/tests/accuracy/operators/test_attention_quant.py::test_paged_prefill_swa_with_kv_dequant[query_dtype0-context_dtype0-compute_dtype0-AABB-4-1023-M_BF16_GROUP2],SKIPPED,"No dedicated backend for TorchPagedPrefillSWAWithKVDequant; both operands resolve to the same implementation, skipping comparison.If you are running tests, check whether the tests are decorated with @bypass_not_implemented."
UNRESOLVED,mojo_opset/tests/accuracy/operators/test_attention_quant.py::test_paged_prefill_swa_with_kv_dequant[query_dtype0-context_dtype0-compute_dtype0-AABB-4-1023-M_BF16_VARLEN_BLK16_D64],SKIPPED,"No dedicated backend for TorchPagedPrefillSWAWithKVDequant; both operands resolve to the same implementation, skipping comparison.If you are running tests, check whether the tests are decorated with @bypass_not_implemented."
UNRESOLVED,mojo_opset/tests/accuracy/operators/test_attention_quant.py::test_paged_prefill_swa_with_kv_dequant[query_dtype0-context_dtype0-compute_dtype0-AABB-4-1023-M_BF16_VARLEN_BLK256_D256],SKIPPED,"No dedicated backend for TorchPagedPrefillSWAWithKVDequant; both operands resolve to the same implementation, skipping comparison.If you are running tests, check whether the tests are decorated with @bypass_not_implemented."
UNRESOLVED,mojo_opset/tests/accuracy/operators/test_attention_quant.py::test_paged_prefill_swa_with_kv_dequant[query_dtype0-context_dtype0-compute_dtype0-AABB-4-1023-M_BF16_SMALL_BLK16],SKIPPED,"No dedicated backend for TorchPagedPrefillSWAWithKVDequant; both operands resolve to the same implementation, skipping comparison.If you are running tests, check whether the tests are decorated with @bypass_not_implemented."
UNRESOLVED,mojo_opset/tests/accuracy/operators/test_attention_quant.py::test_paged_prefill_swa_with_kv_dequant[query_dtype0-context_dtype0-compute_dtype0-AABB-4-1023-M_BF16_H24_VARLEN],SKIPPED,"No dedicated backend for TorchPagedPrefillSWAWithKVDequant; both operands resolve to the same implementation, skipping comparison.If you are running tests, check whether the tests are decorated with @bypass_not_implemented."
UNRESOLVED,mojo_opset/tests/accuracy/operators/test_attention_quant.py::test_paged_prefill_swa_with_kv_dequant[query_dtype0-context_dtype0-compute_dtype0-AABB-4-1023-M_BF16_VARLEN_513],SKIPPED,"No dedicated backend for TorchPagedPrefillSWAWithKVDequant; both operands resolve to the same implementation, skipping comparison.If you are running tests, check whether the tests are decorated with @bypass_not_implemented."
UNRESOLVED,mojo_opset/tests/accuracy/operators/test_attention_quant.py::test_paged_prefill_swa_with_kv_dequant[query_dtype0-context_dtype0-compute_dtype0-AABB-4-1023-M_BF16_H24_BLK128],SKIPPED,"No dedicated backend for TorchPagedPrefillSWAWithKVDequant; both operands resolve to the same implementation, skipping comparison.If you are running tests, check whether the tests are decorated with @bypass_not_implemented."
UNRESOLVED,mojo_opset/tests/accuracy/operators/test_attention_quant.py::test_paged_prefill_swa_with_kv_dequant[query_dtype0-context_dtype0-compute_dtype0-AABB-4-1023-M_BF16_ODD_KV_333],SKIPPED,"No dedicated backend for TorchPagedPrefillSWAWithKVDequant; both operands resolve to the same implementation, skipping comparison.If you are running tests, check whether the tests are decorated with @bypass_not_implemented."
UNRESOLVED,mojo_opset/tests/accuracy/operators/test_attention_quant.py::test_paged_prefill_swa_with_kv_dequant[query_dtype0-context_dtype0-compute_dtype0-AABB-4-1023-M_BF16_H24_ODD_777],SKIPPED,"No dedicated backend for TorchPagedPrefillSWAWithKVDequant; both operands resolve to the same implementation, skipping comparison.If you are running tests, check whether the tests are decorated with @bypass_not_implemented."
UNRESOLVED,mojo_opset/tests/accuracy/operators/test_attention_quant.py::test_paged_prefill_swa_with_kv_dequant[query_dtype0-context_dtype0-compute_dtype0-AABB-4-1023-M_BF16_LONG_ODD],SKIPPED,"No dedicated backend for TorchPagedPrefillSWAWithKVDequant; both operands resolve to the same implementation, skipping comparison.If you are running tests, check whether the tests are decorated with @bypass_not_implemented."
UNRESOLVED,mojo_opset/tests/accuracy/operators/test_attention_quant.py::test_paged_prefill_swa_with_kv_dequant[query_dtype0-context_dtype0-compute_dtype0-AABB-4-1023-M_BF16_H24_LONG],SKIPPED,"No dedicated backend for TorchPagedPrefillSWAWithKVDequant; both operands resolve to the same implementation, skipping comparison.If you are running tests, check whether the tests are decorated with @bypass_not_implemented."
UNRESOLVED,mojo_opset/tests/accuracy/operators/test_attention_quant.py::test_paged_prefill_swa_with_kv_dequant[query_dtype1-context_dtype1-compute_dtype1-ABAB-4-255-M_BF16],SKIPPED,"No dedicated backend for TorchPagedPrefillSWAWithKVDequant; both operands resolve to the same implementation, skipping comparison.If you are running tests, check whether the tests are decorated with @bypass_not_implemented."
UNRESOLVED,mojo_opset/tests/accuracy/operators/test_attention_quant.py::test_paged_prefill_swa_with_kv_dequant[query_dtype1-context_dtype1-compute_dtype1-ABAB-4-255-M_BF16_PADDIM],SKIPPED,"No dedicated backend for TorchPagedPrefillSWAWithKVDequant; both operands resolve to the same implementation, skipping comparison.If you are running tests, check whether the tests are decorated with @bypass_not_implemented."
UNRESOLVED,mojo_opset/tests/accuracy/operators/test_attention_quant.py::test_paged_prefill_swa_with_kv_dequant[query_dtype1-context_dtype1-compute_dtype1-ABAB-4-255-M_BF16_WITH_CACHE],SKIPPED,"No dedicated backend for TorchPagedPrefillSWAWithKVDequant; both operands resolve to the same implementation, skipping comparison.If you are running tests, check whether the tests are decorated with @bypass_not_implemented."
UNRESOLVED,mojo_opset/tests/accuracy/operators/test_attention_quant.py::test_paged_prefill_swa_with_kv_dequant[query_dtype1-context_dtype1-compute_dtype1-ABAB-4-255-M_BF16_BIGPAGE],SKIPPED,"No dedicated backend for TorchPagedPrefillSWAWithKVDequant; both operands resolve to the same implementation, skipping comparison.If you are running tests, check whether the tests are decorated with @bypass_not_implemented."
UNRESOLVED,mojo_opset/tests/accuracy/operators/test_attention_quant.py::test_paged_prefill_swa_with_kv_dequant[query_dtype1-context_dtype1-compute_dtype1-ABAB-4-255-M_BF16_GROUP1],SKIPPED,"No dedicated backend for TorchPagedPrefillSWAWithKVDequant; both operands resolve to the same implementation, skipping comparison.If you are running tests, check whether the tests are decorated with @bypass_not_implemented."
UNRESOLVED,mojo_opset/tests/accuracy/operators/test_attention_quant.py::test_paged_prefill_swa_with_kv_dequant[query_dtype1-context_dtype1-compute_dtype1-ABAB-4-255-M_BF16_GROUP2],SKIPPED,"No dedicated backend for TorchPagedPrefillSWAWithKVDequant; both operands resolve to the same implementation, skipping comparison.If you are running tests, check whether the tests are decorated with @bypass_not_implemented."
UNRESOLVED,mojo_opset/tests/accuracy/operators/test_attention_quant.py::test_paged_prefill_swa_with_kv_dequant[query_dtype1-context_dtype1-compute_dtype1-ABAB-4-255-M_BF16_VARLEN_BLK16_D64],SKIPPED,"No dedicated backend for TorchPagedPrefillSWAWithKVDequant; both operands resolve to the same implementation, skipping comparison.If you are running tests, check whether the tests are decorated with @bypass_not_implemented."
UNRESOLVED,mojo_opset/tests/accuracy/operators/test_attention_quant.py::test_paged_prefill_swa_with_kv_dequant[query_dtype1-context_dtype1-compute_dtype1-ABAB-4-255-M_BF16_VARLEN_BLK256_D256],SKIPPED,"No dedicated backend for TorchPagedPrefillSWAWithKVDequant; both operands resolve to the same implementation, skipping comparison.If you are running tests, check whether the tests are decorated with @bypass_not_implemented."
UNRESOLVED,mojo_opset/tests/accuracy/operators/test_attention_quant.py::test_paged_prefill_swa_with_kv_dequant[query_dtype1-context_dtype1-compute_dtype1-ABAB-4-255-M_BF16_SMALL_BLK16],SKIPPED,"No dedicated backend for TorchPagedPrefillSWAWithKVDequant; both operands resolve to the same implementation, skipping comparison.If you are running tests, check whether the tests are decorated with @bypass_not_implemented."
UNRESOLVED,mojo_opset/tests/accuracy/operators/test_attention_quant.py::test_paged_prefill_swa_with_kv_dequant[query_dtype1-context_dtype1-compute_dtype1-ABAB-4-255-M_BF16_H24_VARLEN],SKIPPED,"No dedicated backend for TorchPagedPrefillSWAWithKVDequant; both operands resolve to the same implementation, skipping comparison.If you are running tests, check whether the tests are decorated with @bypass_not_implemented."
UNRESOLVED,mojo_opset/tests/accuracy/operators/test_attention_quant.py::test_paged_prefill_swa_with_kv_dequant[query_dtype1-context_dtype1-compute_dtype1-ABAB-4-255-M_BF16_VARLEN_513],SKIPPED,"No dedicated backend for TorchPagedPrefillSWAWithKVDequant; both operands resolve to the same implementation, skipping comparison.If you are running tests, check whether the tests are decorated with @bypass_not_implemented."
UNRESOLVED,mojo_opset/tests/accuracy/operators/test_attention_quant.py::test_paged_prefill_swa_with_kv_dequant[query_dtype1-context_dtype1-compute_dtype1-ABAB-4-255-M_BF16_H24_BLK128],SKIPPED,"No dedicated backend for TorchPagedPrefillSWAWithKVDequant; both operands resolve to the same implementation, skipping comparison.If you are running tests, check whether the tests are decorated with @bypass_not_implemented."
UNRESOLVED,mojo_opset/tests/accuracy/operators/test_attention_quant.py::test_paged_prefill_swa_with_kv_dequant[query_dtype1-context_dtype1-compute_dtype1-ABAB-4-255-M_BF16_ODD_KV_333],SKIPPED,"No dedicated backend for TorchPagedPrefillSWAWithKVDequant; both operands resolve to the same implementation, skipping comparison.If you are running tests, check whether the tests are decorated with @bypass_not_implemented."
UNRESOLVED,mojo_opset/tests/accuracy/operators/test_attention_quant.py::test_paged_prefill_swa_with_kv_dequant[query_dtype1-context_dtype1-compute_dtype1-ABAB-4-255-M_BF16_H24_ODD_777],SKIPPED,"No dedicated backend for TorchPagedPrefillSWAWithKVDequant; both operands resolve to the same implementation, skipping comparison.If you are running tests, check whether the tests are decorated with @bypass_not_implemented."
UNRESOLVED,mojo_opset/tests/accuracy/operators/test_attention_quant.py::test_paged_prefill_swa_with_kv_dequant[query_dtype1-context_dtype1-compute_dtype1-ABAB-4-255-M_BF16_LONG_ODD],SKIPPED,"No dedicated backend for TorchPagedPrefillSWAWithKVDequant; both operands resolve to the same implementation, skipping comparison.If you are running tests, check whether the tests are decorated with @bypass_not_implemented."
UNRESOLVED,mojo_opset/tests/accuracy/operators/test_attention_quant.py::test_paged_prefill_swa_with_kv_dequant[query_dtype1-context_dtype1-compute_dtype1-ABAB-4-255-M_BF16_H24_LONG],SKIPPED,"No dedicated backend for TorchPagedPrefillSWAWithKVDequant; both operands resolve to the same implementation, skipping comparison.If you are running tests, check whether the tests are decorated with @bypass_not_implemented."
UNRESOLVED,mojo_opset/tests/accuracy/operators/test_attention_quant.py::test_paged_prefill_swa_with_kv_dequant[query_dtype1-context_dtype1-compute_dtype1-AABB-4-1023-M_BF16],SKIPPED,"No dedicated backend for TorchPagedPrefillSWAWithKVDequant; both operands resolve to the same implementation, skipping comparison.If you are running tests, check whether the tests are decorated with @bypass_not_implemented."
UNRESOLVED,mojo_opset/tests/accuracy/operators/test_attention_quant.py::test_paged_prefill_swa_with_kv_dequant[query_dtype1-context_dtype1-compute_dtype1-AABB-4-1023-M_BF16_PADDIM],SKIPPED,"No dedicated backend for TorchPagedPrefillSWAWithKVDequant; both operands resolve to the same implementation, skipping comparison.If you are running tests, check whether the tests are decorated with @bypass_not_implemented."
UNRESOLVED,mojo_opset/tests/accuracy/operators/test_attention_quant.py::test_paged_prefill_swa_with_kv_dequant[query_dtype1-context_dtype1-compute_dtype1-AABB-4-1023-M_BF16_WITH_CACHE],SKIPPED,"No dedicated backend for TorchPagedPrefillSWAWithKVDequant; both operands resolve to the same implementation, skipping comparison.If you are running tests, check whether the tests are decorated with @bypass_not_implemented."
UNRESOLVED,mojo_opset/tests/accuracy/operators/test_attention_quant.py::test_paged_prefill_swa_with_kv_dequant[query_dtype1-context_dtype1-compute_dtype1-AABB-4-1023-M_BF16_BIGPAGE],SKIPPED,"No dedicated backend for TorchPagedPrefillSWAWithKVDequant; both operands resolve to the same implementation, skipping comparison.If you are running tests, check whether the tests are decorated with @bypass_not_implemented."
UNRESOLVED,mojo_opset/tests/accuracy/operators/test_attention_quant.py::test_paged_prefill_swa_with_kv_dequant[query_dtype1-context_dtype1-compute_dtype1-AABB-4-1023-M_BF16_GROUP1],SKIPPED,"No dedicated backend for TorchPagedPrefillSWAWithKVDequant; both operands resolve to the same implementation, skipping comparison.If you are running tests, check whether the tests are decorated with @bypass_not_implemented."
UNRESOLVED,mojo_opset/tests/accuracy/operators/test_attention_quant.py::test_paged_prefill_swa_with_kv_dequant[query_dtype1-context_dtype1-compute_dtype1-AABB-4-1023-M_BF16_GROUP2],SKIPPED,"No dedicated backend for TorchPagedPrefillSWAWithKVDequant; both operands resolve to the same implementation, skipping comparison.If you are running tests, check whether the tests are decorated with @bypass_not_implemented."
UNRESOLVED,mojo_opset/tests/accuracy/operators/test_attention_quant.py::test_paged_prefill_swa_with_kv_dequant[query_dtype1-context_dtype1-compute_dtype1-AABB-4-1023-M_BF16_VARLEN_BLK16_D64],SKIPPED,"No dedicated backend for TorchPagedPrefillSWAWithKVDequant; both operands resolve to the same implementation, skipping comparison.If you are running tests, check whether the tests are decorated with @bypass_not_implemented."
UNRESOLVED,mojo_opset/tests/accuracy/operators/test_attention_quant.py::test_paged_prefill_swa_with_kv_dequant[query_dtype1-context_dtype1-compute_dtype1-AABB-4-1023-M_BF16_VARLEN_BLK256_D256],SKIPPED,"No dedicated backend for TorchPagedPrefillSWAWithKVDequant; both operands resolve to the same implementation, skipping comparison.If you are running tests, check whether the tests are decorated with @bypass_not_implemented."
UNRESOLVED,mojo_opset/tests/accuracy/operators/test_attention_quant.py::test_paged_prefill_swa_with_kv_dequant[query_dtype1-context_dtype1-compute_dtype1-AABB-4-1023-M_BF16_SMALL_BLK16],SKIPPED,"No dedicated backend for TorchPagedPrefillSWAWithKVDequant; both operands resolve to the same implementation, skipping comparison.If you are running tests, check whether the tests are decorated with @bypass_not_implemented."
UNRESOLVED,mojo_opset/tests/accuracy/operators/test_attention_quant.py::test_paged_prefill_swa_with_kv_dequant[query_dtype1-context_dtype1-compute_dtype1-AABB-4-1023-M_BF16_H24_VARLEN],SKIPPED,"No dedicated backend for TorchPagedPrefillSWAWithKVDequant; both operands resolve to the same implementation, skipping comparison.If you are running tests, check whether the tests are decorated with @bypass_not_implemented."
UNRESOLVED,mojo_opset/tests/accuracy/operators/test_attention_quant.py::test_paged_prefill_swa_with_kv_dequant[query_dtype1-context_dtype1-compute_dtype1-AABB-4-1023-M_BF16_VARLEN_513],SKIPPED,"No dedicated backend for TorchPagedPrefillSWAWithKVDequant; both operands resolve to the same implementation, skipping comparison.If you are running tests, check whether the tests are decorated with @bypass_not_implemented."
UNRESOLVED,mojo_opset/tests/accuracy/operators/test_attention_quant.py::test_paged_prefill_swa_with_kv_dequant[query_dtype1-context_dtype1-compute_dtype1-AABB-4-1023-M_BF16_H24_BLK128],SKIPPED,"No dedicated backend for TorchPagedPrefillSWAWithKVDequant; both operands resolve to the same implementation, skipping comparison.If you are running tests, check whether the tests are decorated with @bypass_not_implemented."
UNRESOLVED,mojo_opset/tests/accuracy/operators/test_attention_quant.py::test_paged_prefill_swa_with_kv_dequant[query_dtype1-context_dtype1-compute_dtype1-AABB-4-1023-M_BF16_ODD_KV_333],SKIPPED,"No dedicated backend for TorchPagedPrefillSWAWithKVDequant; both operands resolve to the same implementation, skipping comparison.If you are running tests, check whether the tests are decorated with @bypass_not_implemented."
UNRESOLVED,mojo_opset/tests/accuracy/operators/test_attention_quant.py::test_paged_prefill_swa_with_kv_dequant[query_dtype1-context_dtype1-compute_dtype1-AABB-4-1023-M_BF16_H24_ODD_777],SKIPPED,"No dedicated backend for TorchPagedPrefillSWAWithKVDequant; both operands resolve to the same implementation, skipping comparison.If you are running tests, check whether the tests are decorated with @bypass_not_implemented."
UNRESOLVED,mojo_opset/tests/accuracy/operators/test_attention_quant.py::test_paged_prefill_swa_with_kv_dequant[query_dtype1-context_dtype1-compute_dtype1-AABB-4-1023-M_BF16_LONG_ODD],SKIPPED,"No dedicated backend for TorchPagedPrefillSWAWithKVDequant; both operands resolve to the same implementation, skipping comparison.If you are running tests, check whether the tests are decorated with @bypass_not_implemented."
UNRESOLVED,mojo_opset/tests/accuracy/operators/test_attention_quant.py::test_paged_prefill_swa_with_kv_dequant[query_dtype1-context_dtype1-compute_dtype1-AABB-4-1023-M_BF16_H24_LONG],SKIPPED,"No dedicated backend for TorchPagedPrefillSWAWithKVDequant; both operands resolve to the same implementation, skipping comparison.If you are running tests, check whether the tests are decorated with @bypass_not_implemented."
UNRESOLVED,mojo_opset/tests/accuracy/operators/test_attention_quant.py::test_paged_decode_swa_with_kv_dequant[query_dtype0-context_dtype0-compute_dtype0-ABAB-4-255-M_BF16],SKIPPED,"No dedicated backend for TorchPagedDecodeSWAWithKVDequant; both operands resolve to the same implementation, skipping comparison.If you are running tests, check whether the tests are decorated with @bypass_not_implemented."
UNRESOLVED,mojo_opset/tests/accuracy/operators/test_attention_quant.py::test_paged_decode_swa_with_kv_dequant[query_dtype0-context_dtype0-compute_dtype0-ABAB-4-255-M_BF16_PADDIM],SKIPPED,"No dedicated backend for TorchPagedDecodeSWAWithKVDequant; both operands resolve to the same implementation, skipping comparison.If you are running tests, check whether the tests are decorated with @bypass_not_implemented."
UNRESOLVED,mojo_opset/tests/accuracy/operators/test_attention_quant.py::test_paged_decode_swa_with_kv_dequant[query_dtype0-context_dtype0-compute_dtype0-ABAB-4-255-M_BF16_LONG],SKIPPED,"No dedicated backend for TorchPagedDecodeSWAWithKVDequant; both operands resolve to the same implementation, skipping comparison.If you are running tests, check whether the tests are decorated with @bypass_not_implemented."
UNRESOLVED,mojo_opset/tests/accuracy/operators/test_attention_quant.py::test_paged_decode_swa_with_kv_dequant[query_dtype0-context_dtype0-compute_dtype0-ABAB-4-255-M_BF16_BIGPAGE],SKIPPED,"No dedicated backend for TorchPagedDecodeSWAWithKVDequant; both operands resolve to the same implementation, skipping comparison.If you are running tests, check whether the tests are decorated with @bypass_not_implemented."
UNRESOLVED,mojo_opset/tests/accuracy/operators/test_attention_quant.py::test_paged_decode_swa_with_kv_dequant[query_dtype0-context_dtype0-compute_dtype0-ABAB-4-255-M_BF16_GROUP1],SKIPPED,"No dedicated backend for TorchPagedDecodeSWAWithKVDequant; both operands resolve to the same implementation, skipping comparison.If you are running tests, check whether the tests are decorated with @bypass_not_implemented."
UNRESOLVED,mojo_opset/tests/accuracy/operators/test_attention_quant.py::test_paged_decode_swa_with_kv_dequant[query_dtype0-context_dtype0-compute_dtype0-ABAB-4-255-M_BF16_GROUP2],SKIPPED,"No dedicated backend for TorchPagedDecodeSWAWithKVDequant; both operands resolve to the same implementation, skipping comparison.If you are running tests, check whether the tests are decorated with @bypass_not_implemented."
UNRESOLVED,mojo_opset/tests/accuracy/operators/test_attention_quant.py::test_paged_decode_swa_with_kv_dequant[query_dtype0-context_dtype0-compute_dtype0-ABAB-4-255-M_BF16_VARLEN_BLK16_D64],SKIPPED,"No dedicated backend for TorchPagedDecodeSWAWithKVDequant; both operands resolve to the same implementation, skipping comparison.If you are running tests, check whether the tests are decorated with @bypass_not_implemented."
UNRESOLVED,mojo_opset/tests/accuracy/operators/test_attention_quant.py::test_paged_decode_swa_with_kv_dequant[query_dtype0-context_dtype0-compute_dtype0-ABAB-4-255-M_BF16_VARLEN_BLK256_D256],SKIPPED,"No dedicated backend for TorchPagedDecodeSWAWithKVDequant; both operands resolve to the same implementation, skipping comparison.If you are running tests, check whether the tests are decorated with @bypass_not_implemented."
UNRESOLVED,mojo_opset/tests/accuracy/operators/test_attention_quant.py::test_paged_decode_swa_with_kv_dequant[query_dtype0-context_dtype0-compute_dtype0-AABB-4-1023-M_BF16],SKIPPED,"No dedicated backend for TorchPagedDecodeSWAWithKVDequant; both operands resolve to the same implementation, skipping comparison.If you are running tests, check whether the tests are decorated with @bypass_not_implemented."
UNRESOLVED,mojo_opset/tests/accuracy/operators/test_attention_quant.py::test_paged_decode_swa_with_kv_dequant[query_dtype0-context_dtype0-compute_dtype0-AABB-4-1023-M_BF16_PADDIM],SKIPPED,"No dedicated backend for TorchPagedDecodeSWAWithKVDequant; both operands resolve to the same implementation, skipping comparison.If you are running tests, check whether the tests are decorated with @bypass_not_implemented."
UNRESOLVED,mojo_opset/tests/accuracy/operators/test_attention_quant.py::test_paged_decode_swa_with_kv_dequant[query_dtype0-context_dtype0-compute_dtype0-AABB-4-1023-M_BF16_LONG],SKIPPED,"No dedicated backend for TorchPagedDecodeSWAWithKVDequant; both operands resolve to the same implementation, skipping comparison.If you are running tests, check whether the tests are decorated with @bypass_not_implemented."
UNRESOLVED,mojo_opset/tests/accuracy/operators/test_attention_quant.py::test_paged_decode_swa_with_kv_dequant[query_dtype0-context_dtype0-compute_dtype0-AABB-4-1023-M_BF16_BIGPAGE],SKIPPED,"No dedicated backend for TorchPagedDecodeSWAWithKVDequant; both operands resolve to the same implementation, skipping comparison.If you are running tests, check whether the tests are decorated with @bypass_not_implemented."
UNRESOLVED,mojo_opset/tests/accuracy/operators/test_attention_quant.py::test_paged_decode_swa_with_kv_dequant[query_dtype0-context_dtype0-compute_dtype0-AABB-4-1023-M_BF16_GROUP1],SKIPPED,"No dedicated backend for TorchPagedDecodeSWAWithKVDequant; both operands resolve to the same implementation, skipping comparison.If you are running tests, check whether the tests are decorated with @bypass_not_implemented."
UNRESOLVED,mojo_opset/tests/accuracy/operators/test_attention_quant.py::test_paged_decode_swa_with_kv_dequant[query_dtype0-context_dtype0-compute_dtype0-AABB-4-1023-M_BF16_GROUP2],SKIPPED,"No dedicated backend for TorchPagedDecodeSWAWithKVDequant; both operands resolve to the same implementation, skipping comparison.If you are running tests, check whether the tests are decorated with @bypass_not_implemented."
UNRESOLVED,mojo_opset/tests/accuracy/operators/test_attention_quant.py::test_paged_decode_swa_with_kv_dequant[query_dtype0-context_dtype0-compute_dtype0-AABB-4-1023-M_BF16_VARLEN_BLK16_D64],SKIPPED,"No dedicated backend for TorchPagedDecodeSWAWithKVDequant; both operands resolve to the same implementation, skipping comparison.If you are running tests, check whether the tests are decorated with @bypass_not_implemented."
UNRESOLVED,mojo_opset/tests/accuracy/operators/test_attention_quant.py::test_paged_decode_swa_with_kv_dequant[query_dtype0-context_dtype0-compute_dtype0-AABB-4-1023-M_BF16_VARLEN_BLK256_D256],SKIPPED,"No dedicated backend for TorchPagedDecodeSWAWithKVDequant; both operands resolve to the same implementation, skipping comparison.If you are running tests, check whether the tests are decorated with @bypass_not_implemented."
UNRESOLVED,mojo_opset/tests/accuracy/operators/test_attention_quant.py::test_paged_decode_swa_with_kv_dequant[query_dtype1-context_dtype1-compute_dtype1-ABAB-4-255-M_BF16],SKIPPED,"No dedicated backend for TorchPagedDecodeSWAWithKVDequant; both operands resolve to the same implementation, skipping comparison.If you are running tests, check whether the tests are decorated with @bypass_not_implemented."
UNRESOLVED,mojo_opset/tests/accuracy/operators/test_attention_quant.py::test_paged_decode_swa_with_kv_dequant[query_dtype1-context_dtype1-compute_dtype1-ABAB-4-255-M_BF16_PADDIM],SKIPPED,"No dedicated backend for TorchPagedDecodeSWAWithKVDequant; both operands resolve to the same implementation, skipping comparison.If you are running tests, check whether the tests are decorated with @bypass_not_implemented."
UNRESOLVED,mojo_opset/tests/accuracy/operators/test_attention_quant.py::test_paged_decode_swa_with_kv_dequant[query_dtype1-context_dtype1-compute_dtype1-ABAB-4-255-M_BF16_LONG],SKIPPED,"No dedicated backend for TorchPagedDecodeSWAWithKVDequant; both operands resolve to the same implementation, skipping comparison.If you are running tests, check whether the tests are decorated with @bypass_not_implemented."
UNRESOLVED,mojo_opset/tests/accuracy/operators/test_attention_quant.py::test_paged_decode_swa_with_kv_dequant[query_dtype1-context_dtype1-compute_dtype1-ABAB-4-255-M_BF16_BIGPAGE],SKIPPED,"No dedicated backend for TorchPagedDecodeSWAWithKVDequant; both operands resolve to the same implementation, skipping comparison.If you are running tests, check whether the tests are decorated with @bypass_not_implemented."
UNRESOLVED,mojo_opset/tests/accuracy/operators/test_attention_quant.py::test_paged_decode_swa_with_kv_dequant[query_dtype1-context_dtype1-compute_dtype1-ABAB-4-255-M_BF16_GROUP1],SKIPPED,"No dedicated backend for TorchPagedDecodeSWAWithKVDequant; both operands resolve to the same implementation, skipping comparison.If you are running tests, check whether the tests are decorated with @bypass_not_implemented."
UNRESOLVED,mojo_opset/tests/accuracy/operators/test_attention_quant.py::test_paged_decode_swa_with_kv_dequant[query_dtype1-context_dtype1-compute_dtype1-ABAB-4-255-M_BF16_GROUP2],SKIPPED,"No dedicated backend for TorchPagedDecodeSWAWithKVDequant; both operands resolve to the same implementation, skipping comparison.If you are running tests, check whether the tests are decorated with @bypass_not_implemented."
UNRESOLVED,mojo_opset/tests/accuracy/operators/test_attention_quant.py::test_paged_decode_swa_with_kv_dequant[query_dtype1-context_dtype1-compute_dtype1-ABAB-4-255-M_BF16_VARLEN_BLK16_D64],SKIPPED,"No dedicated backend for TorchPagedDecodeSWAWithKVDequant; both operands resolve to the same implementation, skipping comparison.If you are running tests, check whether the tests are decorated with @bypass_not_implemented."
UNRESOLVED,mojo_opset/tests/accuracy/operators/test_attention_quant.py::test_paged_decode_swa_with_kv_dequant[query_dtype1-context_dtype1-compute_dtype1-ABAB-4-255-M_BF16_VARLEN_BLK256_D256],SKIPPED,"No dedicated backend for TorchPagedDecodeSWAWithKVDequant; both operands resolve to the same implementation, skipping comparison.If you are running tests, check whether the tests are decorated with @bypass_not_implemented."
UNRESOLVED,mojo_opset/tests/accuracy/operators/test_attention_quant.py::test_paged_decode_swa_with_kv_dequant[query_dtype1-context_dtype1-compute_dtype1-AABB-4-1023-M_BF16],SKIPPED,"No dedicated backend for TorchPagedDecodeSWAWithKVDequant; both operands resolve to the same implementation, skipping comparison.If you are running tests, check whether the tests are decorated with @bypass_not_implemented."
UNRESOLVED,mojo_opset/tests/accuracy/operators/test_attention_quant.py::test_paged_decode_swa_with_kv_dequant[query_dtype1-context_dtype1-compute_dtype1-AABB-4-1023-M_BF16_PADDIM],SKIPPED,"No dedicated backend for TorchPagedDecodeSWAWithKVDequant; both operands resolve to the same implementation, skipping comparison.If you are running tests, check whether the tests are decorated with @bypass_not_implemented."
UNRESOLVED,mojo_opset/tests/accuracy/operators/test_attention_quant.py::test_paged_decode_swa_with_kv_dequant[query_dtype1-context_dtype1-compute_dtype1-AABB-4-1023-M_BF16_LONG],SKIPPED,"No dedicated backend for TorchPagedDecodeSWAWithKVDequant; both operands resolve to the same implementation, skipping comparison.If you are running tests, check whether the tests are decorated with @bypass_not_implemented."
UNRESOLVED,mojo_opset/tests/accuracy/operators/test_attention_quant.py::test_paged_decode_swa_with_kv_dequant[query_dtype1-context_dtype1-compute_dtype1-AABB-4-1023-M_BF16_BIGPAGE],SKIPPED,"No dedicated backend for TorchPagedDecodeSWAWithKVDequant; both operands resolve to the same implementation, skipping comparison.If you are running tests, check whether the tests are decorated with @bypass_not_implemented."
UNRESOLVED,mojo_opset/tests/accuracy/operators/test_attention_quant.py::test_paged_decode_swa_with_kv_dequant[query_dtype1-context_dtype1-compute_dtype1-AABB-4-1023-M_BF16_GROUP1],SKIPPED,"No dedicated backend for TorchPagedDecodeSWAWithKVDequant; both operands resolve to the same implementation, skipping comparison.If you are running tests, check whether the tests are decorated with @bypass_not_implemented."
UNRESOLVED,mojo_opset/tests/accuracy/operators/test_attention_quant.py::test_paged_decode_swa_with_kv_dequant[query_dtype1-context_dtype1-compute_dtype1-AABB-4-1023-M_BF16_GROUP2],SKIPPED,"No dedicated backend for TorchPagedDecodeSWAWithKVDequant; both operands resolve to the same implementation, skipping comparison.If you are running tests, check whether the tests are decorated with @bypass_not_implemented."
UNRESOLVED,mojo_opset/tests/accuracy/operators/test_attention_quant.py::test_paged_decode_swa_with_kv_dequant[query_dtype1-context_dtype1-compute_dtype1-AABB-4-1023-M_BF16_VARLEN_BLK16_D64],SKIPPED,"No dedicated backend for TorchPagedDecodeSWAWithKVDequant; both operands resolve to the same implementation, skipping comparison.If you are running tests, check whether the tests are decorated with @bypass_not_implemented."
UNRESOLVED,mojo_opset/tests/accuracy/operators/test_attention_quant.py::test_paged_decode_swa_with_kv_dequant[query_dtype1-context_dtype1-compute_dtype1-AABB-4-1023-M_BF16_VARLEN_BLK256_D256],SKIPPED,"No dedicated backend for TorchPagedDecodeSWAWithKVDequant; both operands resolve to the same implementation, skipping comparison.If you are running tests, check whether the tests are decorated with @bypass_not_implemented."
UNRESOLVED,mojo_opset/tests/accuracy/operators/test_attention_quant.py::test_paged_prefill_sage_gqa[query_dtype0-context_dtype0-compute_dtype0-ABAB-M_BF16],SKIPPED,"No dedicated backend for TorchPagedPrefillSageGQA; both operands resolve to the same implementation, skipping comparison.If you are running tests, check whether the tests are decorated with @bypass_not_implemented."
UNRESOLVED,mojo_opset/tests/accuracy/operators/test_attention_quant.py::test_paged_prefill_sage_gqa[query_dtype0-context_dtype0-compute_dtype0-ABAB-M_BF16_GROUP],SKIPPED,"No dedicated backend for TorchPagedPrefillSageGQA; both operands resolve to the same implementation, skipping comparison.If you are running tests, check whether the tests are decorated with @bypass_not_implemented."
UNRESOLVED,mojo_opset/tests/accuracy/operators/test_attention_quant.py::test_paged_prefill_sage_gqa[query_dtype0-context_dtype0-compute_dtype0-ABAB-M_BF16_WITH_CACHE],SKIPPED,"No dedicated backend for TorchPagedPrefillSageGQA; both operands resolve to the same implementation, skipping comparison.If you are running tests, check whether the tests are decorated with @bypass_not_implemented."
UNRESOLVED,mojo_opset/tests/accuracy/operators/test_attention_quant.py::test_paged_prefill_sage_gqa[query_dtype0-context_dtype0-compute_dtype0-AABB-M_BF16],SKIPPED,"No dedicated backend for TorchPagedPrefillSageGQA; both operands resolve to the same implementation, skipping comparison.If you are running tests, check whether the tests are decorated with @bypass_not_implemented."
UNRESOLVED,mojo_opset/tests/accuracy/operators/test_attention_quant.py::test_paged_prefill_sage_gqa[query_dtype0-context_dtype0-compute_dtype0-AABB-M_BF16_GROUP],SKIPPED,"No dedicated backend for TorchPagedPrefillSageGQA; both operands resolve to the same implementation, skipping comparison.If you are running tests, check whether the tests are decorated with @bypass_not_implemented."
UNRESOLVED,mojo_opset/tests/accuracy/operators/test_attention_quant.py::test_paged_prefill_sage_gqa[query_dtype0-context_dtype0-compute_dtype0-AABB-M_BF16_WITH_CACHE],SKIPPED,"No dedicated backend for TorchPagedPrefillSageGQA; both operands resolve to the same implementation, skipping comparison.If you are running tests, check whether the tests are decorated with @bypass_not_implemented."
UNRESOLVED,mojo_opset/tests/accuracy/operators/test_compute_with_comm_quant.py::test_quant_gemm_all2all_single_rank,PASSED,
UNRESOLVED,mojo_opset/tests/accuracy/operators/test_compute_with_comm_quant.py::test_all2all_quant_gemm_single_rank,PASSED,
UNRESOLVED,mojo_opset/tests/accuracy/operators/test_compute_with_comm_quant.py::test_quant_gemm_all2all_gloo,PASSED,
UNRESOLVED,mojo_opset/tests/accuracy/operators/test_compute_with_comm_quant.py::test_all2all_quant_gemm_gloo,PASSED,
causal_conv1d_update_kernel_bdt_fwd,mojo_opset/tests/accuracy/operators/test_convolution.py::test_causal_conv1d_update_state[1-12291-8192-4-swish],PASSED,
causal_conv1d_update_kernel_bdt_fwd,mojo_opset/tests/accuracy/operators/test_convolution.py::test_causal_conv1d_update_state[1-5000-2048-4-swish],PASSED,
causal_conv1d_update_kernel_bdt_fwd,mojo_opset/tests/accuracy/operators/test_convolution.py::test_causal_conv1d_update_state[2-64-128-3-swish],PASSED,
causal_conv1d_update_kernel_bdt_fwd,mojo_opset/tests/accuracy/operators/test_convolution.py::test_causal_conv1d_update_state[2-128-128-4-swish],PASSED,
causal_conv1d_update_kernel_bdt_fwd,mojo_opset/tests/accuracy/operators/test_convolution.py::test_causal_conv1d_update_state[2-64-128-3-None],PASSED,
causal_conv1d_update_kernel_bdt_fwd,mojo_opset/tests/accuracy/operators/test_convolution.py::test_causal_conv1d_update_state[3-1446-256-4-None],PASSED,
causal_conv1d_update_kernel_bdt_fwd,mojo_opset/tests/accuracy/operators/test_convolution.py::test_causal_conv1d_update_state[1-32-32-4-None],PASSED,
UNRESOLVED,mojo_opset/tests/accuracy/operators/test_embedding.py::test_embedding[input_shape0-None-64-128],SKIPPED,"No dedicated backend for TorchEmbedding; both operands resolve to the same implementation, skipping comparison.If you are running tests, check whether the tests are decorated with @bypass_not_implemented."
UNRESOLVED,mojo_opset/tests/accuracy/operators/test_embedding.py::test_embedding[input_shape0-None-64-1024],SKIPPED,"No dedicated backend for TorchEmbedding; both operands resolve to the same implementation, skipping comparison.If you are running tests, check whether the tests are decorated with @bypass_not_implemented."
UNRESOLVED,mojo_opset/tests/accuracy/operators/test_embedding.py::test_embedding[input_shape0-None-256-128],SKIPPED,"No dedicated backend for TorchEmbedding; both operands resolve to the same implementation, skipping comparison.If you are running tests, check whether the tests are decorated with @bypass_not_implemented."
UNRESOLVED,mojo_opset/tests/accuracy/operators/test_embedding.py::test_embedding[input_shape0-None-256-1024],SKIPPED,"No dedicated backend for TorchEmbedding; both operands resolve to the same implementation, skipping comparison.If you are running tests, check whether the tests are decorated with @bypass_not_implemented."
UNRESOLVED,mojo_opset/tests/accuracy/operators/test_embedding.py::test_embedding[input_shape0-0-64-128],SKIPPED,"No dedicated backend for TorchEmbedding; both operands resolve to the same implementation, skipping comparison.If you are running tests, check whether the tests are decorated with @bypass_not_implemented."
UNRESOLVED,mojo_opset/tests/accuracy/operators/test_embedding.py::test_embedding[input_shape0-0-64-1024],SKIPPED,"No dedicated backend for TorchEmbedding; both operands resolve to the same implementation, skipping comparison.If you are running tests, check whether the tests are decorated with @bypass_not_implemented."
UNRESOLVED,mojo_opset/tests/accuracy/operators/test_embedding.py::test_embedding[input_shape0-0-256-128],SKIPPED,"No dedicated backend for TorchEmbedding; both operands resolve to the same implementation, skipping comparison.If you are running tests, check whether the tests are decorated with @bypass_not_implemented."
UNRESOLVED,mojo_opset/tests/accuracy/operators/test_embedding.py::test_embedding[input_shape0-0-256-1024],SKIPPED,"No dedicated backend for TorchEmbedding; both operands resolve to the same implementation, skipping comparison.If you are running tests, check whether the tests are decorated with @bypass_not_implemented."
UNRESOLVED,mojo_opset/tests/accuracy/operators/test_embedding.py::test_embedding[input_shape1-None-64-128],SKIPPED,"No dedicated backend for TorchEmbedding; both operands resolve to the same implementation, skipping comparison.If you are running tests, check whether the tests are decorated with @bypass_not_implemented."
UNRESOLVED,mojo_opset/tests/accuracy/operators/test_embedding.py::test_embedding[input_shape1-None-64-1024],SKIPPED,"No dedicated backend for TorchEmbedding; both operands resolve to the same implementation, skipping comparison.If you are running tests, check whether the tests are decorated with @bypass_not_implemented."
UNRESOLVED,mojo_opset/tests/accuracy/operators/test_embedding.py::test_embedding[input_shape1-None-256-128],SKIPPED,"No dedicated backend for TorchEmbedding; both operands resolve to the same implementation, skipping comparison.If you are running tests, check whether the tests are decorated with @bypass_not_implemented."
UNRESOLVED,mojo_opset/tests/accuracy/operators/test_embedding.py::test_embedding[input_shape1-None-256-1024],SKIPPED,"No dedicated backend for TorchEmbedding; both operands resolve to the same implementation, skipping comparison.If you are running tests, check whether the tests are decorated with @bypass_not_implemented."
UNRESOLVED,mojo_opset/tests/accuracy/operators/test_embedding.py::test_embedding[input_shape1-0-64-128],SKIPPED,"No dedicated backend for TorchEmbedding; both operands resolve to the same implementation, skipping comparison.If you are running tests, check whether the tests are decorated with @bypass_not_implemented."
UNRESOLVED,mojo_opset/tests/accuracy/operators/test_embedding.py::test_embedding[input_shape1-0-64-1024],SKIPPED,"No dedicated backend for TorchEmbedding; both operands resolve to the same implementation, skipping comparison.If you are running tests, check whether the tests are decorated with @bypass_not_implemented."
UNRESOLVED,mojo_opset/tests/accuracy/operators/test_embedding.py::test_embedding[input_shape1-0-256-128],SKIPPED,"No dedicated backend for TorchEmbedding; both operands resolve to the same implementation, skipping comparison.If you are running tests, check whether the tests are decorated with @bypass_not_implemented."
UNRESOLVED,mojo_opset/tests/accuracy/operators/test_embedding.py::test_embedding[input_shape1-0-256-1024],SKIPPED,"No dedicated backend for TorchEmbedding; both operands resolve to the same implementation, skipping comparison.If you are running tests, check whether the tests are decorated with @bypass_not_implemented."
UNRESOLVED,mojo_opset/tests/accuracy/operators/test_embedding.py::test_embedding[input_shape2-None-64-128],SKIPPED,"No dedicated backend for TorchEmbedding; both operands resolve to the same implementation, skipping comparison.If you are running tests, check whether the tests are decorated with @bypass_not_implemented."
UNRESOLVED,mojo_opset/tests/accuracy/operators/test_embedding.py::test_embedding[input_shape2-None-64-1024],SKIPPED,"No dedicated backend for TorchEmbedding; both operands resolve to the same implementation, skipping comparison.If you are running tests, check whether the tests are decorated with @bypass_not_implemented."
UNRESOLVED,mojo_opset/tests/accuracy/operators/test_embedding.py::test_embedding[input_shape2-None-256-128],SKIPPED,"No dedicated backend for TorchEmbedding; both operands resolve to the same implementation, skipping comparison.If you are running tests, check whether the tests are decorated with @bypass_not_implemented."
UNRESOLVED,mojo_opset/tests/accuracy/operators/test_embedding.py::test_embedding[input_shape2-None-256-1024],SKIPPED,"No dedicated backend for TorchEmbedding; both operands resolve to the same implementation, skipping comparison.If you are running tests, check whether the tests are decorated with @bypass_not_implemented."
UNRESOLVED,mojo_opset/tests/accuracy/operators/test_embedding.py::test_embedding[input_shape2-0-64-128],SKIPPED,"No dedicated backend for TorchEmbedding; both operands resolve to the same implementation, skipping comparison.If you are running tests, check whether the tests are decorated with @bypass_not_implemented."
UNRESOLVED,mojo_opset/tests/accuracy/operators/test_embedding.py::test_embedding[input_shape2-0-64-1024],SKIPPED,"No dedicated backend for TorchEmbedding; both operands resolve to the same implementation, skipping comparison.If you are running tests, check whether the tests are decorated with @bypass_not_implemented."
UNRESOLVED,mojo_opset/tests/accuracy/operators/test_embedding.py::test_embedding[input_shape2-0-256-128],SKIPPED,"No dedicated backend for TorchEmbedding; both operands resolve to the same implementation, skipping comparison.If you are running tests, check whether the tests are decorated with @bypass_not_implemented."
UNRESOLVED,mojo_opset/tests/accuracy/operators/test_embedding.py::test_embedding[input_shape2-0-256-1024],SKIPPED,"No dedicated backend for TorchEmbedding; both operands resolve to the same implementation, skipping comparison.If you are running tests, check whether the tests are decorated with @bypass_not_implemented."
UNRESOLVED,mojo_opset/tests/accuracy/operators/test_embedding.py::test_embedding_padding_idx_zeroed,PASSED,
UNRESOLVED,mojo_opset/tests/accuracy/operators/test_embedding.py::test_parallel_embedding_single_rank[None-64-128],PASSED,
UNRESOLVED,mojo_opset/tests/accuracy/operators/test_embedding.py::test_parallel_embedding_single_rank[None-64-1024],PASSED,
UNRESOLVED,mojo_opset/tests/accuracy/operators/test_embedding.py::test_parallel_embedding_single_rank[None-256-128],PASSED,
UNRESOLVED,mojo_opset/tests/accuracy/operators/test_embedding.py::test_parallel_embedding_single_rank[None-256-1024],PASSED,
UNRESOLVED,mojo_opset/tests/accuracy/operators/test_embedding.py::test_parallel_embedding_single_rank[0-64-128],PASSED,
UNRESOLVED,mojo_opset/tests/accuracy/operators/test_embedding.py::test_parallel_embedding_single_rank[0-64-1024],PASSED,
UNRESOLVED,mojo_opset/tests/accuracy/operators/test_embedding.py::test_parallel_embedding_single_rank[0-256-128],PASSED,
UNRESOLVED,mojo_opset/tests/accuracy/operators/test_embedding.py::test_parallel_embedding_single_rank[0-256-1024],PASSED,
UNRESOLVED,mojo_opset/tests/accuracy/operators/test_gemm.py::test_gemm[True-dtype0-1024-4096-4096],SKIPPED,"No dedicated backend for TorchGemm; both operands resolve to the same implementation, skipping comparison.If you are running tests, check whether the tests are decorated with @bypass_not_implemented."
UNRESOLVED,mojo_opset/tests/accuracy/operators/test_gemm.py::test_gemm[True-dtype1-1024-4096-4096],SKIPPED,"No dedicated backend for TorchGemm; both operands resolve to the same implementation, skipping comparison.If you are running tests, check whether the tests are decorated with @bypass_not_implemented."
UNRESOLVED,mojo_opset/tests/accuracy/operators/test_gemm.py::test_gemm[False-dtype0-1024-4096-4096],SKIPPED,"No dedicated backend for TorchGemm; both operands resolve to the same implementation, skipping comparison.If you are running tests, check whether the tests are decorated with @bypass_not_implemented."
UNRESOLVED,mojo_opset/tests/accuracy/operators/test_gemm.py::test_gemm[False-dtype1-1024-4096-4096],SKIPPED,"No dedicated backend for TorchGemm; both operands resolve to the same implementation, skipping comparison.If you are running tests, check whether the tests are decorated with @bypass_not_implemented."
UNRESOLVED,mojo_opset/tests/accuracy/operators/test_gemm.py::test_quant_gemm[False-output_dtype0-1-4096-4096],PASSED,
UNRESOLVED,mojo_opset/tests/accuracy/operators/test_gemm.py::test_quant_gemm[False-output_dtype0-32-4096-11008],PASSED,
UNRESOLVED,mojo_opset/tests/accuracy/operators/test_gemm.py::test_quant_gemm[False-output_dtype0-128-2048-4096],PASSED,
UNRESOLVED,mojo_opset/tests/accuracy/operators/test_gemm.py::test_quant_gemm[False-output_dtype1-1-4096-4096],PASSED,
UNRESOLVED,mojo_opset/tests/accuracy/operators/test_gemm.py::test_quant_gemm[False-output_dtype1-32-4096-11008],PASSED,
UNRESOLVED,mojo_opset/tests/accuracy/operators/test_gemm.py::test_quant_gemm[False-output_dtype1-128-2048-4096],PASSED,
UNRESOLVED,mojo_opset/tests/accuracy/operators/test_gemm.py::test_quant_gemm[False-output_dtype2-1-4096-4096],PASSED,
UNRESOLVED,mojo_opset/tests/accuracy/operators/test_gemm.py::test_quant_gemm[False-output_dtype2-32-4096-11008],PASSED,
UNRESOLVED,mojo_opset/tests/accuracy/operators/test_gemm.py::test_quant_gemm[False-output_dtype2-128-2048-4096],PASSED,
UNRESOLVED,mojo_opset/tests/accuracy/operators/test_gemm.py::test_quant_gemm[True-output_dtype0-1-4096-4096],PASSED,
UNRESOLVED,mojo_opset/tests/accuracy/operators/test_gemm.py::test_quant_gemm[True-output_dtype0-32-4096-11008],PASSED,
UNRESOLVED,mojo_opset/tests/accuracy/operators/test_gemm.py::test_quant_gemm[True-output_dtype0-128-2048-4096],PASSED,
UNRESOLVED,mojo_opset/tests/accuracy/operators/test_gemm.py::test_quant_gemm[True-output_dtype1-1-4096-4096],PASSED,
UNRESOLVED,mojo_opset/tests/accuracy/operators/test_gemm.py::test_quant_gemm[True-output_dtype1-32-4096-11008],PASSED,
UNRESOLVED,mojo_opset/tests/accuracy/operators/test_gemm.py::test_quant_gemm[True-output_dtype1-128-2048-4096],PASSED,
UNRESOLVED,mojo_opset/tests/accuracy/operators/test_gemm.py::test_quant_gemm[True-output_dtype2-1-4096-4096],PASSED,
UNRESOLVED,mojo_opset/tests/accuracy/operators/test_gemm.py::test_quant_gemm[True-output_dtype2-32-4096-11008],PASSED,
UNRESOLVED,mojo_opset/tests/accuracy/operators/test_gemm.py::test_quant_gemm[True-output_dtype2-128-2048-4096],PASSED,
UNRESOLVED,mojo_opset/tests/accuracy/operators/test_gemm.py::test_quant_gemm_registered_weight,PASSED,
UNRESOLVED,mojo_opset/tests/accuracy/operators/test_gemm.py::test_quant_gemm_parameters_are_registered,PASSED,
_int8_gemm_dequant_kernel,mojo_opset/tests/accuracy/operators/test_gemm.py::test_quant_gemm_backend[False-output_dtype0-1-4096-4096],PASSED,
_int8_gemm_dequant_kernel,mojo_opset/tests/accuracy/operators/test_gemm.py::test_quant_gemm_backend[False-output_dtype0-32-4096-11008],PASSED,
_int8_gemm_dequant_kernel,mojo_opset/tests/accuracy/operators/test_gemm.py::test_quant_gemm_backend[False-output_dtype0-128-2048-4096],PASSED,
_int8_gemm_dequant_kernel,mojo_opset/tests/accuracy/operators/test_gemm.py::test_quant_gemm_backend[False-output_dtype0-64-4096-4096],PASSED,
_int8_gemm_dequant_kernel,mojo_opset/tests/accuracy/operators/test_gemm.py::test_quant_gemm_backend[False-output_dtype1-1-4096-4096],PASSED,
_int8_gemm_dequant_kernel,mojo_opset/tests/accuracy/operators/test_gemm.py::test_quant_gemm_backend[False-output_dtype1-32-4096-11008],PASSED,
_int8_gemm_dequant_kernel,mojo_opset/tests/accuracy/operators/test_gemm.py::test_quant_gemm_backend[False-output_dtype1-128-2048-4096],PASSED,
_int8_gemm_dequant_kernel,mojo_opset/tests/accuracy/operators/test_gemm.py::test_quant_gemm_backend[False-output_dtype1-64-4096-4096],PASSED,
UNRESOLVED,mojo_opset/tests/accuracy/operators/test_gemm.py::test_quant_gemm_backend[True-output_dtype0-1-4096-4096],PASSED,
UNRESOLVED,mojo_opset/tests/accuracy/operators/test_gemm.py::test_quant_gemm_backend[True-output_dtype0-32-4096-11008],PASSED,
UNRESOLVED,mojo_opset/tests/accuracy/operators/test_gemm.py::test_quant_gemm_backend[True-output_dtype0-128-2048-4096],PASSED,
UNRESOLVED,mojo_opset/tests/accuracy/operators/test_gemm.py::test_quant_gemm_backend[True-output_dtype0-64-4096-4096],PASSED,
UNRESOLVED,mojo_opset/tests/accuracy/operators/test_gemm.py::test_quant_gemm_backend[True-output_dtype1-1-4096-4096],PASSED,
UNRESOLVED,mojo_opset/tests/accuracy/operators/test_gemm.py::test_quant_gemm_backend[True-output_dtype1-32-4096-11008],PASSED,
UNRESOLVED,mojo_opset/tests/accuracy/operators/test_gemm.py::test_quant_gemm_backend[True-output_dtype1-128-2048-4096],PASSED,
UNRESOLVED,mojo_opset/tests/accuracy/operators/test_gemm.py::test_quant_gemm_backend[True-output_dtype1-64-4096-4096],PASSED,
_m_grouped_matmul_bNmajor_kernel,mojo_opset/tests/accuracy/operators/test_gemm.py::test_group_gemm[input0-weight0-group_list0-False],PASSED,
_m_grouped_matmul_bNmajor_kernel,mojo_opset/tests/accuracy/operators/test_gemm.py::test_group_gemm[input1-weight1-group_list1-False],PASSED,
_m_grouped_matmul_bNmajor_kernel,mojo_opset/tests/accuracy/operators/test_gemm.py::test_group_gemm[input2-weight2-group_list2-False],PASSED,
_m_grouped_matmul_bNmajor_kernel,mojo_opset/tests/accuracy/operators/test_gemm.py::test_group_gemm[input3-weight3-group_list3-False],PASSED,
_m_grouped_matmul_bKmajor_kernel,mojo_opset/tests/accuracy/operators/test_gemm.py::test_group_gemm[input4-weight4-group_list4-True],PASSED,
_m_grouped_matmul_bKmajor_kernel,mojo_opset/tests/accuracy/operators/test_gemm.py::test_group_gemm[input5-weight5-group_list5-True],PASSED,
_m_grouped_matmul_bNmajor_kernel,mojo_opset/tests/accuracy/operators/test_gemm.py::test_group_gemm[single_group_fp=fp16],PASSED,
_m_grouped_matmul_bNmajor_kernel,mojo_opset/tests/accuracy/operators/test_gemm.py::test_group_gemm[single_group_fp=bf16],PASSED,
_m_grouped_matmul_bNmajor_kernel,mojo_opset/tests/accuracy/operators/test_gemm.py::test_group_gemm[uneven_groups_fp=fp16],PASSED,
_m_grouped_matmul_bNmajor_kernel,mojo_opset/tests/accuracy/operators/test_gemm.py::test_group_gemm[uneven_groups_fp=bf16],PASSED,
_m_grouped_matmul_bKmajor_kernel,mojo_opset/tests/accuracy/operators/test_gemm.py::test_group_gemm[trans_weight_uneven_fp=fp16],PASSED,
_m_grouped_matmul_bKmajor_kernel,mojo_opset/tests/accuracy/operators/test_gemm.py::test_group_gemm[trans_weight_uneven_fp=bf16],PASSED,
UNRESOLVED,mojo_opset/tests/accuracy/operators/test_gemm.py::test_quant_batch_gemm_reduce_sum[basic_b4_m7_k128_n256],SKIPPED,Skipped on NPU due to CANN 8.2 issue
UNRESOLVED,mojo_opset/tests/accuracy/operators/test_gemm.py::test_quant_batch_gemm_reduce_sum[basic_b1_m16_k64_n128],SKIPPED,Skipped on NPU due to CANN 8.2 issue
UNRESOLVED,mojo_opset/tests/accuracy/operators/test_gemm.py::test_quant_batch_gemm_reduce_sum[basic_b2_m9_k256_n512],SKIPPED,Skipped on NPU due to CANN 8.2 issue
UNRESOLVED,mojo_opset/tests/accuracy/operators/test_gemm.py::test_quant_batch_gemm_reduce_sum[trans_weight_b4_m31_k128_n256],SKIPPED,Skipped on NPU due to CANN 8.2 issue
UNRESOLVED,mojo_opset/tests/accuracy/operators/test_gemm.py::test_quant_batch_gemm_reduce_sum[x2_scale_fp16_cast],SKIPPED,Skipped on NPU due to CANN 8.2 issue
_m_grouped_matmul_bNmajor_kernel,mojo_opset/tests/accuracy/operators/test_gemm.py::test_grouped_gemm_cases_via_group_gemm[inputs0-weights0-None-dtype0],PASSED,
_m_grouped_matmul_bNmajor_kernel,mojo_opset/tests/accuracy/operators/test_gemm.py::test_grouped_gemm_cases_via_group_gemm[inputs1-weights1-None-dtype1],PASSED,
_m_grouped_matmul_bNmajor_kernel,mojo_opset/tests/accuracy/operators/test_gemm.py::test_grouped_gemm_cases_via_group_gemm[inputs2-weights2-None-dtype2],PASSED,
_m_grouped_matmul_bNmajor_kernel,mojo_opset/tests/accuracy/operators/test_gemm.py::test_group_gemm_two_groups_single_call[dtype0-False],PASSED,
_m_grouped_matmul_bNmajor_kernel,mojo_opset/tests/accuracy/operators/test_gemm.py::test_group_gemm_two_groups_single_call[dtype1-False],PASSED,
_m_grouped_matmul_bKmajor_kernel,mojo_opset/tests/accuracy/operators/test_gemm.py::test_group_gemm_two_groups_single_call[dtype2-True],PASSED,
_m_grouped_matmul_bKmajor_kernel,mojo_opset/tests/accuracy/operators/test_gemm.py::test_group_gemm_two_groups_single_call[dtype3-True],PASSED,
UNRESOLVED,mojo_opset/tests/accuracy/operators/test_gemm.py::test_group_gemm_cuda_graph[input0-weight0-group_list0-False],SKIPPED,CUDA Graph group gemm test is only enabled on ILU platform with TTX backend.
UNRESOLVED,mojo_opset/tests/accuracy/operators/test_gemm.py::test_group_gemm_cuda_graph[input1-weight1-group_list1-False],SKIPPED,CUDA Graph group gemm test is only enabled on ILU platform with TTX backend.
UNRESOLVED,mojo_opset/tests/accuracy/operators/test_gemm.py::test_group_gemm_cuda_graph[input2-weight2-group_list2-False],SKIPPED,CUDA Graph group gemm test is only enabled on ILU platform with TTX backend.
UNRESOLVED,mojo_opset/tests/accuracy/operators/test_gemm.py::test_group_gemm_cuda_graph[input3-weight3-group_list3-False],SKIPPED,CUDA Graph group gemm test is only enabled on ILU platform with TTX backend.
UNRESOLVED,mojo_opset/tests/accuracy/operators/test_gemm.py::test_group_gemm_cuda_graph[input4-weight4-group_list4-True],SKIPPED,CUDA Graph group gemm test is only enabled on ILU platform with TTX backend.
UNRESOLVED,mojo_opset/tests/accuracy/operators/test_gemm.py::test_group_gemm_cuda_graph[input5-weight5-group_list5-True],SKIPPED,CUDA Graph group gemm test is only enabled on ILU platform with TTX backend.
UNRESOLVED,mojo_opset/tests/accuracy/operators/test_gemm.py::test_group_gemm_cuda_graph[single_group_fp=fp16],SKIPPED,CUDA Graph group gemm test is only enabled on ILU platform with TTX backend.
UNRESOLVED,mojo_opset/tests/accuracy/operators/test_gemm.py::test_group_gemm_cuda_graph[single_group_fp=bf16],SKIPPED,CUDA Graph group gemm test is only enabled on ILU platform with TTX backend.
UNRESOLVED,mojo_opset/tests/accuracy/operators/test_gemm.py::test_group_gemm_cuda_graph[uneven_groups_fp=fp16],SKIPPED,CUDA Graph group gemm test is only enabled on ILU platform with TTX backend.
UNRESOLVED,mojo_opset/tests/accuracy/operators/test_gemm.py::test_group_gemm_cuda_graph[uneven_groups_fp=bf16],SKIPPED,CUDA Graph group gemm test is only enabled on ILU platform with TTX backend.
UNRESOLVED,mojo_opset/tests/accuracy/operators/test_gemm.py::test_group_gemm_cuda_graph[trans_weight_uneven_fp=fp16],SKIPPED,CUDA Graph group gemm test is only enabled on ILU platform with TTX backend.
UNRESOLVED,mojo_opset/tests/accuracy/operators/test_gemm.py::test_group_gemm_cuda_graph[trans_weight_uneven_fp=bf16],SKIPPED,CUDA Graph group gemm test is only enabled on ILU platform with TTX backend.
lightning_indexer_kernel,mojo_opset/tests/accuracy/operators/test_indexer.py::test_lightning_indexer[8-1024-1024-64-64-bfloat16],PASSED,
lightning_indexer_kernel,mojo_opset/tests/accuracy/operators/test_indexer.py::test_lightning_indexer[8-1024-1024-64-64-float32],PASSED,
lightning_indexer_kernel,mojo_opset/tests/accuracy/operators/test_indexer.py::test_lightning_indexer[8-1024-1024-64-64-float16],PASSED,
lightning_indexer_kernel,mojo_opset/tests/accuracy/operators/test_indexer.py::test_lightning_indexer[128-256-256-64-128-bfloat16],PASSED,
lightning_indexer_kernel,mojo_opset/tests/accuracy/operators/test_indexer.py::test_lightning_indexer[128-256-256-64-128-float32],PASSED,
lightning_indexer_kernel,mojo_opset/tests/accuracy/operators/test_indexer.py::test_lightning_indexer[128-256-256-64-128-float16],PASSED,
lightning_indexer_kernel,mojo_opset/tests/accuracy/operators/test_indexer.py::test_lightning_indexer[24-1024-1024-128-128-bfloat16],PASSED,
lightning_indexer_kernel,mojo_opset/tests/accuracy/operators/test_indexer.py::test_lightning_indexer[24-1024-1024-128-128-float32],PASSED,
lightning_indexer_kernel,mojo_opset/tests/accuracy/operators/test_indexer.py::test_lightning_indexer[24-1024-1024-128-128-float16],PASSED,
lightning_indexer_kernel,mojo_opset/tests/accuracy/operators/test_indexer.py::test_lightning_indexer[24-1-16384-128-128-bfloat16],PASSED,
lightning_indexer_kernel,mojo_opset/tests/accuracy/operators/test_indexer.py::test_lightning_indexer[24-1-16384-128-128-float32],PASSED,
lightning_indexer_kernel,mojo_opset/tests/accuracy/operators/test_indexer.py::test_lightning_indexer[24-1-16384-128-128-float16],PASSED,
_layernorm_fwd_single_pass_kernel,mojo_opset/tests/accuracy/operators/test_indexer.py::test_indexer[1-1-64-7168-1536-bfloat16],PASSED,
_rope_kernel,mojo_opset/tests/accuracy/operators/test_indexer.py::test_indexer[1-1-64-7168-1536-bfloat16],PASSED,
lightning_indexer_kernel,mojo_opset/tests/accuracy/operators/test_indexer.py::test_indexer[1-1-64-7168-1536-bfloat16],PASSED,
scale_dynamic_quant_kernel,mojo_opset/tests/accuracy/operators/test_indexer.py::test_indexer[1-1-64-7168-1536-bfloat16],PASSED,
_layernorm_fwd_single_pass_kernel,mojo_opset/tests/accuracy/operators/test_indexer.py::test_indexer[1-1-64-7168-1536-float16],PASSED,
_rope_kernel,mojo_opset/tests/accuracy/operators/test_indexer.py::test_indexer[1-1-64-7168-1536-float16],PASSED,
lightning_indexer_kernel,mojo_opset/tests/accuracy/operators/test_indexer.py::test_indexer[1-1-64-7168-1536-float16],PASSED,
scale_dynamic_quant_kernel,mojo_opset/tests/accuracy/operators/test_indexer.py::test_indexer[1-1-64-7168-1536-float16],PASSED,
_layernorm_fwd_single_pass_kernel,mojo_opset/tests/accuracy/operators/test_indexer.py::test_indexer[1-1-64-7168-1536-float32],PASSED,
_rope_kernel,mojo_opset/tests/accuracy/operators/test_indexer.py::test_indexer[1-1-64-7168-1536-float32],PASSED,
lightning_indexer_kernel,mojo_opset/tests/accuracy/operators/test_indexer.py::test_indexer[1-1-64-7168-1536-float32],PASSED,
scale_dynamic_quant_kernel,mojo_opset/tests/accuracy/operators/test_indexer.py::test_indexer[1-1-64-7168-1536-float32],PASSED,
_layernorm_fwd_single_pass_kernel,mojo_opset/tests/accuracy/operators/test_indexer.py::test_indexer[1-1024-64-7168-1536-bfloat16],PASSED,
lightning_indexer_kernel,mojo_opset/tests/accuracy/operators/test_indexer.py::test_indexer[1-1024-64-7168-1536-bfloat16],PASSED,
scale_dynamic_quant_kernel,mojo_opset/tests/accuracy/operators/test_indexer.py::test_indexer[1-1024-64-7168-1536-bfloat16],PASSED,
_layernorm_fwd_single_pass_kernel,mojo_opset/tests/accuracy/operators/test_indexer.py::test_indexer[1-1024-64-7168-1536-float16],PASSED,
lightning_indexer_kernel,mojo_opset/tests/accuracy/operators/test_indexer.py::test_indexer[1-1024-64-7168-1536-float16],PASSED,
scale_dynamic_quant_kernel,mojo_opset/tests/accuracy/operators/test_indexer.py::test_indexer[1-1024-64-7168-1536-float16],PASSED,
_layernorm_fwd_single_pass_kernel,mojo_opset/tests/accuracy/operators/test_indexer.py::test_indexer[1-1024-64-7168-1536-float32],PASSED,
lightning_indexer_kernel,mojo_opset/tests/accuracy/operators/test_indexer.py::test_indexer[1-1024-64-7168-1536-float32],PASSED,
scale_dynamic_quant_kernel,mojo_opset/tests/accuracy/operators/test_indexer.py::test_indexer[1-1024-64-7168-1536-float32],PASSED,
lightning_indexer_kernel,mojo_opset/tests/accuracy/operators/test_indexer.py::test_indexer[1-4096-64-7168-1536-bfloat16],PASSED,
scale_dynamic_quant_kernel,mojo_opset/tests/accuracy/operators/test_indexer.py::test_indexer[1-4096-64-7168-1536-bfloat16],PASSED,
lightning_indexer_kernel,mojo_opset/tests/accuracy/operators/test_indexer.py::test_indexer[1-4096-64-7168-1536-float16],PASSED,
scale_dynamic_quant_kernel,mojo_opset/tests/accuracy/operators/test_indexer.py::test_indexer[1-4096-64-7168-1536-float16],PASSED,
lightning_indexer_kernel,mojo_opset/tests/accuracy/operators/test_indexer.py::test_indexer[1-4096-64-7168-1536-float32],PASSED,
scale_dynamic_quant_kernel,mojo_opset/tests/accuracy/operators/test_indexer.py::test_indexer[1-4096-64-7168-1536-float32],PASSED,
_layernorm_fwd_single_pass_kernel,mojo_opset/tests/accuracy/operators/test_indexer.py::test_indexer[16-1-64-7168-1536-bfloat16],PASSED,
_rope_kernel,mojo_opset/tests/accuracy/operators/test_indexer.py::test_indexer[16-1-64-7168-1536-bfloat16],PASSED,
lightning_indexer_kernel,mojo_opset/tests/accuracy/operators/test_indexer.py::test_indexer[16-1-64-7168-1536-bfloat16],PASSED,
scale_dynamic_quant_kernel,mojo_opset/tests/accuracy/operators/test_indexer.py::test_indexer[16-1-64-7168-1536-bfloat16],PASSED,
_layernorm_fwd_single_pass_kernel,mojo_opset/tests/accuracy/operators/test_indexer.py::test_indexer[16-1-64-7168-1536-float16],PASSED,
_rope_kernel,mojo_opset/tests/accuracy/operators/test_indexer.py::test_indexer[16-1-64-7168-1536-float16],PASSED,
lightning_indexer_kernel,mojo_opset/tests/accuracy/operators/test_indexer.py::test_indexer[16-1-64-7168-1536-float16],PASSED,
scale_dynamic_quant_kernel,mojo_opset/tests/accuracy/operators/test_indexer.py::test_indexer[16-1-64-7168-1536-float16],PASSED,
_layernorm_fwd_single_pass_kernel,mojo_opset/tests/accuracy/operators/test_indexer.py::test_indexer[16-1-64-7168-1536-float32],PASSED,
_rope_kernel,mojo_opset/tests/accuracy/operators/test_indexer.py::test_indexer[16-1-64-7168-1536-float32],PASSED,
lightning_indexer_kernel,mojo_opset/tests/accuracy/operators/test_indexer.py::test_indexer[16-1-64-7168-1536-float32],PASSED,
scale_dynamic_quant_kernel,mojo_opset/tests/accuracy/operators/test_indexer.py::test_indexer[16-1-64-7168-1536-float32],PASSED,
lightning_indexer_kernel,mojo_opset/tests/accuracy/operators/test_indexer.py::test_indexer[16-1024-64-7168-1536-bfloat16],PASSED,
scale_dynamic_quant_kernel,mojo_opset/tests/accuracy/operators/test_indexer.py::test_indexer[16-1024-64-7168-1536-bfloat16],PASSED,
lightning_indexer_kernel,mojo_opset/tests/accuracy/operators/test_indexer.py::test_indexer[16-1024-64-7168-1536-float16],PASSED,
scale_dynamic_quant_kernel,mojo_opset/tests/accuracy/operators/test_indexer.py::test_indexer[16-1024-64-7168-1536-float16],PASSED,
lightning_indexer_kernel,mojo_opset/tests/accuracy/operators/test_indexer.py::test_indexer[16-1024-64-7168-1536-float32],PASSED,
scale_dynamic_quant_kernel,mojo_opset/tests/accuracy/operators/test_indexer.py::test_indexer[16-1024-64-7168-1536-float32],PASSED,
lightning_indexer_kernel,mojo_opset/tests/accuracy/operators/test_indexer.py::test_indexer[16-4096-64-7168-1536-bfloat16],PASSED,
scale_dynamic_quant_kernel,mojo_opset/tests/accuracy/operators/test_indexer.py::test_indexer[16-4096-64-7168-1536-bfloat16],PASSED,
lightning_indexer_kernel,mojo_opset/tests/accuracy/operators/test_indexer.py::test_indexer[16-4096-64-7168-1536-float16],PASSED,
scale_dynamic_quant_kernel,mojo_opset/tests/accuracy/operators/test_indexer.py::test_indexer[16-4096-64-7168-1536-float16],PASSED,
lightning_indexer_kernel,mojo_opset/tests/accuracy/operators/test_indexer.py::test_indexer[16-4096-64-7168-1536-float32],PASSED,
scale_dynamic_quant_kernel,mojo_opset/tests/accuracy/operators/test_indexer.py::test_indexer[16-4096-64-7168-1536-float32],PASSED,
lightning_indexer_kernel,mojo_opset/tests/accuracy/operators/test_indexer.py::test_indexer[32-1-64-7168-1536-bfloat16],PASSED,
scale_dynamic_quant_kernel,mojo_opset/tests/accuracy/operators/test_indexer.py::test_indexer[32-1-64-7168-1536-bfloat16],PASSED,
lightning_indexer_kernel,mojo_opset/tests/accuracy/operators/test_indexer.py::test_indexer[32-1-64-7168-1536-float16],PASSED,
scale_dynamic_quant_kernel,mojo_opset/tests/accuracy/operators/test_indexer.py::test_indexer[32-1-64-7168-1536-float16],PASSED,
lightning_indexer_kernel,mojo_opset/tests/accuracy/operators/test_indexer.py::test_indexer[32-1-64-7168-1536-float32],PASSED,
scale_dynamic_quant_kernel,mojo_opset/tests/accuracy/operators/test_indexer.py::test_indexer[32-1-64-7168-1536-float32],PASSED,
lightning_indexer_kernel,mojo_opset/tests/accuracy/operators/test_indexer.py::test_indexer[32-1024-64-7168-1536-bfloat16],PASSED,
scale_dynamic_quant_kernel,mojo_opset/tests/accuracy/operators/test_indexer.py::test_indexer[32-1024-64-7168-1536-bfloat16],PASSED,
lightning_indexer_kernel,mojo_opset/tests/accuracy/operators/test_indexer.py::test_indexer[32-1024-64-7168-1536-float16],PASSED,
scale_dynamic_quant_kernel,mojo_opset/tests/accuracy/operators/test_indexer.py::test_indexer[32-1024-64-7168-1536-float16],PASSED,
lightning_indexer_kernel,mojo_opset/tests/accuracy/operators/test_indexer.py::test_indexer[32-1024-64-7168-1536-float32],PASSED,
scale_dynamic_quant_kernel,mojo_opset/tests/accuracy/operators/test_indexer.py::test_indexer[32-1024-64-7168-1536-float32],PASSED,
lightning_indexer_kernel,mojo_opset/tests/accuracy/operators/test_indexer.py::test_indexer[32-4096-64-7168-1536-bfloat16],PASSED,
scale_dynamic_quant_kernel,mojo_opset/tests/accuracy/operators/test_indexer.py::test_indexer[32-4096-64-7168-1536-bfloat16],PASSED,
lightning_indexer_kernel,mojo_opset/tests/accuracy/operators/test_indexer.py::test_indexer[32-4096-64-7168-1536-float16],PASSED,
scale_dynamic_quant_kernel,mojo_opset/tests/accuracy/operators/test_indexer.py::test_indexer[32-4096-64-7168-1536-float16],PASSED,
lightning_indexer_kernel,mojo_opset/tests/accuracy/operators/test_indexer.py::test_indexer[32-4096-64-7168-1536-float32],PASSED,
scale_dynamic_quant_kernel,mojo_opset/tests/accuracy/operators/test_indexer.py::test_indexer[32-4096-64-7168-1536-float32],PASSED,
_store_paged_kv_cache_chunk_kernel,mojo_opset/tests/accuracy/operators/test_kv_cache.py::test_store_paged_kv[2-2-128-128-context_kv_lens_val0-q_lens_val0],PASSED,
UNRESOLVED,mojo_opset/tests/accuracy/operators/test_kv_cache.py::test_store_paged_kv[2-2-128-128-context_kv_lens_val1-q_lens_val1],PASSED,
UNRESOLVED,mojo_opset/tests/accuracy/operators/test_kv_cache.py::test_store_paged_kv[2-2-128-128-context_kv_lens_val2-q_lens_val2],PASSED,
_store_paged_kv_cache_chunk_kernel,mojo_opset/tests/accuracy/operators/test_kv_cache.py::test_store_paged_kv[2-2-128-256-context_kv_lens_val3-q_lens_val3],PASSED,
_store_paged_kv_cache_chunk_kernel,mojo_opset/tests/accuracy/operators/test_kv_cache.py::test_store_paged_kv[2-2-128-512-context_kv_lens_val4-q_lens_val4],PASSED,
_store_paged_kv_cache_chunk_kernel,mojo_opset/tests/accuracy/operators/test_kv_cache.py::test_store_paged_kv[2-2-128-1024-context_kv_lens_val5-q_lens_val5],PASSED,
_store_paged_kv_cache_chunk_kernel,mojo_opset/tests/accuracy/operators/test_kv_cache.py::test_store_paged_kv[2-2-128-2048-context_kv_lens_val6-q_lens_val6],PASSED,
_store_paged_kv_cache_chunk_kernel,mojo_opset/tests/accuracy/operators/test_kv_cache.py::test_store_paged_kv[1-1-128-128-context_kv_lens_val7-q_lens_val7],PASSED,
UNRESOLVED,mojo_opset/tests/accuracy/operators/test_kv_cache.py::test_store_paged_kv[1-1-128-128-context_kv_lens_val8-q_lens_val8],PASSED,
_store_paged_kv_cache_chunk_kernel,mojo_opset/tests/accuracy/operators/test_kv_cache.py::test_store_paged_kv[1-1-128-512-context_kv_lens_val9-q_lens_val9],PASSED,
_store_paged_kv_cache_chunk_kernel,mojo_opset/tests/accuracy/operators/test_kv_cache.py::test_store_paged_kv[1-1-128-1024-context_kv_lens_val10-q_lens_val10],PASSED,
_store_paged_kv_cache_chunk_kernel,mojo_opset/tests/accuracy/operators/test_kv_cache.py::test_store_paged_kv[1-1-128-2048-context_kv_lens_val11-q_lens_val11],PASSED,
UNRESOLVED,mojo_opset/tests/accuracy/operators/test_kv_cache.py::test_store_paged_kv[3-2-128-128-context_kv_lens_val12-q_lens_val12],PASSED,
UNRESOLVED,mojo_opset/tests/accuracy/operators/test_kv_cache.py::test_store_paged_kv[3-2-128-128-context_kv_lens_val13-q_lens_val13],PASSED,
UNRESOLVED,mojo_opset/tests/accuracy/operators/test_kv_cache.py::test_store_paged_kv[3-2-128-512-context_kv_lens_val14-q_lens_val14],PASSED,
UNRESOLVED,mojo_opset/tests/accuracy/operators/test_kv_cache.py::test_store_paged_kv[3-2-128-1024-context_kv_lens_val15-q_lens_val15],PASSED,
UNRESOLVED,mojo_opset/tests/accuracy/operators/test_kv_cache.py::test_store_paged_kv[3-2-128-2048-context_kv_lens_val16-q_lens_val16],PASSED,
UNRESOLVED,mojo_opset/tests/accuracy/operators/test_kv_cache.py::test_store_paged_kv[8-2-128-128-context_kv_lens_val17-q_lens_val17],PASSED,
UNRESOLVED,mojo_opset/tests/accuracy/operators/test_kv_cache.py::test_store_paged_kv[8-2-128-128-context_kv_lens_val18-q_lens_val18],PASSED,
UNRESOLVED,mojo_opset/tests/accuracy/operators/test_kv_cache.py::test_store_paged_kv[8-2-128-512-context_kv_lens_val19-q_lens_val19],PASSED,
UNRESOLVED,mojo_opset/tests/accuracy/operators/test_kv_cache.py::test_store_paged_kv[8-2-128-1024-context_kv_lens_val20-q_lens_val20],PASSED,
UNRESOLVED,mojo_opset/tests/accuracy/operators/test_kv_cache.py::test_store_paged_kv[8-2-128-2048-context_kv_lens_val21-q_lens_val21],PASSED,
UNRESOLVED,mojo_opset/tests/accuracy/operators/test_kv_cache.py::test_store_paged_kv[8-2-128-512-context_kv_lens_val22-q_lens_val22],PASSED,
UNRESOLVED,mojo_opset/tests/accuracy/operators/test_kv_cache.py::test_store_paged_kv[8-2-128-1024-context_kv_lens_val23-q_lens_val23],PASSED,
UNRESOLVED,mojo_opset/tests/accuracy/operators/test_kv_cache.py::test_store_paged_kv[8-2-128-2048-context_kv_lens_val24-q_lens_val24],PASSED,
UNRESOLVED,mojo_opset/tests/accuracy/operators/test_kv_cache.py::test_store_paged_kv[2-2-128-128-context_kv_lens_val25-q_lens_val25],PASSED,
UNRESOLVED,mojo_opset/tests/accuracy/operators/test_kv_cache.py::test_store_paged_kv[2-2-128-128-context_kv_lens_val26-q_lens_val26],PASSED,
UNRESOLVED,mojo_opset/tests/accuracy/operators/test_kv_cache.py::test_store_paged_kv[2-2-128-128-context_kv_lens_val27-q_lens_val27],PASSED,
UNRESOLVED,mojo_opset/tests/accuracy/operators/test_kv_cache.py::test_store_paged_kv[2-2-128-256-context_kv_lens_val28-q_lens_val28],PASSED,
UNRESOLVED,mojo_opset/tests/accuracy/operators/test_kv_cache.py::test_store_paged_kv[1-1-128-128-context_kv_lens_val29-q_lens_val29],PASSED,
UNRESOLVED,mojo_opset/tests/accuracy/operators/test_kv_cache.py::test_store_paged_kv[1-1-128-128-context_kv_lens_val30-q_lens_val30],PASSED,
UNRESOLVED,mojo_opset/tests/accuracy/operators/test_kv_cache.py::test_store_paged_kv[3-2-128-128-context_kv_lens_val31-q_lens_val31],PASSED,
UNRESOLVED,mojo_opset/tests/accuracy/operators/test_kv_cache.py::test_store_paged_kv[3-2-128-128-context_kv_lens_val32-q_lens_val32],PASSED,
UNRESOLVED,mojo_opset/tests/accuracy/operators/test_kv_cache.py::test_store_paged_kv[8-2-128-128-context_kv_lens_val33-q_lens_val33],PASSED,
UNRESOLVED,mojo_opset/tests/accuracy/operators/test_kv_cache.py::test_store_paged_kv[8-2-128-128-context_kv_lens_val34-q_lens_val34],PASSED,
UNRESOLVED,mojo_opset/tests/accuracy/operators/test_kv_cache.py::test_store_paged_kv_c8[2-2-128-128-context_kv_lens_val0-q_lens_val0],SKIPPED,"both operands resolve to the same implementation, skipping comparison."
UNRESOLVED,mojo_opset/tests/accuracy/operators/test_kv_cache.py::test_store_paged_kv_c8[2-2-128-128-context_kv_lens_val1-q_lens_val1],SKIPPED,"both operands resolve to the same implementation, skipping comparison."
UNRESOLVED,mojo_opset/tests/accuracy/operators/test_kv_cache.py::test_store_paged_kv_c8[2-2-128-128-context_kv_lens_val2-q_lens_val2],SKIPPED,"both operands resolve to the same implementation, skipping comparison."
UNRESOLVED,mojo_opset/tests/accuracy/operators/test_kv_cache.py::test_store_paged_kv_c8[2-2-128-256-context_kv_lens_val3-q_lens_val3],SKIPPED,"both operands resolve to the same implementation, skipping comparison."
UNRESOLVED,mojo_opset/tests/accuracy/operators/test_kv_cache.py::test_store_paged_kv_c8[2-2-128-512-context_kv_lens_val4-q_lens_val4],SKIPPED,"both operands resolve to the same implementation, skipping comparison."
UNRESOLVED,mojo_opset/tests/accuracy/operators/test_kv_cache.py::test_store_paged_kv_c8[2-2-128-1024-context_kv_lens_val5-q_lens_val5],SKIPPED,"both operands resolve to the same implementation, skipping comparison."
UNRESOLVED,mojo_opset/tests/accuracy/operators/test_kv_cache.py::test_store_paged_kv_c8[2-2-128-2048-context_kv_lens_val6-q_lens_val6],SKIPPED,"both operands resolve to the same implementation, skipping comparison."
UNRESOLVED,mojo_opset/tests/accuracy/operators/test_kv_cache.py::test_store_paged_kv_c8[1-1-128-128-context_kv_lens_val7-q_lens_val7],SKIPPED,"both operands resolve to the same implementation, skipping comparison."
UNRESOLVED,mojo_opset/tests/accuracy/operators/test_kv_cache.py::test_store_paged_kv_c8[1-1-128-128-context_kv_lens_val8-q_lens_val8],SKIPPED,"both operands resolve to the same implementation, skipping comparison."
UNRESOLVED,mojo_opset/tests/accuracy/operators/test_kv_cache.py::test_store_paged_kv_c8[1-1-128-512-context_kv_lens_val9-q_lens_val9],SKIPPED,"both operands resolve to the same implementation, skipping comparison."
UNRESOLVED,mojo_opset/tests/accuracy/operators/test_kv_cache.py::test_store_paged_kv_c8[1-1-128-1024-context_kv_lens_val10-q_lens_val10],SKIPPED,"both operands resolve to the same implementation, skipping comparison."
UNRESOLVED,mojo_opset/tests/accuracy/operators/test_kv_cache.py::test_store_paged_kv_c8[1-1-128-2048-context_kv_lens_val11-q_lens_val11],SKIPPED,"both operands resolve to the same implementation, skipping comparison."
UNRESOLVED,mojo_opset/tests/accuracy/operators/test_kv_cache.py::test_store_paged_kv_c8[3-2-128-128-context_kv_lens_val12-q_lens_val12],SKIPPED,"both operands resolve to the same implementation, skipping comparison."
UNRESOLVED,mojo_opset/tests/accuracy/operators/test_kv_cache.py::test_store_paged_kv_c8[3-2-128-128-context_kv_lens_val13-q_lens_val13],SKIPPED,"both operands resolve to the same implementation, skipping comparison."
UNRESOLVED,mojo_opset/tests/accuracy/operators/test_kv_cache.py::test_store_paged_kv_c8[3-2-128-512-context_kv_lens_val14-q_lens_val14],SKIPPED,"both operands resolve to the same implementation, skipping comparison."
UNRESOLVED,mojo_opset/tests/accuracy/operators/test_kv_cache.py::test_store_paged_kv_c8[3-2-128-1024-context_kv_lens_val15-q_lens_val15],SKIPPED,"both operands resolve to the same implementation, skipping comparison."
UNRESOLVED,mojo_opset/tests/accuracy/operators/test_kv_cache.py::test_store_paged_kv_c8[3-2-128-2048-context_kv_lens_val16-q_lens_val16],SKIPPED,"both operands resolve to the same implementation, skipping comparison."
UNRESOLVED,mojo_opset/tests/accuracy/operators/test_kv_cache.py::test_store_paged_kv_c8[8-2-128-128-context_kv_lens_val17-q_lens_val17],SKIPPED,"both operands resolve to the same implementation, skipping comparison."
UNRESOLVED,mojo_opset/tests/accuracy/operators/test_kv_cache.py::test_store_paged_kv_c8[8-2-128-128-context_kv_lens_val18-q_lens_val18],SKIPPED,"both operands resolve to the same implementation, skipping comparison."
UNRESOLVED,mojo_opset/tests/accuracy/operators/test_kv_cache.py::test_store_paged_kv_c8[8-2-128-512-context_kv_lens_val19-q_lens_val19],SKIPPED,"both operands resolve to the same implementation, skipping comparison."
UNRESOLVED,mojo_opset/tests/accuracy/operators/test_kv_cache.py::test_store_paged_kv_c8[8-2-128-1024-context_kv_lens_val20-q_lens_val20],SKIPPED,"both operands resolve to the same implementation, skipping comparison."
UNRESOLVED,mojo_opset/tests/accuracy/operators/test_kv_cache.py::test_store_paged_kv_c8[8-2-128-2048-context_kv_lens_val21-q_lens_val21],SKIPPED,"both operands resolve to the same implementation, skipping comparison."
UNRESOLVED,mojo_opset/tests/accuracy/operators/test_kv_cache.py::test_store_paged_kv_c8[8-2-128-512-context_kv_lens_val22-q_lens_val22],SKIPPED,"both operands resolve to the same implementation, skipping comparison."
UNRESOLVED,mojo_opset/tests/accuracy/operators/test_kv_cache.py::test_store_paged_kv_c8[8-2-128-1024-context_kv_lens_val23-q_lens_val23],SKIPPED,"both operands resolve to the same implementation, skipping comparison."
UNRESOLVED,mojo_opset/tests/accuracy/operators/test_kv_cache.py::test_store_paged_kv_c8[8-2-128-2048-context_kv_lens_val24-q_lens_val24],SKIPPED,"both operands resolve to the same implementation, skipping comparison."
_store_paged_kv_cache_chunk_kernel,mojo_opset/tests/accuracy/operators/test_kv_cache.py::test_store_paged_kv_without_chunk_metadata[1-2-128-16-context_kv_lens_val0-q_lens_val0],PASSED,
UNRESOLVED,mojo_opset/tests/accuracy/operators/test_kv_cache.py::test_store_paged_kv_without_chunk_metadata[1-2-128-128-context_kv_lens_val1-q_lens_val1],PASSED,
_store_paged_kv_cache_chunk_kernel,mojo_opset/tests/accuracy/operators/test_kv_cache.py::test_store_paged_kv_without_chunk_metadata[2-4-128-32-context_kv_lens_val2-q_lens_val2],PASSED,
UNRESOLVED,mojo_opset/tests/accuracy/operators/test_kv_cache.py::test_store_paged_kv_without_chunk_metadata[2-4-128-256-context_kv_lens_val3-q_lens_val3],PASSED,
_store_paged_kv_cache_chunk_kernel,mojo_opset/tests/accuracy/operators/test_kv_cache.py::test_store_paged_kv_without_chunk_metadata[3-8-128-64-context_kv_lens_val4-q_lens_val4],PASSED,
UNRESOLVED,mojo_opset/tests/accuracy/operators/test_kv_cache.py::test_store_paged_kv_without_chunk_metadata[3-8-128-128-context_kv_lens_val5-q_lens_val5],PASSED,
UNRESOLVED,mojo_opset/tests/accuracy/operators/test_kv_cache.py::test_store_paged_kv_without_chunk_metadata[4-16-128-128-context_kv_lens_val6-q_lens_val6],PASSED,
UNRESOLVED,mojo_opset/tests/accuracy/operators/test_kv_cache.py::test_store_paged_kv_without_chunk_metadata[4-16-128-512-context_kv_lens_val7-q_lens_val7],PASSED,
UNRESOLVED,mojo_opset/tests/accuracy/operators/test_kv_cache.py::test_store_paged_kv_without_chunk_metadata[5-24-128-64-context_kv_lens_val8-q_lens_val8],PASSED,
UNRESOLVED,mojo_opset/tests/accuracy/operators/test_kv_cache.py::test_store_paged_kv_without_chunk_metadata[5-24-128-256-context_kv_lens_val9-q_lens_val9],PASSED,
UNRESOLVED,mojo_opset/tests/accuracy/operators/test_kv_cache.py::test_store_paged_kv_without_chunk_metadata[6-24-128-1024-context_kv_lens_val10-q_lens_val10],PASSED,
UNRESOLVED,mojo_opset/tests/accuracy/operators/test_kv_cache.py::test_store_paged_kv_without_chunk_metadata[6-24-128-128-context_kv_lens_val11-q_lens_val11],PASSED,
_store_paged_kv_cache_chunk_kernel,mojo_opset/tests/accuracy/operators/test_kv_cache.py::test_store_paged_kv_bucket_padded_varlen,PASSED,
_store_paged_kv_cache_kernel_legacy,mojo_opset/tests/accuracy/operators/test_kv_cache.py::test_store_paged_kv_chunk_metadata_perf_and_accuracy,PASSED,
UNRESOLVED,mojo_opset/tests/accuracy/operators/test_kv_cache.py::test_store_paged_mla_kv[2-64-32-128-context_kv_lens_val0-q_lens_val0],PASSED,
UNRESOLVED,mojo_opset/tests/accuracy/operators/test_kv_cache.py::test_store_paged_mla_kv[2-64-32-128-context_kv_lens_val1-q_lens_val1],PASSED,
UNRESOLVED,mojo_opset/tests/accuracy/operators/test_kv_cache.py::test_store_paged_mla_kv[2-128-64-128-context_kv_lens_val2-q_lens_val2],PASSED,
UNRESOLVED,mojo_opset/tests/accuracy/operators/test_kv_cache.py::test_store_paged_mla_kv[1-64-32-128-context_kv_lens_val3-q_lens_val3],PASSED,
UNRESOLVED,mojo_opset/tests/accuracy/operators/test_kv_cache.py::test_store_paged_mla_kv[1-64-32-128-context_kv_lens_val4-q_lens_val4],PASSED,
UNRESOLVED,mojo_opset/tests/accuracy/operators/test_kv_cache.py::test_store_paged_mla_kv[3-64-32-128-context_kv_lens_val5-q_lens_val5],PASSED,
UNRESOLVED,mojo_opset/tests/accuracy/operators/test_kv_cache.py::test_store_paged_mla_kv[3-64-32-128-context_kv_lens_val6-q_lens_val6],PASSED,
UNRESOLVED,mojo_opset/tests/accuracy/operators/test_kv_cache.py::test_store_paged_mla_kv[4-64-32-256-context_kv_lens_val7-q_lens_val7],PASSED,
UNRESOLVED,mojo_opset/tests/accuracy/operators/test_kv_cache.py::test_store_paged_mla_kv[4-64-32-128-context_kv_lens_val8-q_lens_val8],PASSED,
UNRESOLVED,mojo_opset/tests/accuracy/operators/test_kv_cache.py::test_dequant_from_paged_cache[False-dtype0-True-False-8-0-768-16-64-128-32-512-4-32],SKIPPED,"both operands resolve to the same implementation, skipping comparison."
UNRESOLVED,mojo_opset/tests/accuracy/operators/test_kv_cache.py::test_dequant_from_paged_cache[False-dtype0-True-False-8-0-1024-16-64-128-32-512-4-32],SKIPPED,"both operands resolve to the same implementation, skipping comparison."
UNRESOLVED,mojo_opset/tests/accuracy/operators/test_kv_cache.py::test_dequant_from_paged_cache[False-dtype0-True-True-8-0-768-16-64-128-32-512-4-32],SKIPPED,"both operands resolve to the same implementation, skipping comparison."
UNRESOLVED,mojo_opset/tests/accuracy/operators/test_kv_cache.py::test_dequant_from_paged_cache[False-dtype0-True-True-8-0-1024-16-64-128-32-512-4-32],SKIPPED,"both operands resolve to the same implementation, skipping comparison."
UNRESOLVED,mojo_opset/tests/accuracy/operators/test_kv_cache.py::test_dequant_from_paged_cache[True-dtype0-True-False-8-0-768-16-64-128-32-512-4-32],SKIPPED,"both operands resolve to the same implementation, skipping comparison."
UNRESOLVED,mojo_opset/tests/accuracy/operators/test_kv_cache.py::test_dequant_from_paged_cache[True-dtype0-True-False-8-0-1024-16-64-128-32-512-4-32],SKIPPED,"both operands resolve to the same implementation, skipping comparison."
UNRESOLVED,mojo_opset/tests/accuracy/operators/test_kv_cache.py::test_dequant_from_paged_cache[True-dtype0-True-True-8-0-768-16-64-128-32-512-4-32],SKIPPED,"both operands resolve to the same implementation, skipping comparison."
UNRESOLVED,mojo_opset/tests/accuracy/operators/test_kv_cache.py::test_dequant_from_paged_cache[True-dtype0-True-True-8-0-1024-16-64-128-32-512-4-32],SKIPPED,"both operands resolve to the same implementation, skipping comparison."
_m_grouped_matmul_bNmajor_kernel,mojo_opset/tests/accuracy/operators/test_linear.py::test_group_gemm[input0-weight0-group_list0-False],PASSED,
_m_grouped_matmul_bNmajor_kernel,mojo_opset/tests/accuracy/operators/test_linear.py::test_group_gemm[input1-weight1-group_list1-False],PASSED,
_m_grouped_matmul_bNmajor_kernel,mojo_opset/tests/accuracy/operators/test_linear.py::test_group_gemm[input2-weight2-group_list2-False],PASSED,
_m_grouped_matmul_bNmajor_kernel,mojo_opset/tests/accuracy/operators/test_linear.py::test_group_gemm[input3-weight3-group_list3-False],PASSED,
_m_grouped_matmul_bKmajor_kernel,mojo_opset/tests/accuracy/operators/test_linear.py::test_group_gemm[input4-weight4-group_list4-True],PASSED,
_m_grouped_matmul_bKmajor_kernel,mojo_opset/tests/accuracy/operators/test_linear.py::test_group_gemm[input5-weight5-group_list5-True],PASSED,
_m_grouped_matmul_bNmajor_kernel,mojo_opset/tests/accuracy/operators/test_linear.py::test_group_gemm[single_group_fp=fp16],PASSED,
_m_grouped_matmul_bNmajor_kernel,mojo_opset/tests/accuracy/operators/test_linear.py::test_group_gemm[single_group_fp=bf16],PASSED,
_m_grouped_matmul_bNmajor_kernel,mojo_opset/tests/accuracy/operators/test_linear.py::test_group_gemm[uneven_groups_fp=fp16],PASSED,
_m_grouped_matmul_bNmajor_kernel,mojo_opset/tests/accuracy/operators/test_linear.py::test_group_gemm[uneven_groups_fp=bf16],PASSED,
_m_grouped_matmul_bKmajor_kernel,mojo_opset/tests/accuracy/operators/test_linear.py::test_group_gemm[trans_weight_uneven_fp=fp16],PASSED,
_m_grouped_matmul_bKmajor_kernel,mojo_opset/tests/accuracy/operators/test_linear.py::test_group_gemm[trans_weight_uneven_fp=bf16],PASSED,
UNRESOLVED,mojo_opset/tests/accuracy/operators/test_linear.py::test_quant_batch_gemm_reduce_sum[basic_b4_m7_k128_n256],SKIPPED,Skipped on NPU due to CANN 8.2 issue
UNRESOLVED,mojo_opset/tests/accuracy/operators/test_linear.py::test_quant_batch_gemm_reduce_sum[basic_b1_m16_k64_n128],SKIPPED,Skipped on NPU due to CANN 8.2 issue
UNRESOLVED,mojo_opset/tests/accuracy/operators/test_linear.py::test_quant_batch_gemm_reduce_sum[basic_b2_m9_k256_n512],SKIPPED,Skipped on NPU due to CANN 8.2 issue
UNRESOLVED,mojo_opset/tests/accuracy/operators/test_linear.py::test_quant_batch_gemm_reduce_sum[trans_weight_b4_m31_k128_n256],SKIPPED,Skipped on NPU due to CANN 8.2 issue
UNRESOLVED,mojo_opset/tests/accuracy/operators/test_linear.py::test_quant_batch_gemm_reduce_sum[x2_scale_fp16_cast],SKIPPED,Skipped on NPU due to CANN 8.2 issue
_m_grouped_matmul_bNmajor_kernel,mojo_opset/tests/accuracy/operators/test_linear.py::test_grouped_gemm_cases_via_group_gemm[inputs0-weights0-None-dtype0],PASSED,
_m_grouped_matmul_bNmajor_kernel,mojo_opset/tests/accuracy/operators/test_linear.py::test_grouped_gemm_cases_via_group_gemm[inputs1-weights1-None-dtype1],PASSED,
_m_grouped_matmul_bNmajor_kernel,mojo_opset/tests/accuracy/operators/test_linear.py::test_grouped_gemm_cases_via_group_gemm[inputs2-weights2-None-dtype2],PASSED,
_m_grouped_matmul_bNmajor_kernel,mojo_opset/tests/accuracy/operators/test_linear.py::test_group_gemm_two_groups_single_call[dtype0-False],PASSED,
_m_grouped_matmul_bNmajor_kernel,mojo_opset/tests/accuracy/operators/test_linear.py::test_group_gemm_two_groups_single_call[dtype1-False],PASSED,
_m_grouped_matmul_bKmajor_kernel,mojo_opset/tests/accuracy/operators/test_linear.py::test_group_gemm_two_groups_single_call[dtype2-True],PASSED,
_m_grouped_matmul_bKmajor_kernel,mojo_opset/tests/accuracy/operators/test_linear.py::test_group_gemm_two_groups_single_call[dtype3-True],PASSED,
UNRESOLVED,mojo_opset/tests/accuracy/operators/test_moe.py::test_experts[dtype0-16-4-1024-2048-64],SKIPPED,"No dedicated backend for TorchExperts; both operands resolve to the same implementation, skipping comparison.If you are running tests, check whether the tests are decorated with @bypass_not_implemented."
UNRESOLVED,mojo_opset/tests/accuracy/operators/test_moe.py::test_experts[dtype0-32-8-1024-4096-128],SKIPPED,"No dedicated backend for TorchExperts; both operands resolve to the same implementation, skipping comparison.If you are running tests, check whether the tests are decorated with @bypass_not_implemented."
UNRESOLVED,mojo_opset/tests/accuracy/operators/test_moe.py::test_experts[dtype0-64-8-1024-4096-256],SKIPPED,"No dedicated backend for TorchExperts; both operands resolve to the same implementation, skipping comparison.If you are running tests, check whether the tests are decorated with @bypass_not_implemented."
UNRESOLVED,mojo_opset/tests/accuracy/operators/test_moe.py::test_experts[dtype0-64-8-1024-4096-1024],SKIPPED,"No dedicated backend for TorchExperts; both operands resolve to the same implementation, skipping comparison.If you are running tests, check whether the tests are decorated with @bypass_not_implemented."
UNRESOLVED,mojo_opset/tests/accuracy/operators/test_moe.py::test_moe[dtype0-16-4-1024-2048-64],SKIPPED,"No dedicated backend for TorchMoE; both operands resolve to the same implementation, skipping comparison.If you are running tests, check whether the tests are decorated with @bypass_not_implemented."
UNRESOLVED,mojo_opset/tests/accuracy/operators/test_moe.py::test_moe[dtype0-32-8-1024-4096-128],SKIPPED,"No dedicated backend for TorchMoE; both operands resolve to the same implementation, skipping comparison.If you are running tests, check whether the tests are decorated with @bypass_not_implemented."
UNRESOLVED,mojo_opset/tests/accuracy/operators/test_moe.py::test_moe[dtype0-64-8-1024-4096-256],SKIPPED,"No dedicated backend for TorchMoE; both operands resolve to the same implementation, skipping comparison.If you are running tests, check whether the tests are decorated with @bypass_not_implemented."
UNRESOLVED,mojo_opset/tests/accuracy/operators/test_moe.py::test_moe[dtype0-64-8-1024-4096-1024],SKIPPED,"No dedicated backend for TorchMoE; both operands resolve to the same implementation, skipping comparison.If you are running tests, check whether the tests are decorated with @bypass_not_implemented."
UNRESOLVED,mojo_opset/tests/accuracy/operators/test_moe.py::test_moe_gating[dtype0-16-4-1024-64],SKIPPED,"No dedicated backend for TorchMoEGating; both operands resolve to the same implementation, skipping comparison.If you are running tests, check whether the tests are decorated with @bypass_not_implemented."
UNRESOLVED,mojo_opset/tests/accuracy/operators/test_moe.py::test_moe_gating[dtype0-32-8-1024-128],SKIPPED,"No dedicated backend for TorchMoEGating; both operands resolve to the same implementation, skipping comparison.If you are running tests, check whether the tests are decorated with @bypass_not_implemented."
UNRESOLVED,mojo_opset/tests/accuracy/operators/test_moe.py::test_moe_gating[dtype0-64-8-1024-256],SKIPPED,"No dedicated backend for TorchMoEGating; both operands resolve to the same implementation, skipping comparison.If you are running tests, check whether the tests are decorated with @bypass_not_implemented."
UNRESOLVED,mojo_opset/tests/accuracy/operators/test_moe.py::test_moe_gating[dtype0-64-8-1024-1024],SKIPPED,"No dedicated backend for TorchMoEGating; both operands resolve to the same implementation, skipping comparison.If you are running tests, check whether the tests are decorated with @bypass_not_implemented."
UNRESOLVED,mojo_opset/tests/accuracy/operators/test_moe.py::test_moe_dispatch[dtype0-16-4-1024-64],PASSED,
UNRESOLVED,mojo_opset/tests/accuracy/operators/test_moe.py::test_moe_dispatch[dtype0-32-8-1024-128],PASSED,
UNRESOLVED,mojo_opset/tests/accuracy/operators/test_moe.py::test_moe_dispatch[dtype0-64-8-1024-256],PASSED,
UNRESOLVED,mojo_opset/tests/accuracy/operators/test_moe.py::test_moe_dispatch[dtype0-384-8-3584-128],PASSED,
UNRESOLVED,mojo_opset/tests/accuracy/operators/test_moe.py::test_moe_experts[dtype0-4-256-512-tokens_per_expert0],SKIPPED,"No dedicated backend for TorchExperts; both operands resolve to the same implementation, skipping comparison.If you are running tests, check whether the tests are decorated with @bypass_not_implemented."
UNRESOLVED,mojo_opset/tests/accuracy/operators/test_moe.py::test_moe_experts[dtype0-8-512-1024-tokens_per_expert1],SKIPPED,"No dedicated backend for TorchExperts; both operands resolve to the same implementation, skipping comparison.If you are running tests, check whether the tests are decorated with @bypass_not_implemented."
UNRESOLVED,mojo_opset/tests/accuracy/operators/test_moe.py::test_moe_experts[dtype0-384-3584-64-tokens_per_expert2],SKIPPED,"No dedicated backend for TorchExperts; both operands resolve to the same implementation, skipping comparison.If you are running tests, check whether the tests are decorated with @bypass_not_implemented."
UNRESOLVED,mojo_opset/tests/accuracy/operators/test_moe.py::test_moe_combine[dtype0-64-4-1024],SKIPPED,"No dedicated backend for TorchMoECombine; both operands resolve to the same implementation, skipping comparison.If you are running tests, check whether the tests are decorated with @bypass_not_implemented."
UNRESOLVED,mojo_opset/tests/accuracy/operators/test_moe.py::test_moe_combine[dtype0-128-8-1024],SKIPPED,"No dedicated backend for TorchMoECombine; both operands resolve to the same implementation, skipping comparison.If you are running tests, check whether the tests are decorated with @bypass_not_implemented."
UNRESOLVED,mojo_opset/tests/accuracy/operators/test_moe.py::test_moe_combine[dtype0-256-8-1024],SKIPPED,"No dedicated backend for TorchMoECombine; both operands resolve to the same implementation, skipping comparison.If you are running tests, check whether the tests are decorated with @bypass_not_implemented."
UNRESOLVED,mojo_opset/tests/accuracy/operators/test_moe.py::test_moe_combine[dtype0-128-8-3584],SKIPPED,"No dedicated backend for TorchMoECombine; both operands resolve to the same implementation, skipping comparison.If you are running tests, check whether the tests are decorated with @bypass_not_implemented."
UNRESOLVED,mojo_opset/tests/accuracy/operators/test_moe_quant.py::test_moe_init_routing_dynamic_quant_reference,PASSED,
UNRESOLVED,mojo_opset/tests/accuracy/operators/test_moe_quant.py::test_fused_swiglu_moe_scale_dynamic_quant_reference,PASSED,
UNRESOLVED,mojo_opset/tests/accuracy/operators/test_moe_quant.py::test_moe_init_routing_dynamic_quant_backend[dtype0],SKIPPED,"No dedicated backend for TorchMoEInitRoutingDynamicQuant; both operands resolve to the same implementation, skipping comparison.If you are running tests, check whether the tests are decorated with @bypass_not_implemented."
UNRESOLVED,mojo_opset/tests/accuracy/operators/test_moe_quant.py::test_fused_swiglu_moe_scale_dynamic_quant_backend[dtype0],SKIPPED,"No dedicated backend for TorchFusedSwiGLUMoEScaleDynamicQuantize; both operands resolve to the same implementation, skipping comparison.If you are running tests, check whether the tests are decorated with @bypass_not_implemented."
UNRESOLVED,mojo_opset/tests/accuracy/operators/test_moe_quant.py::test_quant_experts[dtype0-int4-512-int4-320-16-2-512-1280-33],SKIPPED,"No dedicated backend for TorchQuantExperts; both operands resolve to the same implementation, skipping comparison.If you are running tests, check whether the tests are decorated with @bypass_not_implemented."
UNRESOLVED,mojo_opset/tests/accuracy/operators/test_moe_quant.py::test_quant_experts[dtype0-int4-512-int4-320-24-4-512-1280-97],SKIPPED,"No dedicated backend for TorchQuantExperts; both operands resolve to the same implementation, skipping comparison.If you are running tests, check whether the tests are decorated with @bypass_not_implemented."
UNRESOLVED,mojo_opset/tests/accuracy/operators/test_moe_quant.py::test_quant_experts[dtype0-up_weight_dtype1--1-down_weight_dtype1--1-16-2-512-1280-33],SKIPPED,"No dedicated backend for TorchQuantExperts; both operands resolve to the same implementation, skipping comparison.If you are running tests, check whether the tests are decorated with @bypass_not_implemented."
UNRESOLVED,mojo_opset/tests/accuracy/operators/test_moe_quant.py::test_quant_experts[dtype0-up_weight_dtype1--1-down_weight_dtype1--1-24-4-512-1280-97],SKIPPED,"No dedicated backend for TorchQuantExperts; both operands resolve to the same implementation, skipping comparison.If you are running tests, check whether the tests are decorated with @bypass_not_implemented."
UNRESOLVED,mojo_opset/tests/accuracy/operators/test_moe_quant.py::test_quant_experts[dtype1-int4-512-int4-320-16-2-512-1280-33],SKIPPED,"No dedicated backend for TorchQuantExperts; both operands resolve to the same implementation, skipping comparison.If you are running tests, check whether the tests are decorated with @bypass_not_implemented."
UNRESOLVED,mojo_opset/tests/accuracy/operators/test_moe_quant.py::test_quant_experts[dtype1-int4-512-int4-320-24-4-512-1280-97],SKIPPED,"No dedicated backend for TorchQuantExperts; both operands resolve to the same implementation, skipping comparison.If you are running tests, check whether the tests are decorated with @bypass_not_implemented."
UNRESOLVED,mojo_opset/tests/accuracy/operators/test_moe_quant.py::test_quant_experts[dtype1-up_weight_dtype1--1-down_weight_dtype1--1-16-2-512-1280-33],SKIPPED,"No dedicated backend for TorchQuantExperts; both operands resolve to the same implementation, skipping comparison.If you are running tests, check whether the tests are decorated with @bypass_not_implemented."
UNRESOLVED,mojo_opset/tests/accuracy/operators/test_moe_quant.py::test_quant_experts[dtype1-up_weight_dtype1--1-down_weight_dtype1--1-24-4-512-1280-97],SKIPPED,"No dedicated backend for TorchQuantExperts; both operands resolve to the same implementation, skipping comparison.If you are running tests, check whether the tests are decorated with @bypass_not_implemented."
UNRESOLVED,mojo_opset/tests/accuracy/operators/test_moe_quant.py::test_quant_moe[dtype0-int4-512-int4-320-16-2-512-1280-33],SKIPPED,"No dedicated backend for TorchQuantMoE; both operands resolve to the same implementation, skipping comparison.If you are running tests, check whether the tests are decorated with @bypass_not_implemented."
UNRESOLVED,mojo_opset/tests/accuracy/operators/test_moe_quant.py::test_quant_moe[dtype0-int4-512-int4-320-24-4-512-1280-97],SKIPPED,"No dedicated backend for TorchQuantMoE; both operands resolve to the same implementation, skipping comparison.If you are running tests, check whether the tests are decorated with @bypass_not_implemented."
UNRESOLVED,mojo_opset/tests/accuracy/operators/test_moe_quant.py::test_quant_moe[dtype0-up_weight_dtype1--1-down_weight_dtype1--1-16-2-512-1280-33],SKIPPED,"No dedicated backend for TorchQuantMoE; both operands resolve to the same implementation, skipping comparison.If you are running tests, check whether the tests are decorated with @bypass_not_implemented."
UNRESOLVED,mojo_opset/tests/accuracy/operators/test_moe_quant.py::test_quant_moe[dtype0-up_weight_dtype1--1-down_weight_dtype1--1-24-4-512-1280-97],SKIPPED,"No dedicated backend for TorchQuantMoE; both operands resolve to the same implementation, skipping comparison.If you are running tests, check whether the tests are decorated with @bypass_not_implemented."
UNRESOLVED,mojo_opset/tests/accuracy/operators/test_moe_quant.py::test_quant_moe[dtype1-int4-512-int4-320-16-2-512-1280-33],SKIPPED,"No dedicated backend for TorchQuantMoE; both operands resolve to the same implementation, skipping comparison.If you are running tests, check whether the tests are decorated with @bypass_not_implemented."
UNRESOLVED,mojo_opset/tests/accuracy/operators/test_moe_quant.py::test_quant_moe[dtype1-int4-512-int4-320-24-4-512-1280-97],SKIPPED,"No dedicated backend for TorchQuantMoE; both operands resolve to the same implementation, skipping comparison.If you are running tests, check whether the tests are decorated with @bypass_not_implemented."
UNRESOLVED,mojo_opset/tests/accuracy/operators/test_moe_quant.py::test_quant_moe[dtype1-up_weight_dtype1--1-down_weight_dtype1--1-16-2-512-1280-33],SKIPPED,"No dedicated backend for TorchQuantMoE; both operands resolve to the same implementation, skipping comparison.If you are running tests, check whether the tests are decorated with @bypass_not_implemented."
UNRESOLVED,mojo_opset/tests/accuracy/operators/test_moe_quant.py::test_quant_moe[dtype1-up_weight_dtype1--1-down_weight_dtype1--1-24-4-512-1280-97],SKIPPED,"No dedicated backend for TorchQuantMoE; both operands resolve to the same implementation, skipping comparison.If you are running tests, check whether the tests are decorated with @bypass_not_implemented."
_rmsnorm_infer_kernel_single,mojo_opset/tests/accuracy/operators/test_normalization.py::test_rmsnorm[1e-05-dtype0-shape0],PASSED,
_rmsnorm_infer_kernel_single,mojo_opset/tests/accuracy/operators/test_normalization.py::test_rmsnorm[1e-05-dtype0-shape1],PASSED,
_rmsnorm_infer_kernel_single,mojo_opset/tests/accuracy/operators/test_normalization.py::test_rmsnorm[1e-05-dtype0-shape2],PASSED,
_rmsnorm_infer_kernel_single,mojo_opset/tests/accuracy/operators/test_normalization.py::test_rmsnorm[1e-05-dtype0-shape3],PASSED,
_rmsnorm_infer_kernel_single,mojo_opset/tests/accuracy/operators/test_normalization.py::test_rmsnorm[1e-05-dtype0-shape4],PASSED,
_rmsnorm_infer_kernel_single,mojo_opset/tests/accuracy/operators/test_normalization.py::test_rmsnorm[1e-05-dtype1-shape0],PASSED,
_rmsnorm_infer_kernel_single,mojo_opset/tests/accuracy/operators/test_normalization.py::test_rmsnorm[1e-05-dtype1-shape1],PASSED,
_rmsnorm_infer_kernel_single,mojo_opset/tests/accuracy/operators/test_normalization.py::test_rmsnorm[1e-05-dtype1-shape2],PASSED,
_rmsnorm_infer_kernel_single,mojo_opset/tests/accuracy/operators/test_normalization.py::test_rmsnorm[1e-05-dtype1-shape3],PASSED,
_rmsnorm_infer_kernel_single,mojo_opset/tests/accuracy/operators/test_normalization.py::test_rmsnorm[1e-05-dtype1-shape4],PASSED,
UNRESOLVED,mojo_opset/tests/accuracy/operators/test_normalization.py::test_rmsnorm_inplace[True-1e-05-dtype0-shape0],PASSED,
UNRESOLVED,mojo_opset/tests/accuracy/operators/test_normalization.py::test_rmsnorm_inplace[True-1e-05-dtype0-shape1],PASSED,
UNRESOLVED,mojo_opset/tests/accuracy/operators/test_normalization.py::test_rmsnorm_inplace[True-1e-05-dtype0-shape2],PASSED,
UNRESOLVED,mojo_opset/tests/accuracy/operators/test_normalization.py::test_rmsnorm_inplace[True-1e-05-dtype0-shape3],PASSED,
UNRESOLVED,mojo_opset/tests/accuracy/operators/test_normalization.py::test_rmsnorm_inplace[True-1e-05-dtype0-shape4],PASSED,
UNRESOLVED,mojo_opset/tests/accuracy/operators/test_normalization.py::test_rmsnorm_inplace[True-1e-05-dtype1-shape0],PASSED,
UNRESOLVED,mojo_opset/tests/accuracy/operators/test_normalization.py::test_rmsnorm_inplace[True-1e-05-dtype1-shape1],PASSED,
UNRESOLVED,mojo_opset/tests/accuracy/operators/test_normalization.py::test_rmsnorm_inplace[True-1e-05-dtype1-shape2],PASSED,
UNRESOLVED,mojo_opset/tests/accuracy/operators/test_normalization.py::test_rmsnorm_inplace[True-1e-05-dtype1-shape3],PASSED,
UNRESOLVED,mojo_opset/tests/accuracy/operators/test_normalization.py::test_rmsnorm_inplace[True-1e-05-dtype1-shape4],PASSED,
_layernorm_fwd_single_pass_kernel,mojo_opset/tests/accuracy/operators/test_normalization.py::test_layernorm[1e-05-dtype0-shape0],PASSED,
_layernorm_fwd_kernel,mojo_opset/tests/accuracy/operators/test_normalization.py::test_layernorm[1e-05-dtype0-shape1],PASSED,
_layernorm_fwd_kernel,mojo_opset/tests/accuracy/operators/test_normalization.py::test_layernorm[1e-05-dtype0-shape2],PASSED,
_layernorm_fwd_single_pass_kernel,mojo_opset/tests/accuracy/operators/test_normalization.py::test_layernorm[1e-05-dtype0-shape3],PASSED,
_layernorm_fwd_kernel,mojo_opset/tests/accuracy/operators/test_normalization.py::test_layernorm[1e-05-dtype0-shape4],PASSED,
_layernorm_fwd_single_pass_kernel,mojo_opset/tests/accuracy/operators/test_normalization.py::test_layernorm[1e-05-dtype1-shape0],PASSED,
_layernorm_fwd_kernel,mojo_opset/tests/accuracy/operators/test_normalization.py::test_layernorm[1e-05-dtype1-shape1],PASSED,
_layernorm_fwd_kernel,mojo_opset/tests/accuracy/operators/test_normalization.py::test_layernorm[1e-05-dtype1-shape2],PASSED,
_layernorm_fwd_single_pass_kernel,mojo_opset/tests/accuracy/operators/test_normalization.py::test_layernorm[1e-05-dtype1-shape3],PASSED,
_layernorm_fwd_kernel,mojo_opset/tests/accuracy/operators/test_normalization.py::test_layernorm[1e-05-dtype1-shape4],PASSED,
_group_rmsnorm_interleaved_kernel,mojo_opset/tests/accuracy/operators/test_normalization.py::test_grouprmsnorm[1e-05-dtype0-1024-group_dims0-96],PASSED,
_group_rmsnorm_interleaved_kernel,mojo_opset/tests/accuracy/operators/test_normalization.py::test_grouprmsnorm[1e-05-dtype0-798-group_dims1-128],PASSED,
_group_rmsnorm_interleaved_kernel,mojo_opset/tests/accuracy/operators/test_normalization.py::test_grouprmsnorm[1e-05-dtype0-8000-group_dims2-128],PASSED,
_group_rmsnorm_interleaved_kernel,mojo_opset/tests/accuracy/operators/test_normalization.py::test_grouprmsnorm[1e-05-dtype0-17-group_dims3-128],PASSED,
_group_rmsnorm_interleaved_kernel,mojo_opset/tests/accuracy/operators/test_normalization.py::test_grouprmsnorm[1e-05-dtype0-33-group_dims4-128],PASSED,
_group_rmsnorm_interleaved_kernel,mojo_opset/tests/accuracy/operators/test_normalization.py::test_grouprmsnorm[1e-05-dtype0-65-group_dims5-128],PASSED,
UNRESOLVED,mojo_opset/tests/accuracy/operators/test_normalization.py::test_grouprmsnorm[1e-05-dtype0-129-group_dims6-128],PASSED,
_group_rmsnorm_interleaved_kernel,mojo_opset/tests/accuracy/operators/test_normalization.py::test_grouprmsnorm[1e-05-dtype0-257-group_dims7-192],PASSED,
_group_rmsnorm_interleaved_kernel,mojo_opset/tests/accuracy/operators/test_normalization.py::test_grouprmsnorm[1e-05-dtype0-513-group_dims8-256],PASSED,
_group_rmsnorm_interleaved_kernel,mojo_opset/tests/accuracy/operators/test_normalization.py::test_grouprmsnorm[1e-05-dtype0-1025-group_dims9-128],PASSED,
_group_rmsnorm_interleaved_kernel,mojo_opset/tests/accuracy/operators/test_normalization.py::test_grouprmsnorm[1e-05-dtype0-2049-group_dims10-64],PASSED,
_group_rmsnorm_interleaved_kernel,mojo_opset/tests/accuracy/operators/test_normalization.py::test_grouprmsnorm[1e-05-dtype1-1024-group_dims0-96],PASSED,
_group_rmsnorm_interleaved_kernel,mojo_opset/tests/accuracy/operators/test_normalization.py::test_grouprmsnorm[1e-05-dtype1-798-group_dims1-128],PASSED,
_group_rmsnorm_interleaved_kernel,mojo_opset/tests/accuracy/operators/test_normalization.py::test_grouprmsnorm[1e-05-dtype1-8000-group_dims2-128],PASSED,
_group_rmsnorm_interleaved_kernel,mojo_opset/tests/accuracy/operators/test_normalization.py::test_grouprmsnorm[1e-05-dtype1-17-group_dims3-128],PASSED,
_group_rmsnorm_interleaved_kernel,mojo_opset/tests/accuracy/operators/test_normalization.py::test_grouprmsnorm[1e-05-dtype1-33-group_dims4-128],PASSED,
_group_rmsnorm_interleaved_kernel,mojo_opset/tests/accuracy/operators/test_normalization.py::test_grouprmsnorm[1e-05-dtype1-65-group_dims5-128],PASSED,
UNRESOLVED,mojo_opset/tests/accuracy/operators/test_normalization.py::test_grouprmsnorm[1e-05-dtype1-129-group_dims6-128],PASSED,
_group_rmsnorm_interleaved_kernel,mojo_opset/tests/accuracy/operators/test_normalization.py::test_grouprmsnorm[1e-05-dtype1-257-group_dims7-192],PASSED,
_group_rmsnorm_interleaved_kernel,mojo_opset/tests/accuracy/operators/test_normalization.py::test_grouprmsnorm[1e-05-dtype1-513-group_dims8-256],PASSED,
_group_rmsnorm_interleaved_kernel,mojo_opset/tests/accuracy/operators/test_normalization.py::test_grouprmsnorm[1e-05-dtype1-1025-group_dims9-128],PASSED,
_group_rmsnorm_interleaved_kernel,mojo_opset/tests/accuracy/operators/test_normalization.py::test_grouprmsnorm[1e-05-dtype1-2049-group_dims10-64],PASSED,
UNRESOLVED,mojo_opset/tests/accuracy/operators/test_normalization.py::test_grouprmsnorm_inplace[True-1e-05-dtype0-1024-group_dims0-96],PASSED,
UNRESOLVED,mojo_opset/tests/accuracy/operators/test_normalization.py::test_grouprmsnorm_inplace[True-1e-05-dtype0-798-group_dims1-128],PASSED,
UNRESOLVED,mojo_opset/tests/accuracy/operators/test_normalization.py::test_grouprmsnorm_inplace[True-1e-05-dtype0-8000-group_dims2-128],PASSED,
UNRESOLVED,mojo_opset/tests/accuracy/operators/test_normalization.py::test_grouprmsnorm_inplace[True-1e-05-dtype0-17-group_dims3-128],PASSED,
UNRESOLVED,mojo_opset/tests/accuracy/operators/test_normalization.py::test_grouprmsnorm_inplace[True-1e-05-dtype0-33-group_dims4-128],PASSED,
UNRESOLVED,mojo_opset/tests/accuracy/operators/test_normalization.py::test_grouprmsnorm_inplace[True-1e-05-dtype0-65-group_dims5-128],PASSED,
UNRESOLVED,mojo_opset/tests/accuracy/operators/test_normalization.py::test_grouprmsnorm_inplace[True-1e-05-dtype0-129-group_dims6-128],PASSED,
UNRESOLVED,mojo_opset/tests/accuracy/operators/test_normalization.py::test_grouprmsnorm_inplace[True-1e-05-dtype0-257-group_dims7-192],PASSED,
UNRESOLVED,mojo_opset/tests/accuracy/operators/test_normalization.py::test_grouprmsnorm_inplace[True-1e-05-dtype0-513-group_dims8-256],PASSED,
UNRESOLVED,mojo_opset/tests/accuracy/operators/test_normalization.py::test_grouprmsnorm_inplace[True-1e-05-dtype0-1025-group_dims9-128],PASSED,
UNRESOLVED,mojo_opset/tests/accuracy/operators/test_normalization.py::test_grouprmsnorm_inplace[True-1e-05-dtype0-2049-group_dims10-64],PASSED,
UNRESOLVED,mojo_opset/tests/accuracy/operators/test_normalization.py::test_grouprmsnorm_inplace[True-1e-05-dtype1-1024-group_dims0-96],PASSED,
UNRESOLVED,mojo_opset/tests/accuracy/operators/test_normalization.py::test_grouprmsnorm_inplace[True-1e-05-dtype1-798-group_dims1-128],PASSED,
UNRESOLVED,mojo_opset/tests/accuracy/operators/test_normalization.py::test_grouprmsnorm_inplace[True-1e-05-dtype1-8000-group_dims2-128],PASSED,
UNRESOLVED,mojo_opset/tests/accuracy/operators/test_normalization.py::test_grouprmsnorm_inplace[True-1e-05-dtype1-17-group_dims3-128],PASSED,
UNRESOLVED,mojo_opset/tests/accuracy/operators/test_normalization.py::test_grouprmsnorm_inplace[True-1e-05-dtype1-33-group_dims4-128],PASSED,
UNRESOLVED,mojo_opset/tests/accuracy/operators/test_normalization.py::test_grouprmsnorm_inplace[True-1e-05-dtype1-65-group_dims5-128],PASSED,
UNRESOLVED,mojo_opset/tests/accuracy/operators/test_normalization.py::test_grouprmsnorm_inplace[True-1e-05-dtype1-129-group_dims6-128],PASSED,
UNRESOLVED,mojo_opset/tests/accuracy/operators/test_normalization.py::test_grouprmsnorm_inplace[True-1e-05-dtype1-257-group_dims7-192],PASSED,
UNRESOLVED,mojo_opset/tests/accuracy/operators/test_normalization.py::test_grouprmsnorm_inplace[True-1e-05-dtype1-513-group_dims8-256],PASSED,
UNRESOLVED,mojo_opset/tests/accuracy/operators/test_normalization.py::test_grouprmsnorm_inplace[True-1e-05-dtype1-1025-group_dims9-128],PASSED,
UNRESOLVED,mojo_opset/tests/accuracy/operators/test_normalization.py::test_grouprmsnorm_inplace[True-1e-05-dtype1-2049-group_dims10-64],PASSED,
UNRESOLVED,mojo_opset/tests/accuracy/operators/test_normalization.py::test_grouplayernorm[1e-05-dtype0-1024-group_dims0-96],PASSED,
UNRESOLVED,mojo_opset/tests/accuracy/operators/test_normalization.py::test_grouplayernorm[1e-05-dtype0-798-group_dims1-128],PASSED,
UNRESOLVED,mojo_opset/tests/accuracy/operators/test_normalization.py::test_grouplayernorm[1e-05-dtype0-8000-group_dims2-128],PASSED,
UNRESOLVED,mojo_opset/tests/accuracy/operators/test_normalization.py::test_grouplayernorm[1e-05-dtype1-1024-group_dims0-96],PASSED,
UNRESOLVED,mojo_opset/tests/accuracy/operators/test_normalization.py::test_grouplayernorm[1e-05-dtype1-798-group_dims1-128],PASSED,
UNRESOLVED,mojo_opset/tests/accuracy/operators/test_normalization.py::test_grouplayernorm[1e-05-dtype1-8000-group_dims2-128],PASSED,
_fused_add_rmsnorm_fwd_single_pass_kernel,mojo_opset/tests/accuracy/operators/test_normalization.py::test_residual_add_rms_norm[pre-1e-05-dtype0-shape0],PASSED,
_fused_add_rmsnorm_fwd_single_pass_kernel,mojo_opset/tests/accuracy/operators/test_normalization.py::test_residual_add_rms_norm[pre-1e-05-dtype0-shape1],PASSED,
_fused_add_rmsnorm_fwd_kernel,mojo_opset/tests/accuracy/operators/test_normalization.py::test_residual_add_rms_norm[pre-1e-05-dtype0-shape2],PASSED,
_fused_add_rmsnorm_fwd_single_pass_kernel,mojo_opset/tests/accuracy/operators/test_normalization.py::test_residual_add_rms_norm[pre-1e-05-dtype0-shape3],PASSED,
_fused_add_rmsnorm_fwd_single_pass_kernel,mojo_opset/tests/accuracy/operators/test_normalization.py::test_residual_add_rms_norm[pre-1e-05-dtype1-shape0],PASSED,
_fused_add_rmsnorm_fwd_single_pass_kernel,mojo_opset/tests/accuracy/operators/test_normalization.py::test_residual_add_rms_norm[pre-1e-05-dtype1-shape1],PASSED,
_fused_add_rmsnorm_fwd_kernel,mojo_opset/tests/accuracy/operators/test_normalization.py::test_residual_add_rms_norm[pre-1e-05-dtype1-shape2],PASSED,
_fused_add_rmsnorm_fwd_single_pass_kernel,mojo_opset/tests/accuracy/operators/test_normalization.py::test_residual_add_rms_norm[pre-1e-05-dtype1-shape3],PASSED,
_fused_add_rmsnorm_fwd_single_pass_kernel,mojo_opset/tests/accuracy/operators/test_normalization.py::test_residual_add_rms_norm[post-1e-05-dtype0-shape0],PASSED,
_fused_add_rmsnorm_fwd_single_pass_kernel,mojo_opset/tests/accuracy/operators/test_normalization.py::test_residual_add_rms_norm[post-1e-05-dtype0-shape1],PASSED,
_fused_add_rmsnorm_fwd_kernel,mojo_opset/tests/accuracy/operators/test_normalization.py::test_residual_add_rms_norm[post-1e-05-dtype0-shape2],PASSED,
_fused_add_rmsnorm_fwd_single_pass_kernel,mojo_opset/tests/accuracy/operators/test_normalization.py::test_residual_add_rms_norm[post-1e-05-dtype0-shape3],PASSED,
_fused_add_rmsnorm_fwd_single_pass_kernel,mojo_opset/tests/accuracy/operators/test_normalization.py::test_residual_add_rms_norm[post-1e-05-dtype1-shape0],PASSED,
_fused_add_rmsnorm_fwd_single_pass_kernel,mojo_opset/tests/accuracy/operators/test_normalization.py::test_residual_add_rms_norm[post-1e-05-dtype1-shape1],PASSED,
_fused_add_rmsnorm_fwd_kernel,mojo_opset/tests/accuracy/operators/test_normalization.py::test_residual_add_rms_norm[post-1e-05-dtype1-shape2],PASSED,
_fused_add_rmsnorm_fwd_single_pass_kernel,mojo_opset/tests/accuracy/operators/test_normalization.py::test_residual_add_rms_norm[post-1e-05-dtype1-shape3],PASSED,
_fused_add_layernorm_fwd_kernel,mojo_opset/tests/accuracy/operators/test_normalization.py::test_residual_add_layernorm[pre-1e-05-dtype0-shape0],PASSED,
_fused_add_layernorm_fwd_kernel,mojo_opset/tests/accuracy/operators/test_normalization.py::test_residual_add_layernorm[pre-1e-05-dtype0-shape1],PASSED,
UNRESOLVED,mojo_opset/tests/accuracy/operators/test_normalization.py::test_residual_add_layernorm[pre-1e-05-dtype0-shape2],PASSED,
_fused_add_layernorm_fwd_kernel,mojo_opset/tests/accuracy/operators/test_normalization.py::test_residual_add_layernorm[pre-1e-05-dtype0-shape3],PASSED,
_fused_add_layernorm_fwd_kernel,mojo_opset/tests/accuracy/operators/test_normalization.py::test_residual_add_layernorm[pre-1e-05-dtype1-shape0],PASSED,
_fused_add_layernorm_fwd_kernel,mojo_opset/tests/accuracy/operators/test_normalization.py::test_residual_add_layernorm[pre-1e-05-dtype1-shape1],PASSED,
UNRESOLVED,mojo_opset/tests/accuracy/operators/test_normalization.py::test_residual_add_layernorm[pre-1e-05-dtype1-shape2],PASSED,
_fused_add_layernorm_fwd_kernel,mojo_opset/tests/accuracy/operators/test_normalization.py::test_residual_add_layernorm[pre-1e-05-dtype1-shape3],PASSED,
UNRESOLVED,mojo_opset/tests/accuracy/operators/test_normalization.py::test_residual_add_layernorm[post-1e-05-dtype0-shape0],PASSED,
UNRESOLVED,mojo_opset/tests/accuracy/operators/test_normalization.py::test_residual_add_layernorm[post-1e-05-dtype0-shape1],PASSED,
UNRESOLVED,mojo_opset/tests/accuracy/operators/test_normalization.py::test_residual_add_layernorm[post-1e-05-dtype0-shape2],PASSED,
UNRESOLVED,mojo_opset/tests/accuracy/operators/test_normalization.py::test_residual_add_layernorm[post-1e-05-dtype0-shape3],PASSED,
UNRESOLVED,mojo_opset/tests/accuracy/operators/test_normalization.py::test_residual_add_layernorm[post-1e-05-dtype1-shape0],PASSED,
UNRESOLVED,mojo_opset/tests/accuracy/operators/test_normalization.py::test_residual_add_layernorm[post-1e-05-dtype1-shape1],PASSED,
UNRESOLVED,mojo_opset/tests/accuracy/operators/test_normalization.py::test_residual_add_layernorm[post-1e-05-dtype1-shape2],PASSED,
UNRESOLVED,mojo_opset/tests/accuracy/operators/test_normalization.py::test_residual_add_layernorm[post-1e-05-dtype1-shape3],PASSED,
UNRESOLVED,mojo_opset/tests/accuracy/operators/test_normalization.py::test_channel_rmsnorm[x0-1024-True-True],SKIPPED,"No dedicated backend for TorchChannelRMSNorm; both operands resolve to the same implementation, skipping comparison.If you are running tests, check whether the tests are decorated with @bypass_not_implemented."
UNRESOLVED,mojo_opset/tests/accuracy/operators/test_normalization.py::test_channel_rmsnorm[x1-1024-True-True],SKIPPED,"No dedicated backend for TorchChannelRMSNorm; both operands resolve to the same implementation, skipping comparison.If you are running tests, check whether the tests are decorated with @bypass_not_implemented."
UNRESOLVED,mojo_opset/tests/accuracy/operators/test_normalization.py::test_channel_rmsnorm[x2-1024-True-True],SKIPPED,"No dedicated backend for TorchChannelRMSNorm; both operands resolve to the same implementation, skipping comparison.If you are running tests, check whether the tests are decorated with @bypass_not_implemented."
UNRESOLVED,mojo_opset/tests/accuracy/operators/test_normalization.py::test_channel_rmsnorm[x3-256-True-False],SKIPPED,"No dedicated backend for TorchChannelRMSNorm; both operands resolve to the same implementation, skipping comparison.If you are running tests, check whether the tests are decorated with @bypass_not_implemented."
UNRESOLVED,mojo_opset/tests/accuracy/operators/test_normalization.py::test_channel_rmsnorm[x4-256-True-False],SKIPPED,"No dedicated backend for TorchChannelRMSNorm; both operands resolve to the same implementation, skipping comparison.If you are running tests, check whether the tests are decorated with @bypass_not_implemented."
UNRESOLVED,mojo_opset/tests/accuracy/operators/test_normalization.py::test_channel_rmsnorm[x5-256-True-False],SKIPPED,"No dedicated backend for TorchChannelRMSNorm; both operands resolve to the same implementation, skipping comparison.If you are running tests, check whether the tests are decorated with @bypass_not_implemented."
UNRESOLVED,mojo_opset/tests/accuracy/operators/test_normalization.py::test_channel_rmsnorm[x6-52-False-True],SKIPPED,"No dedicated backend for TorchChannelRMSNorm; both operands resolve to the same implementation, skipping comparison.If you are running tests, check whether the tests are decorated with @bypass_not_implemented."
UNRESOLVED,mojo_opset/tests/accuracy/operators/test_normalization.py::test_channel_rmsnorm[x7-52-False-True],SKIPPED,"No dedicated backend for TorchChannelRMSNorm; both operands resolve to the same implementation, skipping comparison.If you are running tests, check whether the tests are decorated with @bypass_not_implemented."
UNRESOLVED,mojo_opset/tests/accuracy/operators/test_normalization.py::test_channel_rmsnorm[x8-52-False-True],SKIPPED,"No dedicated backend for TorchChannelRMSNorm; both operands resolve to the same implementation, skipping comparison.If you are running tests, check whether the tests are decorated with @bypass_not_implemented."
UNRESOLVED,mojo_opset/tests/accuracy/operators/test_normalization.py::test_channel_rmsnorm[x9-208-False-False],SKIPPED,"No dedicated backend for TorchChannelRMSNorm; both operands resolve to the same implementation, skipping comparison.If you are running tests, check whether the tests are decorated with @bypass_not_implemented."
UNRESOLVED,mojo_opset/tests/accuracy/operators/test_normalization.py::test_channel_rmsnorm[x10-208-False-False],SKIPPED,"No dedicated backend for TorchChannelRMSNorm; both operands resolve to the same implementation, skipping comparison.If you are running tests, check whether the tests are decorated with @bypass_not_implemented."
UNRESOLVED,mojo_opset/tests/accuracy/operators/test_normalization.py::test_channel_rmsnorm[x11-208-False-False],SKIPPED,"No dedicated backend for TorchChannelRMSNorm; both operands resolve to the same implementation, skipping comparison.If you are running tests, check whether the tests are decorated with @bypass_not_implemented."
UNRESOLVED,mojo_opset/tests/accuracy/operators/test_normalization.py::test_rmsnorm_quant[dtype0-shape0],PASSED,
UNRESOLVED,mojo_opset/tests/accuracy/operators/test_normalization.py::test_rmsnorm_quant[dtype0-shape1],PASSED,
UNRESOLVED,mojo_opset/tests/accuracy/operators/test_normalization.py::test_rmsnorm_quant[dtype0-shape2],PASSED,
UNRESOLVED,mojo_opset/tests/accuracy/operators/test_normalization.py::test_rmsnorm_quant[dtype1-shape0],PASSED,
UNRESOLVED,mojo_opset/tests/accuracy/operators/test_normalization.py::test_rmsnorm_quant[dtype1-shape1],PASSED,
UNRESOLVED,mojo_opset/tests/accuracy/operators/test_normalization.py::test_rmsnorm_quant[dtype1-shape2],PASSED,
UNRESOLVED,mojo_opset/tests/accuracy/operators/test_normalization.py::test_layernorm_quant[dtype0-shape0],PASSED,
UNRESOLVED,mojo_opset/tests/accuracy/operators/test_normalization.py::test_layernorm_quant[dtype0-shape1],PASSED,
UNRESOLVED,mojo_opset/tests/accuracy/operators/test_normalization.py::test_layernorm_quant[dtype0-shape2],PASSED,
UNRESOLVED,mojo_opset/tests/accuracy/operators/test_normalization.py::test_layernorm_quant[dtype1-shape0],PASSED,
UNRESOLVED,mojo_opset/tests/accuracy/operators/test_normalization.py::test_layernorm_quant[dtype1-shape1],PASSED,
UNRESOLVED,mojo_opset/tests/accuracy/operators/test_normalization.py::test_layernorm_quant[dtype1-shape2],PASSED,
UNRESOLVED,mojo_opset/tests/accuracy/operators/test_normalization.py::test_residual_add_rmsnorm_quant[pre-dtype0-shape0],PASSED,
UNRESOLVED,mojo_opset/tests/accuracy/operators/test_normalization.py::test_residual_add_rmsnorm_quant[pre-dtype0-shape1],PASSED,
UNRESOLVED,mojo_opset/tests/accuracy/operators/test_normalization.py::test_residual_add_rmsnorm_quant[pre-dtype0-shape2],PASSED,
UNRESOLVED,mojo_opset/tests/accuracy/operators/test_normalization.py::test_residual_add_rmsnorm_quant[pre-dtype1-shape0],PASSED,
UNRESOLVED,mojo_opset/tests/accuracy/operators/test_normalization.py::test_residual_add_rmsnorm_quant[pre-dtype1-shape1],PASSED,
UNRESOLVED,mojo_opset/tests/accuracy/operators/test_normalization.py::test_residual_add_rmsnorm_quant[pre-dtype1-shape2],PASSED,
UNRESOLVED,mojo_opset/tests/accuracy/operators/test_normalization.py::test_residual_add_rmsnorm_quant[post-dtype0-shape0],PASSED,
UNRESOLVED,mojo_opset/tests/accuracy/operators/test_normalization.py::test_residual_add_rmsnorm_quant[post-dtype0-shape1],PASSED,
UNRESOLVED,mojo_opset/tests/accuracy/operators/test_normalization.py::test_residual_add_rmsnorm_quant[post-dtype0-shape2],PASSED,
UNRESOLVED,mojo_opset/tests/accuracy/operators/test_normalization.py::test_residual_add_rmsnorm_quant[post-dtype1-shape0],PASSED,
UNRESOLVED,mojo_opset/tests/accuracy/operators/test_normalization.py::test_residual_add_rmsnorm_quant[post-dtype1-shape1],PASSED,
UNRESOLVED,mojo_opset/tests/accuracy/operators/test_normalization.py::test_residual_add_rmsnorm_quant[post-dtype1-shape2],PASSED,
UNRESOLVED,mojo_opset/tests/accuracy/operators/test_normalization.py::test_residual_add_layernorm_quant[pre-dtype0-shape0],PASSED,
UNRESOLVED,mojo_opset/tests/accuracy/operators/test_normalization.py::test_residual_add_layernorm_quant[pre-dtype0-shape1],PASSED,
UNRESOLVED,mojo_opset/tests/accuracy/operators/test_normalization.py::test_residual_add_layernorm_quant[pre-dtype0-shape2],PASSED,
UNRESOLVED,mojo_opset/tests/accuracy/operators/test_normalization.py::test_residual_add_layernorm_quant[pre-dtype1-shape0],PASSED,
UNRESOLVED,mojo_opset/tests/accuracy/operators/test_normalization.py::test_residual_add_layernorm_quant[pre-dtype1-shape1],PASSED,
UNRESOLVED,mojo_opset/tests/accuracy/operators/test_normalization.py::test_residual_add_layernorm_quant[pre-dtype1-shape2],PASSED,
UNRESOLVED,mojo_opset/tests/accuracy/operators/test_normalization.py::test_residual_add_layernorm_quant[post-dtype0-shape0],PASSED,
UNRESOLVED,mojo_opset/tests/accuracy/operators/test_normalization.py::test_residual_add_layernorm_quant[post-dtype0-shape1],PASSED,
UNRESOLVED,mojo_opset/tests/accuracy/operators/test_normalization.py::test_residual_add_layernorm_quant[post-dtype0-shape2],PASSED,
UNRESOLVED,mojo_opset/tests/accuracy/operators/test_normalization.py::test_residual_add_layernorm_quant[post-dtype1-shape0],PASSED,
UNRESOLVED,mojo_opset/tests/accuracy/operators/test_normalization.py::test_residual_add_layernorm_quant[post-dtype1-shape1],PASSED,
UNRESOLVED,mojo_opset/tests/accuracy/operators/test_normalization.py::test_residual_add_layernorm_quant[post-dtype1-shape2],PASSED,
UNRESOLVED,mojo_opset/tests/accuracy/operators/test_normalization.py::test_rmsnorm_quant_fp8[dtype0-shape0],SKIPPED,float8_e4m3fn not supported on NPU; reference-only test requires CPU
UNRESOLVED,mojo_opset/tests/accuracy/operators/test_normalization.py::test_rmsnorm_quant_fp8[dtype0-shape1],SKIPPED,float8_e4m3fn not supported on NPU; reference-only test requires CPU
UNRESOLVED,mojo_opset/tests/accuracy/operators/test_normalization.py::test_rmsnorm_quant_fp8[dtype1-shape0],SKIPPED,float8_e4m3fn not supported on NPU; reference-only test requires CPU
UNRESOLVED,mojo_opset/tests/accuracy/operators/test_normalization.py::test_rmsnorm_quant_fp8[dtype1-shape1],SKIPPED,float8_e4m3fn not supported on NPU; reference-only test requires CPU
UNRESOLVED,mojo_opset/tests/accuracy/operators/test_normalization.py::test_layernorm_quant_fp8[dtype0-shape0],SKIPPED,float8_e4m3fn not supported on NPU; reference-only test requires CPU
UNRESOLVED,mojo_opset/tests/accuracy/operators/test_normalization.py::test_layernorm_quant_fp8[dtype0-shape1],SKIPPED,float8_e4m3fn not supported on NPU; reference-only test requires CPU
UNRESOLVED,mojo_opset/tests/accuracy/operators/test_normalization.py::test_layernorm_quant_fp8[dtype1-shape0],SKIPPED,float8_e4m3fn not supported on NPU; reference-only test requires CPU
UNRESOLVED,mojo_opset/tests/accuracy/operators/test_normalization.py::test_layernorm_quant_fp8[dtype1-shape1],SKIPPED,float8_e4m3fn not supported on NPU; reference-only test requires CPU
UNRESOLVED,mojo_opset/tests/accuracy/operators/test_normalization.py::test_residual_add_rmsnorm_quant_fp8[pre-dtype0-shape0],SKIPPED,float8_e4m3fn not supported on NPU; reference-only test requires CPU
UNRESOLVED,mojo_opset/tests/accuracy/operators/test_normalization.py::test_residual_add_rmsnorm_quant_fp8[pre-dtype1-shape0],SKIPPED,float8_e4m3fn not supported on NPU; reference-only test requires CPU
UNRESOLVED,mojo_opset/tests/accuracy/operators/test_normalization.py::test_residual_add_rmsnorm_quant_fp8[post-dtype0-shape0],SKIPPED,float8_e4m3fn not supported on NPU; reference-only test requires CPU
UNRESOLVED,mojo_opset/tests/accuracy/operators/test_normalization.py::test_residual_add_rmsnorm_quant_fp8[post-dtype1-shape0],SKIPPED,float8_e4m3fn not supported on NPU; reference-only test requires CPU
UNRESOLVED,mojo_opset/tests/accuracy/operators/test_normalization.py::test_residual_add_layernorm_quant_fp8[pre-dtype0-shape0],SKIPPED,float8_e4m3fn not supported on NPU; reference-only test requires CPU
UNRESOLVED,mojo_opset/tests/accuracy/operators/test_normalization.py::test_residual_add_layernorm_quant_fp8[pre-dtype1-shape0],SKIPPED,float8_e4m3fn not supported on NPU; reference-only test requires CPU
UNRESOLVED,mojo_opset/tests/accuracy/operators/test_normalization.py::test_residual_add_layernorm_quant_fp8[post-dtype0-shape0],SKIPPED,float8_e4m3fn not supported on NPU; reference-only test requires CPU
UNRESOLVED,mojo_opset/tests/accuracy/operators/test_normalization.py::test_residual_add_layernorm_quant_fp8[post-dtype1-shape0],SKIPPED,float8_e4m3fn not supported on NPU; reference-only test requires CPU
UNRESOLVED,mojo_opset/tests/accuracy/operators/test_normalization.py::test_normquant_unsupported_dtype_raises,PASSED,
n_gram_decode_kernel,mojo_opset/tests/accuracy/operators/test_over_encoding.py::TestRefOverEncodingBasic::test_n_gram_encoding,PASSED,
n_gram_prefill_kerenl,mojo_opset/tests/accuracy/operators/test_over_encoding.py::TestRefOverEncodingBasic::test_n_gram_encoding,PASSED,
n_gram_prefill_kerenl,mojo_opset/tests/accuracy/operators/test_over_encoding.py::TestRefOverEncodingBasic::test_n_gram_encoding_additional_shapes,PASSED,
n_gram_prefill_kerenl,mojo_opset/tests/accuracy/operators/test_over_encoding.py::TestRefOverEncodingBasic::test_n_gram_encoding_more_varlen_cases[97-oe_vocab_sizes0-n_grams0-q_lens0-oe_history0],PASSED,
n_gram_prefill_kerenl,mojo_opset/tests/accuracy/operators/test_over_encoding.py::TestRefOverEncodingBasic::test_n_gram_encoding_more_varlen_cases[193-oe_vocab_sizes1-n_grams1-q_lens1-oe_history1],PASSED,
n_gram_prefill_kerenl,mojo_opset/tests/accuracy/operators/test_over_encoding.py::TestRefOverEncodingBasic::test_n_gram_encoding_more_varlen_cases[257-oe_vocab_sizes2-n_grams2-q_lens2-oe_history2],PASSED,
n_gram_decode_kernel,mojo_opset/tests/accuracy/operators/test_over_encoding.py::TestRefOverEncodingBasic::test_over_encoding,PASSED,
n_gram_prefill_kerenl,mojo_opset/tests/accuracy/operators/test_over_encoding.py::TestRefOverEncodingBasic::test_over_encoding,PASSED,
n_gram_prefill_kerenl,mojo_opset/tests/accuracy/operators/test_over_encoding.py::TestRefOverEncodingParametrized::test_over_encoding_parametrized[1536-192-10086-oe_vocab_sizes0-n_grams0-input_ids0-q_lens0-oe_history_inputs0],PASSED,
n_gram_decode_kernel,mojo_opset/tests/accuracy/operators/test_over_encoding.py::TestRefOverEncodingParametrized::test_over_encoding_parametrized[1536-192-10086-oe_vocab_sizes0-n_grams0-input_ids1-None-oe_history_inputs1],PASSED,
UNRESOLVED,mojo_opset/tests/accuracy/operators/test_over_encoding.py::TestRefOverEncodingParametrized::test_over_encoding_additional_shapes[prefill-b3-len5-7-9],PASSED,
n_gram_decode_kernel,mojo_opset/tests/accuracy/operators/test_over_encoding.py::TestRefOverEncodingParametrized::test_over_encoding_additional_shapes[decode-b48-s1],PASSED,
embedding_nf4_dequant_kernel,mojo_opset/tests/accuracy/operators/test_over_encoding.py::TestRefOverEncodingParametrized::test_embedding_nf4_dequant_impl[128],PASSED,
embedding_nf4_dequant_kernel,mojo_opset/tests/accuracy/operators/test_over_encoding.py::TestRefOverEncodingParametrized::test_embedding_nf4_dequant_impl[1024],PASSED,
embedding_nf4_dequant_kernel,mojo_opset/tests/accuracy/operators/test_over_encoding.py::TestRefOverEncodingParametrized::test_embedding_nf4_dequant_impl[4096],PASSED,
embedding_nf4_dequant_kernel,mojo_opset/tests/accuracy/operators/test_over_encoding.py::TestRefOverEncodingParametrized::test_over_encoding_with_quantized_mega_embedding,PASSED,
n_gram_prefill_kerenl,mojo_opset/tests/accuracy/operators/test_over_encoding.py::TestRefOverEncodingParametrized::test_over_encoding_with_quantized_mega_embedding,PASSED,
over_encoding_decode_kernel,mojo_opset/tests/accuracy/operators/test_over_encoding.py::TestRefOverEncodingParametrized::test_over_encoding_with_quantized_mega_embedding,PASSED,
UNRESOLVED,mojo_opset/tests/accuracy/operators/test_over_encoding.py::TestRefOverEncodingParametrized::test_over_encoding_with_custom_weight_tensor[1536-192-10086-oe_vocab_sizes0-n_grams0-input_ids0-q_lens0-oe_history_inputs0],PASSED,
UNRESOLVED,mojo_opset/tests/accuracy/operators/test_over_encoding.py::TestRefOverEncodingParametrized::test_over_encoding_with_custom_weight_tensor[1536-192-10086-oe_vocab_sizes0-n_grams0-input_ids1-None-oe_history_inputs1],PASSED,
UNRESOLVED,mojo_opset/tests/accuracy/operators/test_position_embedding.py::test_rotary_embedding[padding_prefill-32-2048-1],PASSED,
UNRESOLVED,mojo_opset/tests/accuracy/operators/test_position_embedding.py::test_rotary_embedding[padding_prefill-32-2048-6],PASSED,
UNRESOLVED,mojo_opset/tests/accuracy/operators/test_position_embedding.py::test_rotary_embedding[padding_prefill-48-2048-1],PASSED,
UNRESOLVED,mojo_opset/tests/accuracy/operators/test_position_embedding.py::test_rotary_embedding[padding_prefill-48-2048-6],PASSED,
UNRESOLVED,mojo_opset/tests/accuracy/operators/test_position_embedding.py::test_rotary_embedding[padding_prefill-64-2048-1],PASSED,
UNRESOLVED,mojo_opset/tests/accuracy/operators/test_position_embedding.py::test_rotary_embedding[padding_prefill-64-2048-6],PASSED,
UNRESOLVED,mojo_opset/tests/accuracy/operators/test_position_embedding.py::test_rotary_embedding[padding_prefill-88-2048-1],PASSED,
UNRESOLVED,mojo_opset/tests/accuracy/operators/test_position_embedding.py::test_rotary_embedding[padding_prefill-88-2048-6],PASSED,
UNRESOLVED,mojo_opset/tests/accuracy/operators/test_position_embedding.py::test_rotary_embedding[padding_prefill-96-2048-1],PASSED,
UNRESOLVED,mojo_opset/tests/accuracy/operators/test_position_embedding.py::test_rotary_embedding[padding_prefill-96-2048-6],PASSED,
UNRESOLVED,mojo_opset/tests/accuracy/operators/test_position_embedding.py::test_rotary_embedding[padding_prefill-128-2048-1],PASSED,
UNRESOLVED,mojo_opset/tests/accuracy/operators/test_position_embedding.py::test_rotary_embedding[padding_prefill-128-2048-6],PASSED,
_rot_pos_embed_kernel,mojo_opset/tests/accuracy/operators/test_position_embedding.py::test_rotary_embedding[varlen_prefill-32-2048-1],PASSED,
UNRESOLVED,mojo_opset/tests/accuracy/operators/test_position_embedding.py::test_rotary_embedding[varlen_prefill-32-2048-6],PASSED,
_rot_pos_embed_kernel,mojo_opset/tests/accuracy/operators/test_position_embedding.py::test_rotary_embedding[varlen_prefill-48-2048-1],PASSED,
UNRESOLVED,mojo_opset/tests/accuracy/operators/test_position_embedding.py::test_rotary_embedding[varlen_prefill-48-2048-6],PASSED,
_rot_pos_embed_kernel,mojo_opset/tests/accuracy/operators/test_position_embedding.py::test_rotary_embedding[varlen_prefill-64-2048-1],PASSED,
UNRESOLVED,mojo_opset/tests/accuracy/operators/test_position_embedding.py::test_rotary_embedding[varlen_prefill-64-2048-6],PASSED,
_rot_pos_embed_kernel,mojo_opset/tests/accuracy/operators/test_position_embedding.py::test_rotary_embedding[varlen_prefill-88-2048-1],PASSED,
UNRESOLVED,mojo_opset/tests/accuracy/operators/test_position_embedding.py::test_rotary_embedding[varlen_prefill-88-2048-6],PASSED,
_rot_pos_embed_kernel,mojo_opset/tests/accuracy/operators/test_position_embedding.py::test_rotary_embedding[varlen_prefill-96-2048-1],PASSED,
UNRESOLVED,mojo_opset/tests/accuracy/operators/test_position_embedding.py::test_rotary_embedding[varlen_prefill-96-2048-6],PASSED,
_rot_pos_embed_kernel,mojo_opset/tests/accuracy/operators/test_position_embedding.py::test_rotary_embedding[varlen_prefill-128-2048-1],PASSED,
UNRESOLVED,mojo_opset/tests/accuracy/operators/test_position_embedding.py::test_rotary_embedding[varlen_prefill-128-2048-6],PASSED,
UNRESOLVED,mojo_opset/tests/accuracy/operators/test_position_embedding.py::test_rotary_embedding[decode-32-2048-1],PASSED,
UNRESOLVED,mojo_opset/tests/accuracy/operators/test_position_embedding.py::test_rotary_embedding[decode-32-2048-6],PASSED,
UNRESOLVED,mojo_opset/tests/accuracy/operators/test_position_embedding.py::test_rotary_embedding[decode-48-2048-1],PASSED,
UNRESOLVED,mojo_opset/tests/accuracy/operators/test_position_embedding.py::test_rotary_embedding[decode-48-2048-6],PASSED,
UNRESOLVED,mojo_opset/tests/accuracy/operators/test_position_embedding.py::test_rotary_embedding[decode-64-2048-1],PASSED,
UNRESOLVED,mojo_opset/tests/accuracy/operators/test_position_embedding.py::test_rotary_embedding[decode-64-2048-6],PASSED,
UNRESOLVED,mojo_opset/tests/accuracy/operators/test_position_embedding.py::test_rotary_embedding[decode-88-2048-1],PASSED,
UNRESOLVED,mojo_opset/tests/accuracy/operators/test_position_embedding.py::test_rotary_embedding[decode-88-2048-6],PASSED,
UNRESOLVED,mojo_opset/tests/accuracy/operators/test_position_embedding.py::test_rotary_embedding[decode-96-2048-1],PASSED,
UNRESOLVED,mojo_opset/tests/accuracy/operators/test_position_embedding.py::test_rotary_embedding[decode-96-2048-6],PASSED,
UNRESOLVED,mojo_opset/tests/accuracy/operators/test_position_embedding.py::test_rotary_embedding[decode-128-2048-1],PASSED,
UNRESOLVED,mojo_opset/tests/accuracy/operators/test_position_embedding.py::test_rotary_embedding[decode-128-2048-6],PASSED,
_rope_kernel,mojo_opset/tests/accuracy/operators/test_position_embedding.py::test_apply_rope[padding_prefill_pos2d-dtype0-32-8-True-96-1.0-1-124],PASSED,
_rope_kernel,mojo_opset/tests/accuracy/operators/test_position_embedding.py::test_apply_rope[padding_prefill_pos2d-dtype0-32-8-True-96-1.0-6-555],PASSED,
UNRESOLVED,mojo_opset/tests/accuracy/operators/test_position_embedding.py::test_apply_rope[padding_prefill_pos2d-dtype0-32-8-True-96-1.0-2-2048],PASSED,
_rope_kernel,mojo_opset/tests/accuracy/operators/test_position_embedding.py::test_apply_rope[padding_prefill_pos2d-dtype1-8-2-False-96-0.3333333333333333-1-124],PASSED,
_rope_kernel,mojo_opset/tests/accuracy/operators/test_position_embedding.py::test_apply_rope[padding_prefill_pos2d-dtype1-8-2-False-96-0.3333333333333333-6-555],PASSED,
UNRESOLVED,mojo_opset/tests/accuracy/operators/test_position_embedding.py::test_apply_rope[padding_prefill_pos2d-dtype1-8-2-False-96-0.3333333333333333-2-2048],PASSED,
_rope_kernel,mojo_opset/tests/accuracy/operators/test_position_embedding.py::test_apply_rope[padding_prefill_pos2d-dtype2-16-8-True-128-1.0-1-124],PASSED,
_rope_kernel,mojo_opset/tests/accuracy/operators/test_position_embedding.py::test_apply_rope[padding_prefill_pos2d-dtype2-16-8-True-128-1.0-6-555],PASSED,
UNRESOLVED,mojo_opset/tests/accuracy/operators/test_position_embedding.py::test_apply_rope[padding_prefill_pos2d-dtype2-16-8-True-128-1.0-2-2048],PASSED,
_rope_kernel,mojo_opset/tests/accuracy/operators/test_position_embedding.py::test_apply_rope[padding_prefill_pos2d-dtype3-64-8-False-88-1.0-1-124],PASSED,
_rope_kernel,mojo_opset/tests/accuracy/operators/test_position_embedding.py::test_apply_rope[padding_prefill_pos2d-dtype3-64-8-False-88-1.0-6-555],PASSED,
UNRESOLVED,mojo_opset/tests/accuracy/operators/test_position_embedding.py::test_apply_rope[padding_prefill_pos2d-dtype3-64-8-False-88-1.0-2-2048],PASSED,
_rope_kernel,mojo_opset/tests/accuracy/operators/test_position_embedding.py::test_apply_rope[padding_prefill_pos2d-dtype4-64-4-True-128-0.375-1-124],PASSED,
_rope_kernel,mojo_opset/tests/accuracy/operators/test_position_embedding.py::test_apply_rope[padding_prefill_pos2d-dtype4-64-4-True-128-0.375-6-555],PASSED,
UNRESOLVED,mojo_opset/tests/accuracy/operators/test_position_embedding.py::test_apply_rope[padding_prefill_pos2d-dtype4-64-4-True-128-0.375-2-2048],PASSED,
UNRESOLVED,mojo_opset/tests/accuracy/operators/test_position_embedding.py::test_apply_rope[padding_prefill_pos3d-dtype0-32-8-True-96-1.0-1-124],PASSED,
UNRESOLVED,mojo_opset/tests/accuracy/operators/test_position_embedding.py::test_apply_rope[padding_prefill_pos3d-dtype0-32-8-True-96-1.0-6-555],PASSED,
UNRESOLVED,mojo_opset/tests/accuracy/operators/test_position_embedding.py::test_apply_rope[padding_prefill_pos3d-dtype0-32-8-True-96-1.0-2-2048],PASSED,
UNRESOLVED,mojo_opset/tests/accuracy/operators/test_position_embedding.py::test_apply_rope[padding_prefill_pos3d-dtype1-8-2-False-96-0.3333333333333333-1-124],PASSED,
UNRESOLVED,mojo_opset/tests/accuracy/operators/test_position_embedding.py::test_apply_rope[padding_prefill_pos3d-dtype1-8-2-False-96-0.3333333333333333-6-555],PASSED,
UNRESOLVED,mojo_opset/tests/accuracy/operators/test_position_embedding.py::test_apply_rope[padding_prefill_pos3d-dtype1-8-2-False-96-0.3333333333333333-2-2048],PASSED,
UNRESOLVED,mojo_opset/tests/accuracy/operators/test_position_embedding.py::test_apply_rope[padding_prefill_pos3d-dtype2-16-8-True-128-1.0-1-124],PASSED,
UNRESOLVED,mojo_opset/tests/accuracy/operators/test_position_embedding.py::test_apply_rope[padding_prefill_pos3d-dtype2-16-8-True-128-1.0-6-555],PASSED,
UNRESOLVED,mojo_opset/tests/accuracy/operators/test_position_embedding.py::test_apply_rope[padding_prefill_pos3d-dtype2-16-8-True-128-1.0-2-2048],PASSED,
UNRESOLVED,mojo_opset/tests/accuracy/operators/test_position_embedding.py::test_apply_rope[padding_prefill_pos3d-dtype3-64-8-False-88-1.0-1-124],PASSED,
UNRESOLVED,mojo_opset/tests/accuracy/operators/test_position_embedding.py::test_apply_rope[padding_prefill_pos3d-dtype3-64-8-False-88-1.0-6-555],PASSED,
UNRESOLVED,mojo_opset/tests/accuracy/operators/test_position_embedding.py::test_apply_rope[padding_prefill_pos3d-dtype3-64-8-False-88-1.0-2-2048],PASSED,
UNRESOLVED,mojo_opset/tests/accuracy/operators/test_position_embedding.py::test_apply_rope[padding_prefill_pos3d-dtype4-64-4-True-128-0.375-1-124],PASSED,
UNRESOLVED,mojo_opset/tests/accuracy/operators/test_position_embedding.py::test_apply_rope[padding_prefill_pos3d-dtype4-64-4-True-128-0.375-6-555],PASSED,
UNRESOLVED,mojo_opset/tests/accuracy/operators/test_position_embedding.py::test_apply_rope[padding_prefill_pos3d-dtype4-64-4-True-128-0.375-2-2048],PASSED,
UNRESOLVED,mojo_opset/tests/accuracy/operators/test_position_embedding.py::test_apply_rope[varlen_prefill-dtype0-32-8-True-96-1.0-1-124],PASSED,
UNRESOLVED,mojo_opset/tests/accuracy/operators/test_position_embedding.py::test_apply_rope[varlen_prefill-dtype0-32-8-True-96-1.0-6-555],PASSED,
UNRESOLVED,mojo_opset/tests/accuracy/operators/test_position_embedding.py::test_apply_rope[varlen_prefill-dtype0-32-8-True-96-1.0-2-2048],PASSED,
UNRESOLVED,mojo_opset/tests/accuracy/operators/test_position_embedding.py::test_apply_rope[varlen_prefill-dtype1-8-2-False-96-0.3333333333333333-1-124],PASSED,
UNRESOLVED,mojo_opset/tests/accuracy/operators/test_position_embedding.py::test_apply_rope[varlen_prefill-dtype1-8-2-False-96-0.3333333333333333-6-555],PASSED,
UNRESOLVED,mojo_opset/tests/accuracy/operators/test_position_embedding.py::test_apply_rope[varlen_prefill-dtype1-8-2-False-96-0.3333333333333333-2-2048],PASSED,
UNRESOLVED,mojo_opset/tests/accuracy/operators/test_position_embedding.py::test_apply_rope[varlen_prefill-dtype2-16-8-True-128-1.0-1-124],PASSED,
UNRESOLVED,mojo_opset/tests/accuracy/operators/test_position_embedding.py::test_apply_rope[varlen_prefill-dtype2-16-8-True-128-1.0-6-555],PASSED,
UNRESOLVED,mojo_opset/tests/accuracy/operators/test_position_embedding.py::test_apply_rope[varlen_prefill-dtype2-16-8-True-128-1.0-2-2048],PASSED,
UNRESOLVED,mojo_opset/tests/accuracy/operators/test_position_embedding.py::test_apply_rope[varlen_prefill-dtype3-64-8-False-88-1.0-1-124],PASSED,
UNRESOLVED,mojo_opset/tests/accuracy/operators/test_position_embedding.py::test_apply_rope[varlen_prefill-dtype3-64-8-False-88-1.0-6-555],PASSED,
UNRESOLVED,mojo_opset/tests/accuracy/operators/test_position_embedding.py::test_apply_rope[varlen_prefill-dtype3-64-8-False-88-1.0-2-2048],PASSED,
UNRESOLVED,mojo_opset/tests/accuracy/operators/test_position_embedding.py::test_apply_rope[varlen_prefill-dtype4-64-4-True-128-0.375-1-124],PASSED,
UNRESOLVED,mojo_opset/tests/accuracy/operators/test_position_embedding.py::test_apply_rope[varlen_prefill-dtype4-64-4-True-128-0.375-6-555],PASSED,
UNRESOLVED,mojo_opset/tests/accuracy/operators/test_position_embedding.py::test_apply_rope[varlen_prefill-dtype4-64-4-True-128-0.375-2-2048],PASSED,
UNRESOLVED,mojo_opset/tests/accuracy/operators/test_position_embedding.py::test_apply_rope[decode-dtype0-32-8-True-96-1.0-1-124],PASSED,
UNRESOLVED,mojo_opset/tests/accuracy/operators/test_position_embedding.py::test_apply_rope[decode-dtype0-32-8-True-96-1.0-6-555],PASSED,
UNRESOLVED,mojo_opset/tests/accuracy/operators/test_position_embedding.py::test_apply_rope[decode-dtype0-32-8-True-96-1.0-2-2048],PASSED,
UNRESOLVED,mojo_opset/tests/accuracy/operators/test_position_embedding.py::test_apply_rope[decode-dtype1-8-2-False-96-0.3333333333333333-1-124],PASSED,
UNRESOLVED,mojo_opset/tests/accuracy/operators/test_position_embedding.py::test_apply_rope[decode-dtype1-8-2-False-96-0.3333333333333333-6-555],PASSED,
UNRESOLVED,mojo_opset/tests/accuracy/operators/test_position_embedding.py::test_apply_rope[decode-dtype1-8-2-False-96-0.3333333333333333-2-2048],PASSED,
UNRESOLVED,mojo_opset/tests/accuracy/operators/test_position_embedding.py::test_apply_rope[decode-dtype2-16-8-True-128-1.0-1-124],PASSED,
UNRESOLVED,mojo_opset/tests/accuracy/operators/test_position_embedding.py::test_apply_rope[decode-dtype2-16-8-True-128-1.0-6-555],PASSED,
UNRESOLVED,mojo_opset/tests/accuracy/operators/test_position_embedding.py::test_apply_rope[decode-dtype2-16-8-True-128-1.0-2-2048],PASSED,
UNRESOLVED,mojo_opset/tests/accuracy/operators/test_position_embedding.py::test_apply_rope[decode-dtype3-64-8-False-88-1.0-1-124],PASSED,
UNRESOLVED,mojo_opset/tests/accuracy/operators/test_position_embedding.py::test_apply_rope[decode-dtype3-64-8-False-88-1.0-6-555],PASSED,
UNRESOLVED,mojo_opset/tests/accuracy/operators/test_position_embedding.py::test_apply_rope[decode-dtype3-64-8-False-88-1.0-2-2048],PASSED,
UNRESOLVED,mojo_opset/tests/accuracy/operators/test_position_embedding.py::test_apply_rope[decode-dtype4-64-4-True-128-0.375-1-124],PASSED,
UNRESOLVED,mojo_opset/tests/accuracy/operators/test_position_embedding.py::test_apply_rope[decode-dtype4-64-4-True-128-0.375-6-555],PASSED,
UNRESOLVED,mojo_opset/tests/accuracy/operators/test_position_embedding.py::test_apply_rope[decode-dtype4-64-4-True-128-0.375-2-2048],PASSED,
UNRESOLVED,mojo_opset/tests/accuracy/operators/test_position_embedding.py::test_grid_pos_emb[dtype0-4-grid0-8-64-10],SKIPPED,"No dedicated backend for TorchGridRoPE; both operands resolve to the same implementation, skipping comparison.If you are running tests, check whether the tests are decorated with @bypass_not_implemented."
UNRESOLVED,mojo_opset/tests/accuracy/operators/test_position_embedding.py::test_grid_pos_emb[dtype0-2-grid1-16-128-5],SKIPPED,"No dedicated backend for TorchGridRoPE; both operands resolve to the same implementation, skipping comparison.If you are running tests, check whether the tests are decorated with @bypass_not_implemented."
UNRESOLVED,mojo_opset/tests/accuracy/operators/test_position_embedding.py::test_grid_pos_emb[dtype0-3-grid2-4-64-3],SKIPPED,"No dedicated backend for TorchGridRoPE; both operands resolve to the same implementation, skipping comparison.If you are running tests, check whether the tests are decorated with @bypass_not_implemented."
UNRESOLVED,mojo_opset/tests/accuracy/operators/test_position_embedding.py::test_grid_pos_emb[dtype1-4-grid0-8-64-10],SKIPPED,"No dedicated backend for TorchGridRoPE; both operands resolve to the same implementation, skipping comparison.If you are running tests, check whether the tests are decorated with @bypass_not_implemented."
UNRESOLVED,mojo_opset/tests/accuracy/operators/test_position_embedding.py::test_grid_pos_emb[dtype1-2-grid1-16-128-5],SKIPPED,"No dedicated backend for TorchGridRoPE; both operands resolve to the same implementation, skipping comparison.If you are running tests, check whether the tests are decorated with @bypass_not_implemented."
UNRESOLVED,mojo_opset/tests/accuracy/operators/test_position_embedding.py::test_grid_pos_emb[dtype1-3-grid2-4-64-3],SKIPPED,"No dedicated backend for TorchGridRoPE; both operands resolve to the same implementation, skipping comparison.If you are running tests, check whether the tests are decorated with @bypass_not_implemented."
_triton_mrope_kernel,mojo_opset/tests/accuracy/operators/test_position_embedding.py::test_mrope_qwen_models[dtype0-128-28-4-mrope_section0-False-Qwen2-VL-7B-1],PASSED,
_triton_mrope_kernel,mojo_opset/tests/accuracy/operators/test_position_embedding.py::test_mrope_qwen_models[dtype0-128-28-4-mrope_section0-False-Qwen2-VL-7B-32],PASSED,
UNRESOLVED,mojo_opset/tests/accuracy/operators/test_position_embedding.py::test_mrope_qwen_models[dtype0-128-28-4-mrope_section0-False-Qwen2-VL-7B-128],PASSED,
_triton_mrope_kernel,mojo_opset/tests/accuracy/operators/test_position_embedding.py::test_mrope_qwen_models[dtype0-128-40-8-mrope_section1-False-Qwen2.5-VL-32B-1],PASSED,
_triton_mrope_kernel,mojo_opset/tests/accuracy/operators/test_position_embedding.py::test_mrope_qwen_models[dtype0-128-40-8-mrope_section1-False-Qwen2.5-VL-32B-32],PASSED,
UNRESOLVED,mojo_opset/tests/accuracy/operators/test_position_embedding.py::test_mrope_qwen_models[dtype0-128-40-8-mrope_section1-False-Qwen2.5-VL-32B-128],PASSED,
_triton_mrope_kernel,mojo_opset/tests/accuracy/operators/test_position_embedding.py::test_mrope_qwen_models[dtype0-128-16-8-mrope_section2-True-Qwen3-VL-2B-1],PASSED,
_triton_mrope_kernel,mojo_opset/tests/accuracy/operators/test_position_embedding.py::test_mrope_qwen_models[dtype0-128-16-8-mrope_section2-True-Qwen3-VL-2B-32],PASSED,
UNRESOLVED,mojo_opset/tests/accuracy/operators/test_position_embedding.py::test_mrope_qwen_models[dtype0-128-16-8-mrope_section2-True-Qwen3-VL-2B-128],PASSED,
_triton_mrope_kernel,mojo_opset/tests/accuracy/operators/test_position_embedding.py::test_mrope_qwen_models[dtype0-128-32-8-mrope_section3-True-Qwen3-VL-8B-1],PASSED,
_triton_mrope_kernel,mojo_opset/tests/accuracy/operators/test_position_embedding.py::test_mrope_qwen_models[dtype0-128-32-8-mrope_section3-True-Qwen3-VL-8B-32],PASSED,
UNRESOLVED,mojo_opset/tests/accuracy/operators/test_position_embedding.py::test_mrope_qwen_models[dtype0-128-32-8-mrope_section3-True-Qwen3-VL-8B-128],PASSED,
_triton_mrope_kernel,mojo_opset/tests/accuracy/operators/test_position_embedding.py::test_mrope_qwen_models[dtype1-128-28-4-mrope_section0-False-Qwen2-VL-7B-1],PASSED,
_triton_mrope_kernel,mojo_opset/tests/accuracy/operators/test_position_embedding.py::test_mrope_qwen_models[dtype1-128-28-4-mrope_section0-False-Qwen2-VL-7B-32],PASSED,
UNRESOLVED,mojo_opset/tests/accuracy/operators/test_position_embedding.py::test_mrope_qwen_models[dtype1-128-28-4-mrope_section0-False-Qwen2-VL-7B-128],PASSED,
_triton_mrope_kernel,mojo_opset/tests/accuracy/operators/test_position_embedding.py::test_mrope_qwen_models[dtype1-128-40-8-mrope_section1-False-Qwen2.5-VL-32B-1],PASSED,
_triton_mrope_kernel,mojo_opset/tests/accuracy/operators/test_position_embedding.py::test_mrope_qwen_models[dtype1-128-40-8-mrope_section1-False-Qwen2.5-VL-32B-32],PASSED,
UNRESOLVED,mojo_opset/tests/accuracy/operators/test_position_embedding.py::test_mrope_qwen_models[dtype1-128-40-8-mrope_section1-False-Qwen2.5-VL-32B-128],PASSED,
_triton_mrope_kernel,mojo_opset/tests/accuracy/operators/test_position_embedding.py::test_mrope_qwen_models[dtype1-128-16-8-mrope_section2-True-Qwen3-VL-2B-1],PASSED,
_triton_mrope_kernel,mojo_opset/tests/accuracy/operators/test_position_embedding.py::test_mrope_qwen_models[dtype1-128-16-8-mrope_section2-True-Qwen3-VL-2B-32],PASSED,
UNRESOLVED,mojo_opset/tests/accuracy/operators/test_position_embedding.py::test_mrope_qwen_models[dtype1-128-16-8-mrope_section2-True-Qwen3-VL-2B-128],PASSED,
_triton_mrope_kernel,mojo_opset/tests/accuracy/operators/test_position_embedding.py::test_mrope_qwen_models[dtype1-128-32-8-mrope_section3-True-Qwen3-VL-8B-1],PASSED,
_triton_mrope_kernel,mojo_opset/tests/accuracy/operators/test_position_embedding.py::test_mrope_qwen_models[dtype1-128-32-8-mrope_section3-True-Qwen3-VL-8B-32],PASSED,
UNRESOLVED,mojo_opset/tests/accuracy/operators/test_position_embedding.py::test_mrope_qwen_models[dtype1-128-32-8-mrope_section3-True-Qwen3-VL-8B-128],PASSED,
UNRESOLVED,mojo_opset/tests/accuracy/operators/test_position_embedding.py::test_mrope_qwen_models_inplace[True-dtype0-128-28-4-mrope_section0-False-Qwen2-VL-7B-1],PASSED,
UNRESOLVED,mojo_opset/tests/accuracy/operators/test_position_embedding.py::test_mrope_qwen_models_inplace[True-dtype0-128-28-4-mrope_section0-False-Qwen2-VL-7B-32],PASSED,
UNRESOLVED,mojo_opset/tests/accuracy/operators/test_position_embedding.py::test_mrope_qwen_models_inplace[True-dtype0-128-28-4-mrope_section0-False-Qwen2-VL-7B-128],PASSED,
UNRESOLVED,mojo_opset/tests/accuracy/operators/test_position_embedding.py::test_mrope_qwen_models_inplace[True-dtype0-128-40-8-mrope_section1-False-Qwen2.5-VL-32B-1],PASSED,
UNRESOLVED,mojo_opset/tests/accuracy/operators/test_position_embedding.py::test_mrope_qwen_models_inplace[True-dtype0-128-40-8-mrope_section1-False-Qwen2.5-VL-32B-32],PASSED,
UNRESOLVED,mojo_opset/tests/accuracy/operators/test_position_embedding.py::test_mrope_qwen_models_inplace[True-dtype0-128-40-8-mrope_section1-False-Qwen2.5-VL-32B-128],PASSED,
UNRESOLVED,mojo_opset/tests/accuracy/operators/test_position_embedding.py::test_mrope_qwen_models_inplace[True-dtype0-128-16-8-mrope_section2-True-Qwen3-VL-2B-1],PASSED,
UNRESOLVED,mojo_opset/tests/accuracy/operators/test_position_embedding.py::test_mrope_qwen_models_inplace[True-dtype0-128-16-8-mrope_section2-True-Qwen3-VL-2B-32],PASSED,
UNRESOLVED,mojo_opset/tests/accuracy/operators/test_position_embedding.py::test_mrope_qwen_models_inplace[True-dtype0-128-16-8-mrope_section2-True-Qwen3-VL-2B-128],PASSED,
UNRESOLVED,mojo_opset/tests/accuracy/operators/test_position_embedding.py::test_mrope_qwen_models_inplace[True-dtype0-128-32-8-mrope_section3-True-Qwen3-VL-8B-1],PASSED,
UNRESOLVED,mojo_opset/tests/accuracy/operators/test_position_embedding.py::test_mrope_qwen_models_inplace[True-dtype0-128-32-8-mrope_section3-True-Qwen3-VL-8B-32],PASSED,
UNRESOLVED,mojo_opset/tests/accuracy/operators/test_position_embedding.py::test_mrope_qwen_models_inplace[True-dtype0-128-32-8-mrope_section3-True-Qwen3-VL-8B-128],PASSED,
UNRESOLVED,mojo_opset/tests/accuracy/operators/test_position_embedding.py::test_mrope_qwen_models_inplace[True-dtype1-128-28-4-mrope_section0-False-Qwen2-VL-7B-1],PASSED,
UNRESOLVED,mojo_opset/tests/accuracy/operators/test_position_embedding.py::test_mrope_qwen_models_inplace[True-dtype1-128-28-4-mrope_section0-False-Qwen2-VL-7B-32],PASSED,
UNRESOLVED,mojo_opset/tests/accuracy/operators/test_position_embedding.py::test_mrope_qwen_models_inplace[True-dtype1-128-28-4-mrope_section0-False-Qwen2-VL-7B-128],PASSED,
UNRESOLVED,mojo_opset/tests/accuracy/operators/test_position_embedding.py::test_mrope_qwen_models_inplace[True-dtype1-128-40-8-mrope_section1-False-Qwen2.5-VL-32B-1],PASSED,
UNRESOLVED,mojo_opset/tests/accuracy/operators/test_position_embedding.py::test_mrope_qwen_models_inplace[True-dtype1-128-40-8-mrope_section1-False-Qwen2.5-VL-32B-32],PASSED,
UNRESOLVED,mojo_opset/tests/accuracy/operators/test_position_embedding.py::test_mrope_qwen_models_inplace[True-dtype1-128-40-8-mrope_section1-False-Qwen2.5-VL-32B-128],PASSED,
UNRESOLVED,mojo_opset/tests/accuracy/operators/test_position_embedding.py::test_mrope_qwen_models_inplace[True-dtype1-128-16-8-mrope_section2-True-Qwen3-VL-2B-1],PASSED,
UNRESOLVED,mojo_opset/tests/accuracy/operators/test_position_embedding.py::test_mrope_qwen_models_inplace[True-dtype1-128-16-8-mrope_section2-True-Qwen3-VL-2B-32],PASSED,
UNRESOLVED,mojo_opset/tests/accuracy/operators/test_position_embedding.py::test_mrope_qwen_models_inplace[True-dtype1-128-16-8-mrope_section2-True-Qwen3-VL-2B-128],PASSED,
UNRESOLVED,mojo_opset/tests/accuracy/operators/test_position_embedding.py::test_mrope_qwen_models_inplace[True-dtype1-128-32-8-mrope_section3-True-Qwen3-VL-8B-1],PASSED,
UNRESOLVED,mojo_opset/tests/accuracy/operators/test_position_embedding.py::test_mrope_qwen_models_inplace[True-dtype1-128-32-8-mrope_section3-True-Qwen3-VL-8B-32],PASSED,
UNRESOLVED,mojo_opset/tests/accuracy/operators/test_position_embedding.py::test_mrope_qwen_models_inplace[True-dtype1-128-32-8-mrope_section3-True-Qwen3-VL-8B-128],PASSED,
_triton_mrope_kernel,mojo_opset/tests/accuracy/operators/test_position_embedding.py::test_mrope_partial_rotation[False-dtype0-128-mrope_section0-partial_rotation_50pct-32-4-16],PASSED,
UNRESOLVED,mojo_opset/tests/accuracy/operators/test_position_embedding.py::test_mrope_partial_rotation[False-dtype0-128-mrope_section0-partial_rotation_50pct-32-4-64],PASSED,
_triton_mrope_kernel,mojo_opset/tests/accuracy/operators/test_position_embedding.py::test_mrope_partial_rotation[False-dtype0-128-mrope_section0-partial_rotation_50pct-64-8-16],PASSED,
UNRESOLVED,mojo_opset/tests/accuracy/operators/test_position_embedding.py::test_mrope_partial_rotation[False-dtype0-128-mrope_section0-partial_rotation_50pct-64-8-64],PASSED,
_triton_mrope_kernel,mojo_opset/tests/accuracy/operators/test_position_embedding.py::test_mrope_partial_rotation[False-dtype0-128-mrope_section1-partial_rotation_75pct-32-4-16],PASSED,
UNRESOLVED,mojo_opset/tests/accuracy/operators/test_position_embedding.py::test_mrope_partial_rotation[False-dtype0-128-mrope_section1-partial_rotation_75pct-32-4-64],PASSED,
_triton_mrope_kernel,mojo_opset/tests/accuracy/operators/test_position_embedding.py::test_mrope_partial_rotation[False-dtype0-128-mrope_section1-partial_rotation_75pct-64-8-16],PASSED,
UNRESOLVED,mojo_opset/tests/accuracy/operators/test_position_embedding.py::test_mrope_partial_rotation[False-dtype0-128-mrope_section1-partial_rotation_75pct-64-8-64],PASSED,
_triton_mrope_kernel,mojo_opset/tests/accuracy/operators/test_position_embedding.py::test_mrope_partial_rotation[False-dtype0-96-mrope_section2-small_head_full_rotation-32-4-16],PASSED,
UNRESOLVED,mojo_opset/tests/accuracy/operators/test_position_embedding.py::test_mrope_partial_rotation[False-dtype0-96-mrope_section2-small_head_full_rotation-32-4-64],PASSED,
_triton_mrope_kernel,mojo_opset/tests/accuracy/operators/test_position_embedding.py::test_mrope_partial_rotation[False-dtype0-96-mrope_section2-small_head_full_rotation-64-8-16],PASSED,
UNRESOLVED,mojo_opset/tests/accuracy/operators/test_position_embedding.py::test_mrope_partial_rotation[False-dtype0-96-mrope_section2-small_head_full_rotation-64-8-64],PASSED,
_triton_mrope_kernel,mojo_opset/tests/accuracy/operators/test_position_embedding.py::test_mrope_partial_rotation[False-dtype1-128-mrope_section0-partial_rotation_50pct-32-4-16],PASSED,
UNRESOLVED,mojo_opset/tests/accuracy/operators/test_position_embedding.py::test_mrope_partial_rotation[False-dtype1-128-mrope_section0-partial_rotation_50pct-32-4-64],PASSED,
_triton_mrope_kernel,mojo_opset/tests/accuracy/operators/test_position_embedding.py::test_mrope_partial_rotation[False-dtype1-128-mrope_section0-partial_rotation_50pct-64-8-16],PASSED,
UNRESOLVED,mojo_opset/tests/accuracy/operators/test_position_embedding.py::test_mrope_partial_rotation[False-dtype1-128-mrope_section0-partial_rotation_50pct-64-8-64],PASSED,
_triton_mrope_kernel,mojo_opset/tests/accuracy/operators/test_position_embedding.py::test_mrope_partial_rotation[False-dtype1-128-mrope_section1-partial_rotation_75pct-32-4-16],PASSED,
UNRESOLVED,mojo_opset/tests/accuracy/operators/test_position_embedding.py::test_mrope_partial_rotation[False-dtype1-128-mrope_section1-partial_rotation_75pct-32-4-64],PASSED,
_triton_mrope_kernel,mojo_opset/tests/accuracy/operators/test_position_embedding.py::test_mrope_partial_rotation[False-dtype1-128-mrope_section1-partial_rotation_75pct-64-8-16],PASSED,
UNRESOLVED,mojo_opset/tests/accuracy/operators/test_position_embedding.py::test_mrope_partial_rotation[False-dtype1-128-mrope_section1-partial_rotation_75pct-64-8-64],PASSED,
_triton_mrope_kernel,mojo_opset/tests/accuracy/operators/test_position_embedding.py::test_mrope_partial_rotation[False-dtype1-96-mrope_section2-small_head_full_rotation-32-4-16],PASSED,
UNRESOLVED,mojo_opset/tests/accuracy/operators/test_position_embedding.py::test_mrope_partial_rotation[False-dtype1-96-mrope_section2-small_head_full_rotation-32-4-64],PASSED,
_triton_mrope_kernel,mojo_opset/tests/accuracy/operators/test_position_embedding.py::test_mrope_partial_rotation[False-dtype1-96-mrope_section2-small_head_full_rotation-64-8-16],PASSED,
UNRESOLVED,mojo_opset/tests/accuracy/operators/test_position_embedding.py::test_mrope_partial_rotation[False-dtype1-96-mrope_section2-small_head_full_rotation-64-8-64],PASSED,
UNRESOLVED,mojo_opset/tests/accuracy/operators/test_position_embedding.py::test_mrope_partial_rotation_inplace[True-False-dtype0-128-mrope_section0-partial_rotation_50pct-32-4-16],PASSED,
UNRESOLVED,mojo_opset/tests/accuracy/operators/test_position_embedding.py::test_mrope_partial_rotation_inplace[True-False-dtype0-128-mrope_section0-partial_rotation_50pct-32-4-64],PASSED,
UNRESOLVED,mojo_opset/tests/accuracy/operators/test_position_embedding.py::test_mrope_partial_rotation_inplace[True-False-dtype0-128-mrope_section0-partial_rotation_50pct-64-8-16],PASSED,
UNRESOLVED,mojo_opset/tests/accuracy/operators/test_position_embedding.py::test_mrope_partial_rotation_inplace[True-False-dtype0-128-mrope_section0-partial_rotation_50pct-64-8-64],PASSED,
UNRESOLVED,mojo_opset/tests/accuracy/operators/test_position_embedding.py::test_mrope_partial_rotation_inplace[True-False-dtype0-128-mrope_section1-partial_rotation_75pct-32-4-16],PASSED,
UNRESOLVED,mojo_opset/tests/accuracy/operators/test_position_embedding.py::test_mrope_partial_rotation_inplace[True-False-dtype0-128-mrope_section1-partial_rotation_75pct-32-4-64],PASSED,
UNRESOLVED,mojo_opset/tests/accuracy/operators/test_position_embedding.py::test_mrope_partial_rotation_inplace[True-False-dtype0-128-mrope_section1-partial_rotation_75pct-64-8-16],PASSED,
UNRESOLVED,mojo_opset/tests/accuracy/operators/test_position_embedding.py::test_mrope_partial_rotation_inplace[True-False-dtype0-128-mrope_section1-partial_rotation_75pct-64-8-64],PASSED,
UNRESOLVED,mojo_opset/tests/accuracy/operators/test_position_embedding.py::test_mrope_partial_rotation_inplace[True-False-dtype0-96-mrope_section2-small_head_full_rotation-32-4-16],PASSED,
UNRESOLVED,mojo_opset/tests/accuracy/operators/test_position_embedding.py::test_mrope_partial_rotation_inplace[True-False-dtype0-96-mrope_section2-small_head_full_rotation-32-4-64],PASSED,
UNRESOLVED,mojo_opset/tests/accuracy/operators/test_position_embedding.py::test_mrope_partial_rotation_inplace[True-False-dtype0-96-mrope_section2-small_head_full_rotation-64-8-16],PASSED,
UNRESOLVED,mojo_opset/tests/accuracy/operators/test_position_embedding.py::test_mrope_partial_rotation_inplace[True-False-dtype0-96-mrope_section2-small_head_full_rotation-64-8-64],PASSED,
UNRESOLVED,mojo_opset/tests/accuracy/operators/test_position_embedding.py::test_mrope_partial_rotation_inplace[True-False-dtype1-128-mrope_section0-partial_rotation_50pct-32-4-16],PASSED,
UNRESOLVED,mojo_opset/tests/accuracy/operators/test_position_embedding.py::test_mrope_partial_rotation_inplace[True-False-dtype1-128-mrope_section0-partial_rotation_50pct-32-4-64],PASSED,
UNRESOLVED,mojo_opset/tests/accuracy/operators/test_position_embedding.py::test_mrope_partial_rotation_inplace[True-False-dtype1-128-mrope_section0-partial_rotation_50pct-64-8-16],PASSED,
UNRESOLVED,mojo_opset/tests/accuracy/operators/test_position_embedding.py::test_mrope_partial_rotation_inplace[True-False-dtype1-128-mrope_section0-partial_rotation_50pct-64-8-64],PASSED,
UNRESOLVED,mojo_opset/tests/accuracy/operators/test_position_embedding.py::test_mrope_partial_rotation_inplace[True-False-dtype1-128-mrope_section1-partial_rotation_75pct-32-4-16],PASSED,
UNRESOLVED,mojo_opset/tests/accuracy/operators/test_position_embedding.py::test_mrope_partial_rotation_inplace[True-False-dtype1-128-mrope_section1-partial_rotation_75pct-32-4-64],PASSED,
UNRESOLVED,mojo_opset/tests/accuracy/operators/test_position_embedding.py::test_mrope_partial_rotation_inplace[True-False-dtype1-128-mrope_section1-partial_rotation_75pct-64-8-16],PASSED,
UNRESOLVED,mojo_opset/tests/accuracy/operators/test_position_embedding.py::test_mrope_partial_rotation_inplace[True-False-dtype1-128-mrope_section1-partial_rotation_75pct-64-8-64],PASSED,
UNRESOLVED,mojo_opset/tests/accuracy/operators/test_position_embedding.py::test_mrope_partial_rotation_inplace[True-False-dtype1-96-mrope_section2-small_head_full_rotation-32-4-16],PASSED,
UNRESOLVED,mojo_opset/tests/accuracy/operators/test_position_embedding.py::test_mrope_partial_rotation_inplace[True-False-dtype1-96-mrope_section2-small_head_full_rotation-32-4-64],PASSED,
UNRESOLVED,mojo_opset/tests/accuracy/operators/test_position_embedding.py::test_mrope_partial_rotation_inplace[True-False-dtype1-96-mrope_section2-small_head_full_rotation-64-8-16],PASSED,
UNRESOLVED,mojo_opset/tests/accuracy/operators/test_position_embedding.py::test_mrope_partial_rotation_inplace[True-False-dtype1-96-mrope_section2-small_head_full_rotation-64-8-64],PASSED,
UNRESOLVED,mojo_opset/tests/accuracy/operators/test_position_embedding.py::test_relative_embedding[64-64-True-8-32],SKIPPED,"No dedicated backend for TorchRelativeEmbedding; both operands resolve to the same implementation, skipping comparison.If you are running tests, check whether the tests are decorated with @bypass_not_implemented."
UNRESOLVED,mojo_opset/tests/accuracy/operators/test_position_embedding.py::test_relative_embedding[64-64-True-8-64],SKIPPED,"No dedicated backend for TorchRelativeEmbedding; both operands resolve to the same implementation, skipping comparison.If you are running tests, check whether the tests are decorated with @bypass_not_implemented."
UNRESOLVED,mojo_opset/tests/accuracy/operators/test_position_embedding.py::test_relative_embedding[64-64-True-16-32],SKIPPED,"No dedicated backend for TorchRelativeEmbedding; both operands resolve to the same implementation, skipping comparison.If you are running tests, check whether the tests are decorated with @bypass_not_implemented."
UNRESOLVED,mojo_opset/tests/accuracy/operators/test_position_embedding.py::test_relative_embedding[64-64-True-16-64],SKIPPED,"No dedicated backend for TorchRelativeEmbedding; both operands resolve to the same implementation, skipping comparison.If you are running tests, check whether the tests are decorated with @bypass_not_implemented."
UNRESOLVED,mojo_opset/tests/accuracy/operators/test_position_embedding.py::test_relative_embedding[64-64-False-8-32],SKIPPED,"No dedicated backend for TorchRelativeEmbedding; both operands resolve to the same implementation, skipping comparison.If you are running tests, check whether the tests are decorated with @bypass_not_implemented."
UNRESOLVED,mojo_opset/tests/accuracy/operators/test_position_embedding.py::test_relative_embedding[64-64-False-8-64],SKIPPED,"No dedicated backend for TorchRelativeEmbedding; both operands resolve to the same implementation, skipping comparison.If you are running tests, check whether the tests are decorated with @bypass_not_implemented."
UNRESOLVED,mojo_opset/tests/accuracy/operators/test_position_embedding.py::test_relative_embedding[64-64-False-16-32],SKIPPED,"No dedicated backend for TorchRelativeEmbedding; both operands resolve to the same implementation, skipping comparison.If you are running tests, check whether the tests are decorated with @bypass_not_implemented."
UNRESOLVED,mojo_opset/tests/accuracy/operators/test_position_embedding.py::test_relative_embedding[64-64-False-16-64],SKIPPED,"No dedicated backend for TorchRelativeEmbedding; both operands resolve to the same implementation, skipping comparison.If you are running tests, check whether the tests are decorated with @bypass_not_implemented."
UNRESOLVED,mojo_opset/tests/accuracy/operators/test_position_embedding.py::test_relative_embedding[128-512-True-8-32],SKIPPED,"No dedicated backend for TorchRelativeEmbedding; both operands resolve to the same implementation, skipping comparison.If you are running tests, check whether the tests are decorated with @bypass_not_implemented."
UNRESOLVED,mojo_opset/tests/accuracy/operators/test_position_embedding.py::test_relative_embedding[128-512-True-8-64],SKIPPED,"No dedicated backend for TorchRelativeEmbedding; both operands resolve to the same implementation, skipping comparison.If you are running tests, check whether the tests are decorated with @bypass_not_implemented."
UNRESOLVED,mojo_opset/tests/accuracy/operators/test_position_embedding.py::test_relative_embedding[128-512-True-16-32],SKIPPED,"No dedicated backend for TorchRelativeEmbedding; both operands resolve to the same implementation, skipping comparison.If you are running tests, check whether the tests are decorated with @bypass_not_implemented."
UNRESOLVED,mojo_opset/tests/accuracy/operators/test_position_embedding.py::test_relative_embedding[128-512-True-16-64],SKIPPED,"No dedicated backend for TorchRelativeEmbedding; both operands resolve to the same implementation, skipping comparison.If you are running tests, check whether the tests are decorated with @bypass_not_implemented."
UNRESOLVED,mojo_opset/tests/accuracy/operators/test_position_embedding.py::test_relative_embedding[128-512-False-8-32],SKIPPED,"No dedicated backend for TorchRelativeEmbedding; both operands resolve to the same implementation, skipping comparison.If you are running tests, check whether the tests are decorated with @bypass_not_implemented."
UNRESOLVED,mojo_opset/tests/accuracy/operators/test_position_embedding.py::test_relative_embedding[128-512-False-8-64],SKIPPED,"No dedicated backend for TorchRelativeEmbedding; both operands resolve to the same implementation, skipping comparison.If you are running tests, check whether the tests are decorated with @bypass_not_implemented."
UNRESOLVED,mojo_opset/tests/accuracy/operators/test_position_embedding.py::test_relative_embedding[128-512-False-16-32],SKIPPED,"No dedicated backend for TorchRelativeEmbedding; both operands resolve to the same implementation, skipping comparison.If you are running tests, check whether the tests are decorated with @bypass_not_implemented."
UNRESOLVED,mojo_opset/tests/accuracy/operators/test_position_embedding.py::test_relative_embedding[128-512-False-16-64],SKIPPED,"No dedicated backend for TorchRelativeEmbedding; both operands resolve to the same implementation, skipping comparison.If you are running tests, check whether the tests are decorated with @bypass_not_implemented."
UNRESOLVED,mojo_opset/tests/accuracy/operators/test_position_embedding.py::test_relative_embedding[33-97-True-8-32],SKIPPED,"No dedicated backend for TorchRelativeEmbedding; both operands resolve to the same implementation, skipping comparison.If you are running tests, check whether the tests are decorated with @bypass_not_implemented."
UNRESOLVED,mojo_opset/tests/accuracy/operators/test_position_embedding.py::test_relative_embedding[33-97-True-8-64],SKIPPED,"No dedicated backend for TorchRelativeEmbedding; both operands resolve to the same implementation, skipping comparison.If you are running tests, check whether the tests are decorated with @bypass_not_implemented."
UNRESOLVED,mojo_opset/tests/accuracy/operators/test_position_embedding.py::test_relative_embedding[33-97-True-16-32],SKIPPED,"No dedicated backend for TorchRelativeEmbedding; both operands resolve to the same implementation, skipping comparison.If you are running tests, check whether the tests are decorated with @bypass_not_implemented."
UNRESOLVED,mojo_opset/tests/accuracy/operators/test_position_embedding.py::test_relative_embedding[33-97-True-16-64],SKIPPED,"No dedicated backend for TorchRelativeEmbedding; both operands resolve to the same implementation, skipping comparison.If you are running tests, check whether the tests are decorated with @bypass_not_implemented."
UNRESOLVED,mojo_opset/tests/accuracy/operators/test_position_embedding.py::test_relative_embedding[33-97-False-8-32],SKIPPED,"No dedicated backend for TorchRelativeEmbedding; both operands resolve to the same implementation, skipping comparison.If you are running tests, check whether the tests are decorated with @bypass_not_implemented."
UNRESOLVED,mojo_opset/tests/accuracy/operators/test_position_embedding.py::test_relative_embedding[33-97-False-8-64],SKIPPED,"No dedicated backend for TorchRelativeEmbedding; both operands resolve to the same implementation, skipping comparison.If you are running tests, check whether the tests are decorated with @bypass_not_implemented."
UNRESOLVED,mojo_opset/tests/accuracy/operators/test_position_embedding.py::test_relative_embedding[33-97-False-16-32],SKIPPED,"No dedicated backend for TorchRelativeEmbedding; both operands resolve to the same implementation, skipping comparison.If you are running tests, check whether the tests are decorated with @bypass_not_implemented."
UNRESOLVED,mojo_opset/tests/accuracy/operators/test_position_embedding.py::test_relative_embedding[33-97-False-16-64],SKIPPED,"No dedicated backend for TorchRelativeEmbedding; both operands resolve to the same implementation, skipping comparison.If you are running tests, check whether the tests are decorated with @bypass_not_implemented."
UNRESOLVED,mojo_opset/tests/accuracy/operators/test_position_embedding.py::test_vision_rotary_embedding_2d[vision_448_27l_20h_h64-grid0],PASSED,
UNRESOLVED,mojo_opset/tests/accuracy/operators/test_position_embedding.py::test_vision_rotary_embedding_2d[vision_448_27l_20h_h64-grid1],PASSED,
UNRESOLVED,mojo_opset/tests/accuracy/operators/test_position_embedding.py::test_vision_rotary_embedding_2d[vision_448_27l_20h_h64-grid2],PASSED,
_vision_rope_apply_kernel,mojo_opset/tests/accuracy/operators/test_position_embedding.py::test_apply_vision_rope_2d[dtype0-vision_448_27l_20h_h64-grid0],PASSED,
UNRESOLVED,mojo_opset/tests/accuracy/operators/test_position_embedding.py::test_apply_vision_rope_2d[dtype0-vision_448_27l_20h_h64-grid1],PASSED,
UNRESOLVED,mojo_opset/tests/accuracy/operators/test_position_embedding.py::test_apply_vision_rope_2d[dtype0-vision_448_27l_20h_h64-grid2],PASSED,
_vision_rope_apply_kernel,mojo_opset/tests/accuracy/operators/test_position_embedding.py::test_apply_vision_rope_2d[dtype1-vision_448_27l_20h_h64-grid0],PASSED,
UNRESOLVED,mojo_opset/tests/accuracy/operators/test_position_embedding.py::test_apply_vision_rope_2d[dtype1-vision_448_27l_20h_h64-grid1],PASSED,
UNRESOLVED,mojo_opset/tests/accuracy/operators/test_position_embedding.py::test_apply_vision_rope_2d[dtype1-vision_448_27l_20h_h64-grid2],PASSED,
static_quant_kernel,mojo_opset/tests/accuracy/operators/test_quantize.py::test_static_quant[quant_dtype0-dtype0-shape0],PASSED,
static_quant_kernel,mojo_opset/tests/accuracy/operators/test_quantize.py::test_static_quant[quant_dtype0-dtype0-shape1],PASSED,
static_quant_kernel,mojo_opset/tests/accuracy/operators/test_quantize.py::test_static_quant[quant_dtype0-dtype0-shape2],PASSED,
static_quant_kernel,mojo_opset/tests/accuracy/operators/test_quantize.py::test_static_quant[quant_dtype0-dtype0-shape3],PASSED,
static_quant_kernel,mojo_opset/tests/accuracy/operators/test_quantize.py::test_static_quant[quant_dtype0-dtype0-shape4],PASSED,
static_quant_kernel,mojo_opset/tests/accuracy/operators/test_quantize.py::test_static_quant[quant_dtype0-dtype0-shape5],PASSED,
static_quant_kernel,mojo_opset/tests/accuracy/operators/test_quantize.py::test_static_quant[quant_dtype0-dtype0-shape6],PASSED,
static_quant_kernel,mojo_opset/tests/accuracy/operators/test_quantize.py::test_static_quant[quant_dtype0-dtype1-shape0],PASSED,
static_quant_kernel,mojo_opset/tests/accuracy/operators/test_quantize.py::test_static_quant[quant_dtype0-dtype1-shape1],PASSED,
static_quant_kernel,mojo_opset/tests/accuracy/operators/test_quantize.py::test_static_quant[quant_dtype0-dtype1-shape2],PASSED,
static_quant_kernel,mojo_opset/tests/accuracy/operators/test_quantize.py::test_static_quant[quant_dtype0-dtype1-shape3],PASSED,
static_quant_kernel,mojo_opset/tests/accuracy/operators/test_quantize.py::test_static_quant[quant_dtype0-dtype1-shape4],PASSED,
static_quant_kernel,mojo_opset/tests/accuracy/operators/test_quantize.py::test_static_quant[quant_dtype0-dtype1-shape5],PASSED,
static_quant_kernel,mojo_opset/tests/accuracy/operators/test_quantize.py::test_static_quant[quant_dtype0-dtype1-shape6],PASSED,
static_quant_kernel,mojo_opset/tests/accuracy/operators/test_quantize.py::test_static_quant_grouped[quant_dtype0-dtype0-shape0-scale_shape0],PASSED,
static_quant_kernel,mojo_opset/tests/accuracy/operators/test_quantize.py::test_static_quant_grouped[quant_dtype0-dtype0-shape1-scale_shape1],PASSED,
static_quant_kernel,mojo_opset/tests/accuracy/operators/test_quantize.py::test_static_quant_grouped[quant_dtype0-dtype0-shape2-scale_shape2],PASSED,
static_quant_kernel,mojo_opset/tests/accuracy/operators/test_quantize.py::test_static_quant_grouped[quant_dtype0-dtype1-shape0-scale_shape0],PASSED,
static_quant_kernel,mojo_opset/tests/accuracy/operators/test_quantize.py::test_static_quant_grouped[quant_dtype0-dtype1-shape1-scale_shape1],PASSED,
static_quant_kernel,mojo_opset/tests/accuracy/operators/test_quantize.py::test_static_quant_grouped[quant_dtype0-dtype1-shape2-scale_shape2],PASSED,
dequant_kernel,mojo_opset/tests/accuracy/operators/test_quantize.py::test_dequant[dtype0-shape0],PASSED,
dequant_kernel,mojo_opset/tests/accuracy/operators/test_quantize.py::test_dequant[dtype0-shape1],PASSED,
dequant_kernel,mojo_opset/tests/accuracy/operators/test_quantize.py::test_dequant[dtype0-shape2],PASSED,
dequant_kernel,mojo_opset/tests/accuracy/operators/test_quantize.py::test_dequant[dtype0-shape3],PASSED,
dequant_kernel,mojo_opset/tests/accuracy/operators/test_quantize.py::test_dequant[dtype0-shape4],PASSED,
dequant_kernel,mojo_opset/tests/accuracy/operators/test_quantize.py::test_dequant[dtype0-shape5],PASSED,
dequant_kernel,mojo_opset/tests/accuracy/operators/test_quantize.py::test_dequant[dtype1-shape0],PASSED,
dequant_kernel,mojo_opset/tests/accuracy/operators/test_quantize.py::test_dequant[dtype1-shape1],PASSED,
dequant_kernel,mojo_opset/tests/accuracy/operators/test_quantize.py::test_dequant[dtype1-shape2],PASSED,
dequant_kernel,mojo_opset/tests/accuracy/operators/test_quantize.py::test_dequant[dtype1-shape3],PASSED,
dequant_kernel,mojo_opset/tests/accuracy/operators/test_quantize.py::test_dequant[dtype1-shape4],PASSED,
dequant_kernel,mojo_opset/tests/accuracy/operators/test_quantize.py::test_dequant[dtype1-shape5],PASSED,
dequant_kernel,mojo_opset/tests/accuracy/operators/test_quantize.py::test_dequant_grouped[dtype0-shape0-scale_shape0],PASSED,
dequant_kernel,mojo_opset/tests/accuracy/operators/test_quantize.py::test_dequant_grouped[dtype0-shape1-scale_shape1],PASSED,
dequant_kernel,mojo_opset/tests/accuracy/operators/test_quantize.py::test_dequant_grouped[dtype0-shape2-scale_shape2],PASSED,
dequant_kernel,mojo_opset/tests/accuracy/operators/test_quantize.py::test_dequant_grouped[dtype1-shape0-scale_shape0],PASSED,
dequant_kernel,mojo_opset/tests/accuracy/operators/test_quantize.py::test_dequant_grouped[dtype1-shape1-scale_shape1],PASSED,
dequant_kernel,mojo_opset/tests/accuracy/operators/test_quantize.py::test_dequant_grouped[dtype1-shape2-scale_shape2],PASSED,
scale_dynamic_quant_kernel,mojo_opset/tests/accuracy/operators/test_quantize.py::test_dynamic_quant[dtype0-shape0],PASSED,
scale_dynamic_quant_kernel,mojo_opset/tests/accuracy/operators/test_quantize.py::test_dynamic_quant[dtype0-shape1],PASSED,
scale_dynamic_quant_kernel,mojo_opset/tests/accuracy/operators/test_quantize.py::test_dynamic_quant[dtype0-shape2],PASSED,
scale_dynamic_quant_kernel,mojo_opset/tests/accuracy/operators/test_quantize.py::test_dynamic_quant[dtype0-shape3],PASSED,
scale_dynamic_quant_kernel,mojo_opset/tests/accuracy/operators/test_quantize.py::test_dynamic_quant[dtype0-shape4],PASSED,
scale_dynamic_quant_kernel,mojo_opset/tests/accuracy/operators/test_quantize.py::test_dynamic_quant[dtype0-shape5],PASSED,
scale_dynamic_quant_kernel,mojo_opset/tests/accuracy/operators/test_quantize.py::test_dynamic_quant[dtype0-shape6],PASSED,
scale_dynamic_quant_kernel,mojo_opset/tests/accuracy/operators/test_quantize.py::test_dynamic_quant[dtype0-shape7],PASSED,
scale_dynamic_quant_kernel,mojo_opset/tests/accuracy/operators/test_quantize.py::test_dynamic_quant[dtype0-shape8],PASSED,
scale_dynamic_quant_kernel,mojo_opset/tests/accuracy/operators/test_quantize.py::test_dynamic_quant[dtype0-shape9],PASSED,
scale_dynamic_quant_kernel,mojo_opset/tests/accuracy/operators/test_quantize.py::test_dynamic_quant[dtype0-shape10],PASSED,
scale_dynamic_quant_kernel,mojo_opset/tests/accuracy/operators/test_quantize.py::test_dynamic_quant[dtype0-shape11],PASSED,
scale_dynamic_quant_kernel,mojo_opset/tests/accuracy/operators/test_quantize.py::test_dynamic_quant[dtype0-shape12],PASSED,
scale_dynamic_quant_kernel,mojo_opset/tests/accuracy/operators/test_quantize.py::test_dynamic_quant[dtype0-shape13],PASSED,
scale_dynamic_quant_kernel,mojo_opset/tests/accuracy/operators/test_quantize.py::test_dynamic_quant[dtype1-shape0],PASSED,
scale_dynamic_quant_kernel,mojo_opset/tests/accuracy/operators/test_quantize.py::test_dynamic_quant[dtype1-shape1],PASSED,
scale_dynamic_quant_kernel,mojo_opset/tests/accuracy/operators/test_quantize.py::test_dynamic_quant[dtype1-shape2],PASSED,
scale_dynamic_quant_kernel,mojo_opset/tests/accuracy/operators/test_quantize.py::test_dynamic_quant[dtype1-shape3],PASSED,
scale_dynamic_quant_kernel,mojo_opset/tests/accuracy/operators/test_quantize.py::test_dynamic_quant[dtype1-shape4],PASSED,
scale_dynamic_quant_kernel,mojo_opset/tests/accuracy/operators/test_quantize.py::test_dynamic_quant[dtype1-shape5],PASSED,
scale_dynamic_quant_kernel,mojo_opset/tests/accuracy/operators/test_quantize.py::test_dynamic_quant[dtype1-shape6],PASSED,
scale_dynamic_quant_kernel,mojo_opset/tests/accuracy/operators/test_quantize.py::test_dynamic_quant[dtype1-shape7],PASSED,
scale_dynamic_quant_kernel,mojo_opset/tests/accuracy/operators/test_quantize.py::test_dynamic_quant[dtype1-shape8],PASSED,
scale_dynamic_quant_kernel,mojo_opset/tests/accuracy/operators/test_quantize.py::test_dynamic_quant[dtype1-shape9],PASSED,
scale_dynamic_quant_kernel,mojo_opset/tests/accuracy/operators/test_quantize.py::test_dynamic_quant[dtype1-shape10],PASSED,
scale_dynamic_quant_kernel,mojo_opset/tests/accuracy/operators/test_quantize.py::test_dynamic_quant[dtype1-shape11],PASSED,
scale_dynamic_quant_kernel,mojo_opset/tests/accuracy/operators/test_quantize.py::test_dynamic_quant[dtype1-shape12],PASSED,
scale_dynamic_quant_kernel,mojo_opset/tests/accuracy/operators/test_quantize.py::test_dynamic_quant[dtype1-shape13],PASSED,
scale_dynamic_quant_kernel,mojo_opset/tests/accuracy/operators/test_quantize.py::test_moe_dynamic_quant[dtype0-8-128-token_count0],PASSED,
scale_dynamic_quant_kernel,mojo_opset/tests/accuracy/operators/test_quantize.py::test_moe_dynamic_quant[dtype0-12-256-token_count1],PASSED,
scale_dynamic_quant_kernel,mojo_opset/tests/accuracy/operators/test_quantize.py::test_moe_dynamic_quant[dtype0-18-512-token_count2],PASSED,
scale_dynamic_quant_kernel,mojo_opset/tests/accuracy/operators/test_quantize.py::test_moe_dynamic_quant[dtype0-21-1024-token_count3],PASSED,
scale_dynamic_quant_kernel,mojo_opset/tests/accuracy/operators/test_quantize.py::test_moe_dynamic_quant[dtype0-32-2048-token_count4],PASSED,
UNRESOLVED,mojo_opset/tests/accuracy/operators/test_quantize.py::test_moe_dynamic_quant[dtype1-8-128-token_count0],PASSED,
UNRESOLVED,mojo_opset/tests/accuracy/operators/test_quantize.py::test_moe_dynamic_quant[dtype1-12-256-token_count1],PASSED,
UNRESOLVED,mojo_opset/tests/accuracy/operators/test_quantize.py::test_moe_dynamic_quant[dtype1-18-512-token_count2],PASSED,
UNRESOLVED,mojo_opset/tests/accuracy/operators/test_quantize.py::test_moe_dynamic_quant[dtype1-21-1024-token_count3],PASSED,
UNRESOLVED,mojo_opset/tests/accuracy/operators/test_quantize.py::test_moe_dynamic_quant[dtype1-32-2048-token_count4],PASSED,
UNRESOLVED,mojo_opset/tests/accuracy/operators/test_quantize.py::test_dequant_swiglu_quant[12-64-token_count0],PASSED,
UNRESOLVED,mojo_opset/tests/accuracy/operators/test_quantize.py::test_dequant_swiglu_quant[20-128-token_count1],PASSED,
UNRESOLVED,mojo_opset/tests/accuracy/operators/test_quantize.py::test_dequant_swiglu_quant[24-256-token_count2],PASSED,
UNRESOLVED,mojo_opset/tests/accuracy/operators/test_quantize.py::test_dequant_swiglu_quant[30-512-token_count3],PASSED,
_top_k_sample_kernel,mojo_opset/tests/accuracy/operators/test_sampling.py::test_topk_sampling[shape0-10-1],PASSED,
_top_p_sample_kernel,mojo_opset/tests/accuracy/operators/test_sampling.py::test_topp_sampling[shape0-1000-0.75-1],PASSED,
_top_p_filter_kernel,mojo_opset/tests/accuracy/operators/test_sampling.py::test_topp_filter[shape0-1000-0.75-1],PASSED,
_top_p_filter_kernel,mojo_opset/tests/accuracy/operators/test_sampling.py::test_topp_filter[shape1-100-0.7-1],PASSED,
_reject_sampler_kernel,mojo_opset/tests/accuracy/operators/test_sampling.py::test_reject_sampler[15-155136-3],PASSED,
_join_prob_reject_sampler_kernel,mojo_opset/tests/accuracy/operators/test_sampling.py::test_join_prob_reject_sampler[15-155136-3],PASSED,
_fused_penalty_temp_kernel,mojo_opset/tests/accuracy/operators/test_sampling.py::test_apply_penalties_temp[shape0],PASSED,
_store_label_cache_triton_kernel,mojo_opset/tests/accuracy/operators/test_store_lowrank.py::test_store_lowrank[1024-shape_label_cache0-shape_key_lr0],PASSED,
_store_label_cache_triton_kernel,mojo_opset/tests/accuracy/operators/test_store_lowrank.py::test_store_lowrank[1024-shape_label_cache1-shape_key_lr1],PASSED,
_store_label_cache_triton_kernel,mojo_opset/tests/accuracy/operators/test_store_lowrank.py::test_store_lowrank[2048-shape_label_cache0-shape_key_lr0],PASSED,
_store_label_cache_triton_kernel,mojo_opset/tests/accuracy/operators/test_store_lowrank.py::test_store_lowrank[2048-shape_label_cache1-shape_key_lr1],PASSED,
_store_label_cache_triton_kernel,mojo_opset/tests/accuracy/operators/test_store_lowrank.py::test_store_lowrank[4096-shape_label_cache0-shape_key_lr0],PASSED,
_store_label_cache_triton_kernel,mojo_opset/tests/accuracy/operators/test_store_lowrank.py::test_store_lowrank[4096-shape_label_cache1-shape_key_lr1],PASSED,
_store_label_cache_triton_kernel,mojo_opset/tests/accuracy/operators/test_store_lowrank.py::test_store_lowrank[8192-shape_label_cache0-shape_key_lr0],PASSED,
_store_label_cache_triton_kernel,mojo_opset/tests/accuracy/operators/test_store_lowrank.py::test_store_lowrank[8192-shape_label_cache1-shape_key_lr1],PASSED,
_store_label_cache_triton_kernel,mojo_opset/tests/accuracy/operators/test_store_lowrank.py::test_store_lowrank[13312-shape_label_cache0-shape_key_lr0],PASSED,
_store_label_cache_triton_kernel,mojo_opset/tests/accuracy/operators/test_store_lowrank.py::test_store_lowrank[13312-shape_label_cache1-shape_key_lr1],PASSED,
